Close,High,Low,Open,Volume,Daily_Return,Price_Change,High_Low_Spread,Open_Close_Spread,MA_5,MA_10,MA_20,MA_50,Volatility,EMA_20,Momentum_5,Momentum_10,Momentum_20,Volume_Change,Volume_MA_5,Return_Lag_1,Return_Lag_2,Return_Lag_3,Return_Lag_5,Return_5D,Return_10D,Return_20D,Price_MA5_Ratio,Price_MA20_Ratio,Price_MA50_Ratio,RSI,Future_Return
67.04511260986328,67.51544677339488,61.01040024313374,63.89027874713733,370732000,0.11980850548557576,7.173168182373047,6.505046530261147,3.154833862725951,65.27425155639648,68.16088066101074,70.58187923431396,73.66985389709473,0.055298613473349995,69.64659826406579,-2.6676101684570312,1.1119232177734375,-11.312080383300781,-0.11408594082308576,323367920.0,-0.09875493801965629,-0.03473022693285355,0.07202128467431912,-0.013280359190947832,-0.0382657578436546,0.016864393001847278,-0.14436556429845127,1.0271295497266144,0.9498912941562592,0.9100752758857759,45.068581965308816,-0.1377080374100291
58.41996383666992,62.488927074911565,57.88692016083435,58.35725065107087,322423600,-0.1286469428932614,-8.62514877319336,4.602006914077215,0.06271318559905126,64.11844177246094,66.79571304321288,69.58405456542968,73.39282241821289,0.06163873459290316,68.57739498526618,-5.779048919677734,-13.651676177978516,-19.956493377685547,-0.1303054497588555,330503680.0,0.11980850548557576,-0.09875493801965629,-0.03473022693285355,-0.07909187594789147,-0.09001772257169693,-0.1894181424927175,-0.25462357048246764,0.911125757609435,0.8395596405170355,0.795990151513408,40.05289581505438,0.043030812290832623
60.98869323730469,62.13436816241869,57.5010047474182,59.69829586216656,324056000,0.043970061464200905,2.5687294006347656,4.633363415000488,1.2903973751381272,62.551638793945315,65.91631469726562,68.78642120361329,73.18121826171875,0.06290476878208706,67.85466148546033,-7.834014892578125,-8.793983459472656,-15.952667236328125,0.005062904824584713,338256880.0,-0.1286469428932614,0.11980850548557576,-0.09875493801965629,0.07202128467431912,-0.11382892515350751,-0.12601957786292217,-0.20733539331937045,0.9750135154445879,0.8866385570020179,0.8333927021984,41.593073535210415,-0.024784499257333635
59.495697021484375,60.298878525080625,57.192279125756,57.83144944633274,300233600,-0.024479885312694294,-1.4929962158203125,3.1065993993246224,1.6642475751516344,61.1642822265625,64.56393280029297,67.85842247009278,72.92834838867188,0.0627206434214852,67.05856963174833,-6.9367828369140625,-13.523818969726562,-18.559974670410156,-0.07351321993729476,347183840.0,0.043970061464200905,-0.1286469428932614,0.11980850548557576,-0.03473022693285355,-0.10441854423769659,-0.1852082800898649,-0.23777868114018763,0.9727196143838096,0.8767621594461011,0.8158102896339001,43.998924829399385,-0.007691444269467127
59.03984451293945,60.98387999380854,58.51645062811715,59.66936502516386,271857200,-0.007661940801875322,-0.4558525085449219,2.4674293656913946,-0.6295205122244099,60.99786224365234,63.40281791687012,66.94766864776611,72.67314643859864,0.06272628108567022,66.29488152519511,-0.8320999145507812,-11.611148834228516,-18.215076446533203,-0.09451440478347528,317860480.0,-0.024479885312694294,0.043970061464200905,-0.1286469428932614,-0.09875493801965629,-0.01389799383513457,-0.1643451604023901,-0.23577885033483748,0.9679002237342073,0.8818805151164809,0.8124024816074542,43.66130496125714,-0.06559052669545111
55.291656494140625,60.74026183260014,54.99257275597992,59.6187005747609,401693200,-0.06348573661940049,-3.748188018798828,5.747689076620219,-4.327044080620276,58.64717102050781,61.960711288452146,65.93693943023682,72.31988136291504,0.06376504491549767,65.24695533176136,-11.753456115722656,-14.421066284179688,-20.214584350585938,0.4775889695031068,324052720.0,-0.007661940801875322,-0.024479885312694294,0.043970061464200905,0.11980850548557576,-0.17530668020674722,-0.2068641950772354,-0.26772070923456315,0.9427847163302416,0.8385535781902766,0.7645429645642874,33.86069772363503,-0.021473075978424315
54.11703109741211,55.11316965220814,51.28057345030364,55.011867987706175,336752800,-0.021244170842539156,-1.1746253967285156,3.832596201904501,-0.8948368902940658,57.78658447265625,60.95251312255859,65.04680824279785,71.91213104248047,0.06329730629043308,64.18696254753762,-4.3029327392578125,-10.081981658935547,-17.802623748779297,-0.1616666650070253,326918560.0,-0.06348573661940049,-0.007661940801875322,-0.024479885312694294,-0.1286469428932614,-0.07365517635868313,-0.15704262769895472,-0.24753488857604067,0.9364981784486585,0.8319705848657699,0.7525438380548575,34.6024292186533,0.09560590475491924
59.54634094238281,59.74170869121859,56.512101379550025,57.00896347667582,287531200,0.10032534554968109,5.429309844970703,3.229607311668566,2.537377465706996,57.498114013671874,60.02487640380859,64.54994430541993,71.60959838867187,0.06783091202784274,63.74499858514192,-1.442352294921875,-9.2763671875,-9.937278747558594,-0.1461653770956025,319613600.0,-0.021244170842539156,-0.06348573661940049,-0.007661940801875322,0.043970061464200905,-0.023649503184299037,-0.13478643080992336,-0.14301613519707201,1.0356225063003617,0.9224847764490327,0.8315413335958971,37.30454369193355,-0.00552378438284336
59.218326568603516,62.288744583804295,58.92406773248229,60.479778138969706,303602000,-0.005508556337604054,-0.3280143737792969,3.3646768513220024,-1.2614515703661908,57.442639923095705,59.3034610748291,63.981567573547366,71.26859886169433,0.06764469089530056,63.31388696451921,-0.2773704528808594,-7.214153289794922,-11.367534637451172,0.05589236924549401,320287280.0,0.10032534554968109,-0.021244170842539156,-0.06348573661940049,-0.024479885312694294,-0.004662025436574013,-0.10859376776498442,-0.16104549045972527,1.0309123439989023,0.9255529180420835,0.8309175080532187,38.79643983825331,0.05128507145832842
62.33456802368164,62.39245259049927,59.420925829165725,59.45951799394508,252087200,0.052622923267985344,3.116241455078125,2.9715267613335428,2.8750500297365633,58.10158462524414,59.54972343444824,63.79970588684082,71.01052108764648,0.06739165053065259,63.22061849396325,3.2947235107421875,2.4626235961914062,-3.6372337341308594,-0.16967872411907692,316333280.0,-0.005508556337604054,0.10032534554968109,-0.021244170842539156,-0.007661940801875322,0.05580508448019539,0.041131511924985986,-0.055133157458445936,1.0728548700649094,0.9770353508250047,0.8778215828995772,43.06570180487455,-0.04228399654111171
59.753761291503906,61.714677770573346,59.587335844421716,60.96214915456739,204216800,-0.04140249646387628,-2.5808067321777344,2.1273419261516295,-1.2083878630634857,58.994005584716795,58.82058830261231,63.49073448181152,70.70727645874024,0.06800416033148579,62.89044161753855,4.462104797363281,-7.291351318359375,-6.1794281005859375,-0.1898961946501052,276838000.0,0.052622923267985344,-0.005508556337604054,0.10032534554968109,-0.06348573661940049,0.08070123198128698,-0.1087529132926941,-0.09372257216071056,1.0128785238306304,0.9411414402304928,0.8450864505631464,45.57840758988123,0.028138450895243482
61.45901870727539,61.63026911474741,60.154150297630075,60.477355032834254,167976400,0.02853807658153129,1.7052574157714844,1.4761188171173387,0.9816636744411369,60.46240310668945,59.124493789672854,62.96010341644287,70.41936805725098,0.06466703830650081,62.75411562608492,7.341987609863281,3.0390548706054688,-10.612621307373047,-0.17746042441170362,243082720.0,-0.04140249646387628,0.052622923267985344,-0.005508556337604054,-0.021244170842539156,0.13566870652322938,0.052020827659223334,-0.14725100337963792,1.016483228409353,0.9761581600455972,0.8727573166704532,42.22404532671387,-0.00204285047685645
61.333595275878906,63.31139742053906,60.78125926146835,61.649564437343955,197002000,-0.0020407652779792507,-0.12542343139648438,2.5301381590707095,-0.3159691614650484,60.819853973388675,59.15898399353027,62.53764934539795,70.11215538024902,0.0643833597205424,62.61882797368435,1.7872543334960938,0.34490203857421875,-8.449081420898438,0.1727957022534119,224976880.0,0.02853807658153129,-0.04140249646387628,0.052622923267985344,0.10032534554968109,0.030014511474776295,0.005655180005779359,-0.12107706125420992,1.0084469341658566,0.9807467328541722,0.8747926082608625,44.34516572129067,-0.05405167241979886
58.106414794921875,59.990151255793265,57.67708705496906,59.454696896013616,176218400,-0.05261684834292124,-3.2271804809570312,2.3130642008242077,-1.3482821010917405,60.59747161865234,59.02005577087402,61.7919942855835,69.75079429626464,0.06407397895265608,62.18907433761173,-1.1119117736816406,-1.3892822265625,-14.913101196289062,-0.10549943655394356,199500160.0,-0.0020407652779792507,0.02853807658153129,-0.04140249646387628,-0.005508556337604054,-0.018776480831377618,-0.02335096983670637,-0.20423445696468456,0.9588917366155636,0.9403550648708955,0.8330573921225387,47.88564097208536,0.01654894515660036
59.07601547241211,59.1290787799157,57.139215789585435,57.968928946530895,165934000,0.016686637454957465,0.9696006774902344,1.9898629903302663,1.1070865258812148,59.945761108398436,59.023672866821286,61.2132453918457,69.40338714599609,0.06408614680762462,61.89259254092605,-3.2585525512695312,0.03617095947265625,-11.57497787475586,-0.05836166938299292,182269520.0,-0.05261684834292124,-0.0020407652779792507,0.02853807658153129,0.052622923267985344,-0.05227520867765645,0.0006126533660624212,-0.1638331936520443,0.985491123644029,0.9650854989675438,0.8511978723479381,38.79087809011958,-0.014475630801113847
58.227012634277344,59.26173981825206,57.63849496380713,58.562274267163026,129880000,-0.014371362579983726,-0.8490028381347656,1.623244854444927,-0.33526163288568256,59.640411376953125,59.317208480834964,60.638959884643555,69.03163681030273,0.06409228410977282,61.54348969267379,-1.5267486572265625,2.9353561401367188,-11.485710144042969,-0.21727915918377183,167402160.0,0.016686637454957465,-0.05261684834292124,-0.0020407652779792507,-0.04140249646387628,-0.02555067035493286,0.05308859105076347,-0.1647577326819727,0.9763013247218821,0.9602244620462723,0.8434830075706269,49.6526059328349,0.08363994530364803
63.306583404541016,63.4609446975246,60.14933518159841,60.51594969304915,201820400,0.0872373584090318,5.079570770263672,3.311609515926193,2.7906337114918642,60.00992431640625,60.23616371154785,60.59433841705322,68.76590553283691,0.06503028185578254,61.71140337951829,1.847564697265625,9.189552307128906,-0.8924293518066406,0.5538989836772406,174170960.0,-0.014371362579983726,0.016686637454957465,-0.05261684834292124,0.02853807658153129,0.03006173440655524,0.1698088775525668,-0.013900982483852964,1.054935231558582,1.044760699734358,0.9206100452543452,53.827165968172125,-0.011649996285328135
62.573341369628906,65.53281460871749,62.46962908019549,65.31573278898928,202887200,-0.011582397840467107,-0.7332420349121094,3.0631855285219984,-2.7423914193603736,60.25787353515625,60.53886375427246,60.28187007904053,68.53055397033691,0.06289800324924617,61.79349271190978,1.23974609375,3.0270004272460938,-6.249366760253906,0.005285887848800241,175348000.0,0.0872373584090318,-0.014371362579983726,0.016686637454957465,-0.0020407652779792507,0.020213165202098704,0.05083436495577498,-0.09080384846902634,1.0384259798534334,1.0380126112143475,0.9130721662736514,55.21240330591498,0.025272184820213588
64.17485809326172,64.48840915065348,63.00747330878449,63.37167333621974,168895200,0.025594233719635318,1.6015167236328125,1.480935841868991,0.8031847570419757,61.471562194824216,61.03451690673828,60.16898899078369,68.2851717376709,0.0627357977567651,62.02028941489568,6.068443298339844,4.956531524658203,-2.2576217651367188,-0.1675413727430809,173883360.0,-0.011582397840467107,0.0872373584090318,-0.014371362579983726,-0.05261684834292124,0.10443671872989468,0.08369928385119318,-0.033983704506423185,1.0439763656871097,1.0665769721191696,0.9398066441100911,58.37194615984448,0.007190493055135484
64.63796997070312,65.13966065726305,63.84444219472263,64.80922404965942,161834800,0.007216406723773217,0.46311187744140625,1.2952184625404186,-0.17125407895629507,62.583953094482425,61.26485710144043,60.40729026794433,68.01704872131347,0.0582581432410625,62.26959232497258,5.561954498291016,2.3034019470214844,4.766025543212891,-0.04180343787153218,173063520.0,0.025594233719635318,-0.011582397840467107,0.0872373584090318,0.016686637454957465,0.09414911371076462,0.03695224046706147,0.07960365391147328,1.032820184322965,1.0700359126190409,0.9503201209970833,67.0659646956423,0.01943728868611198
65.90664672851562,66.01518760885351,64.11697352191898,64.71514079715692,131022800,0.019627422680315032,1.2686767578125,1.89821408693453,1.191505931358705,64.11987991333008,61.8801456451416,60.35036697387695,67.77656089782715,0.05186374689325332,62.61597845864335,7.679634094238281,6.152885437011719,-1.1384658813476562,-0.1903916833709437,173292080.0,0.007216406723773217,0.025594233719635318,-0.011582397840467107,-0.014371362579983726,0.13189126054729794,0.10297068007142451,-0.016980594662767023,1.0278660349582796,1.0920670417305622,0.9724106070809581,71.45364261350156,0.04926921019210788
69.23513793945312,69.52457536922498,67.0643792982631,67.53471328146745,194994800,0.050503118822723625,3.3284912109375,2.460196070961871,1.7004246579856783,65.3055908203125,62.65775756835937,60.89112567901611,67.67175025939942,0.04313117199445608,63.24637459967285,5.928554534912109,7.776119232177734,10.815174102783203,0.4882508998433861,171926960.0,0.019627422680315032,0.007216406723773217,0.025594233719635318,0.0872373584090318,0.09364830979785355,0.1265252748211747,0.18512805199640625,1.0601716800932515,1.1370316637669333,1.0231025158069789,69.09037037660613,-0.009168840622315814
68.60323333740234,69.06150330884216,67.6866933945227,68.11360677368938,131154400,-0.009126934976332213,-0.6319046020507812,1.3748099143194565,0.4896265637129602,66.51156921386719,63.38472137451172,61.271852684021,67.55839256286622,0.04252087426547721,63.75655162231375,6.0298919677734375,7.2696380615234375,7.614540100097656,-0.3273953972105923,157580400.0,0.050503118822723625,0.019627422680315032,0.007216406723773217,-0.011582397840467107,0.09636519060336068,0.11852620132285674,0.12485166833251804,1.0314481247136034,1.1196533209333375,1.0154657435575285,68.27277433519538,0.007914250558582744
69.14833068847656,69.51253820784274,68.10154321976958,69.31475615357093,157125200,0.007945651021918021,0.5450973510742188,1.4109949880731563,-0.1664254650943633,67.50626373291016,64.4889129638672,61.75448436737061,67.4068968963623,0.04188114331308411,64.27005439051973,4.973472595214844,11.041915893554688,9.652633666992188,0.19801699371122883,155226400.0,-0.009126934976332213,0.050503118822723625,0.019627422680315032,0.025594233719635318,0.07749877043728204,0.19002920645724775,0.16224087035246515,1.0243246606279868,1.1197297070301937,1.0258346530146865,64.74273484591494,-0.013661630618597376
68.21007537841797,69.21104245877268,66.7773737102237,68.66593834588957,215250000,-0.013568734063669208,-0.9382553100585938,2.433668748548982,-0.45586296747160304,68.22068481445312,65.40231895446777,62.21299591064453,67.22412406921387,0.04202068943804301,64.64529448460527,3.5721054077148438,9.13405990600586,9.170230865478516,0.36992665721348317,165909440.0,0.007945651021918021,-0.009126934976332213,0.050503118822723625,0.007216406723773217,0.0552632672302964,0.15461536857155456,0.1553227475636174,0.9998444835893394,1.0963959278924125,1.0146666293217739,69.69669129080353,-0.02097516623345076
66.79425811767578,67.93993657233999,66.77496571925322,67.04028220194732,130015200,-0.020756717433421223,-1.4158172607421875,1.1649708530867713,-0.24602408427153932,68.39820709228516,66.25904350280761,62.78812599182129,66.99493965148926,0.039181570187463634,64.84995768775484,0.8876113891601562,8.567245483398438,11.502601623535156,-0.39598048780487805,165707920.0,-0.013568734063669208,0.007945651021918021,-0.009126934976332213,0.019627422680315032,0.013467706721848938,0.14713524008537293,0.20803503372618448,0.976549838909589,1.0638039766687148,0.9970045269858077,62.59684277555462,-0.03139830723525824
64.7296142578125,66.87143078398917,64.02049912791077,66.6374709301005,180991600,-0.03091049916634847,-2.0646438598632812,2.8509316560784015,-1.9078566722880055,67.49710235595703,66.40134658813477,63.31875514984131,66.7457364654541,0.03964676554963548,64.83849640871271,-4.505523681640625,1.4230308532714844,10.61258316040039,0.3920803106098363,162907280.0,-0.020756717433421223,-0.013568734063669208,0.007945651021918021,0.050503118822723625,-0.06507568000486619,0.022478402351585602,0.19610431217665014,0.9589984162053399,1.0222818516351506,0.9697939926292506,57.34556706134741,0.02839695690940874
66.59408569335938,67.02823469257027,65.65342462126695,65.99350383291697,116862400,0.028803994229300356,1.864471435546875,1.3748100713033153,0.6005818604424036,67.09527282714843,66.80342102050781,63.671142387390134,66.52649040222168,0.03384534812012076,65.00569538820288,-2.0091476440429688,4.020744323730469,7.0477447509765625,-0.354321416021517,160048880.0,-0.03091049916634847,-0.020756717433421223,-0.013568734063669208,-0.009126934976332213,-0.02928648616547913,0.06425650661644244,0.1183573102803408,0.9925302169188547,1.0459068770619093,1.001016065791672,69.50883503515286,-0.0038834010630807276
66.33597564697266,67.9568091535092,66.29738349673369,66.53857891520222,124814400,-0.0038758704125050336,-0.25811004638671875,1.659425656775511,-0.20260326822956642,66.53280181884766,67.0195327758789,64.02702484130859,66.31143989562989,0.03381771953216246,65.13238874618095,-2.8123550415039062,2.1611175537109375,7.117649078369141,0.06804583852462387,153586720.0,0.028803994229300356,-0.03091049916634847,-0.020756717433421223,0.007945651021918021,-0.040671336726463836,0.033675455122476494,0.12019335045078416,0.9970416671702642,1.036062128630634,1.000370007820391,67.25118931053618,0.02846071484567795
68.25106811523438,68.26071799300543,66.81113116713207,66.85937319528729,126161200,0.02886959073992479,1.9150924682617188,1.4495868258733537,1.391694919947085,66.54100036621094,67.38084259033204,64.32284984588622,66.09807792663574,0.03249370724319407,65.42940582894795,0.04099273681640625,3.61309814453125,5.916500091552734,0.010790421618018353,135768960.0,-0.0038758704125050336,0.028803994229300356,-0.03091049916634847,-0.013568734063669208,0.0006009777380977521,0.055897456961734315,0.09491523369994304,1.02569945957548,1.0610703393702228,1.032572659540695,72.67065023086957,0.000706785555997066
68.29932403564453,68.62976064968919,67.52267433285353,67.96888006089833,117087600,0.0007070353877638436,0.04825592041015625,1.1070863168356624,0.3304439747462027,66.84201354980469,67.62011032104492,64.75012798309326,65.89692054748535,0.03063736501882415,65.70273137244286,1.50506591796875,2.3926773071289062,8.545562744140625,-0.07192068559905895,133183440.0,0.02886959073992479,-0.0038758704125050336,0.028803994229300356,-0.020756717433421223,0.022532863757797505,0.036304036480339974,0.14301296787748274,1.0218023127737466,1.0548137303061083,1.036456991741033,64.61858694338565,-0.016342136806084952
67.1922378540039,68.94090519524222,67.10058974876348,68.76000857373481,112004800,-0.016209328529559808,-1.107086181640625,1.8403154464787406,-1.5677707197309019,67.33453826904297,67.4158203125,65.03678894042969,65.67323616027832,0.03062667120584996,65.84458913259152,2.4626235961914062,-2.0429000854492188,5.733219146728516,-0.04341023302211333,119386080.0,0.0007070353877638436,0.02886959073992479,-0.0038758704125050336,-0.03091049916634847,0.03804477478242019,-0.029506694812044043,0.0932852373389721,0.9978866653177233,1.0331419946877836,1.023129691523323,63.23425769343096,0.03231728386369194
69.39917755126953,69.86709736755677,68.47298779881385,68.67559111709774,137280800,0.03284515842530644,2.206939697265625,1.3941095687429197,0.7235864341717928,67.895556640625,67.49541473388672,65.44006805419922,65.52239250183105,0.03119827306770225,66.1831213629418,2.8050918579101562,0.7959442138671875,8.065582275390625,0.22566889990428973,123469760.0,-0.016209328529559808,0.0007070353877638436,0.02886959073992479,0.028803994229300356,0.0421222369630021,0.011602138487447178,0.1315034972124427,1.0221460870937884,1.0604997765862847,1.0591673304562275,64.46702695393873,0.02087695721107173
70.86325073242188,71.03932613647548,69.54873938118598,69.93706068950303,183064000,0.02109640535827295,1.4640731811523438,1.490586755289499,0.9261900429188472,68.80101165771484,67.66690673828126,66.07790985107422,65.3785440826416,0.028020328786280985,66.62884796955896,4.527275085449219,1.7149200439453125,12.7568359375,0.33350038752687916,135119680.0,0.03284515842530644,-0.016209328529559808,0.0007070353877638436,-0.0038758704125050336,0.06824765960393053,0.024800599332922113,0.21954264400106926,1.0299739644086439,1.0724196768955436,1.0838915385274923,66.33339044962264,-0.0162307037868161
69.72237396240234,72.11744313333922,68.94572428038448,69.04220099303798,240616800,-0.016099695656461743,-1.1408767700195312,3.17171885295474,0.6801729693643637,69.09527282714843,67.8181365966797,66.61022777557373,65.2278931427002,0.02858269859734539,66.9234694926869,1.4713058471679688,1.512298583984375,10.646358489990234,0.31438622558231,158010800.0,0.02109640535827295,0.03284515842530644,-0.016209328529559808,0.02886959073992479,0.021557257458356904,0.022171190628281767,0.18021456601049834,1.0090758905724664,1.046721746655997,1.0689042770378845,60.07898989027749,0.014049753769167554
70.70886993408203,70.83670324791197,69.05909368437592,69.74650229526233,133568000,0.014148915414321062,0.9864959716796875,1.7776095635360463,0.9623676388196998,69.57718200683594,68.20959777832032,67.23432064056396,65.13194572448731,0.02807821074164647,67.28398382043882,2.4095458984375,3.91461181640625,12.481857299804688,-0.4448932909090304,161306880.0,-0.016099695656461743,0.02109640535827295,0.03284515842530644,0.0007070353877638436,0.035279205650410095,0.05860701094261156,0.21436540765371181,1.0162652164776507,1.0516782092897625,1.0856250208336398,54.44239864919252,0.014897404338123242
71.77013397216797,72.59984709930193,71.02242643355622,71.16714520888473,147751200,0.01500892376126628,1.0612640380859375,1.5774206657457057,0.6029887632832356,70.49276123046874,68.91364974975586,67.65749816894531,65.12895530700683,0.021515930474535087,67.7112362158416,4.5778961181640625,7.040519714355469,8.463550567626953,0.10618711068519415,168456160.0,0.014148915414321062,-0.016099695656461743,0.02109640535827295,-0.016209328529559808,0.06813132386081522,0.10876813951514808,0.13369147586978847,1.0181206228753472,1.0607861052289154,1.101969678983115,59.305393152031215,0.010264396944764772
72.51060485839844,73.14012158473827,72.0860984199546,72.4695983843977,142333600,0.010317256569670308,0.7404708862304688,1.054023164783672,0.041006474000738535,71.11504669189453,69.50530166625977,68.15436134338378,65.18949501037598,0.021099850704532772,68.16831894370415,3.1114273071289062,5.9165191650390625,9.937263488769531,-0.036667045682200916,169466720.0,0.01500892376126628,0.014148915414321062,-0.016099695656461743,0.03284515842530644,0.04483377781862474,0.08884451379484948,0.15880985849978524,1.0196239506464806,1.0639173110737035,1.1123050553905531,59.76732186993571,0.010291750675367136
73.2607192993164,73.6056344607325,72.83380591134457,73.13530028833947,115215200,0.010344892893705993,0.7501144409179688,0.7718285493879335,0.12541901097694108,71.59454040527343,70.19777603149414,68.60865440368653,65.24299217224122,0.02068713439954281,68.65330945376246,2.3974685668945312,6.92474365234375,9.085861206054688,-0.19052704350905192,155896960.0,0.010317256569670308,0.01500892376126628,0.014148915414321062,0.02109640535827295,0.03383232553001725,0.10438896217032978,0.14157976310365528,1.023272429498273,1.0678058028693813,1.1228902424632583,64.83414391045349,0.023522740137424315
75.00444030761719,75.05764724717811,73.5920466345589,73.91854342819974,133838400,0.02380158187058723,1.7437210083007812,1.4656006126192125,1.0858968794174473,72.65095367431641,70.87311325073242,69.12697792053223,65.4236449432373,0.02103236723921805,69.25817905889149,5.282066345214844,6.7533721923828125,10.366470336914062,0.16163839493400167,134541280.0,0.010344892893705993,0.010317256569670308,0.01500892376126628,-0.016099695656461743,0.0757585556117637,0.0989489597581168,0.16037741193933863,1.0323944355066708,1.0850241477913536,1.1464423966700776,73.65826397533142,0.015612738544834371
76.18465423583984,76.67801957612704,74.30548775527488,74.51348118277441,145946400,0.015735254118052433,1.1802139282226562,2.37253182085216,1.6711730530654307,73.74611053466796,71.66164627075196,69.64087829589843,65.6286742401123,0.020933714897311835,69.917843361458,5.4757843017578125,7.8853302001953125,10.278007507324219,0.09046730983036255,137016960.0,0.02380158187058723,0.010344892893705993,0.010317256569670308,0.014148915414321062,0.07744126453813482,0.1154525364860135,0.15594796606268946,1.0330667432287908,1.0939645808620828,1.1608440231034824,84.78141315714004,-0.011493872919946831
75.31401062011719,77.31651506334359,75.19308642093533,76.86667320446085,162301200,-0.011428070711293925,-0.8706436157226562,2.123428642408257,-1.5526625843436648,74.45488586425782,72.47382354736328,69.94482192993163,65.69352165222168,0.018695365129421028,70.43176405275888,3.5438766479492188,8.121772766113281,6.0788726806640625,0.11206031803456606,139926960.0,0.015735254118052433,0.02380158187058723,0.010344892893705993,0.01500892376126628,0.04937815288631775,0.1208736756730795,0.0878003982021398,1.0115388633786329,1.076763204795406,1.1464450181073549,78.17722190556395,-0.012147873366658629
74.4046401977539,76.4119858446997,73.33083297953847,75.49295772589451,200622400,-0.012074385826431833,-0.9093704223632812,3.081152865161229,-1.0883175281406068,74.83369293212891,72.97436981201172,70.23489227294922,65.78596092224122,0.01881867270116157,70.81013320942508,1.8940353393554688,5.005462646484375,5.8014068603515625,0.2361116245597692,151584720.0,-0.011428070711293925,0.015735254118052433,0.02380158187058723,0.010317256569670308,0.02612080457822974,0.07212567674575854,0.08456462732331094,0.9942665834390381,1.0593686099581396,1.1310109201824983,75.01970677828005,0.006124842776616307
74.86175537109375,74.92221747074527,72.92454733645849,73.6452582213304,158929200,0.00614363797909534,0.45711517333984375,1.9976701342867784,1.2164971497633559,75.15390014648438,73.37422027587891,70.52056350708008,65.82280570983886,0.018804280381318466,71.19600198672684,1.6010360717773438,3.998504638671875,5.7134246826171875,-0.2078192664428299,160327520.0,-0.012074385826431833,-0.011428070711293925,0.015735254118052433,0.010344892893705993,0.021853949662111516,0.05642564513121395,0.08262563428113712,0.9961127130485418,1.0615592339045592,1.1373224608671428,72.53647290398494,-0.0059296271380754224
74.4191665649414,74.46511834982786,72.60530362666714,72.63916594421597,166348400,-0.005912081595714769,-0.44258880615234375,1.8598147231607243,1.7800006207254313,75.03684539794922,73.84389953613281,70.83101806640624,65.89816917419434,0.01850015085780615,71.5029700417949,-0.5852737426757812,4.6967926025390625,6.2090911865234375,0.04668242210997109,166829520.0,0.00614363797909534,-0.012074385826431833,-0.011428070711293925,0.02380158187058723,-0.007803187921613497,0.06736420944404165,0.09102894480143076,0.99176832621718,1.0506578699062488,1.129305525442183,70.31688813781868,0.023287890831922276
76.17256927490234,76.54501787394523,75.0503965474728,75.73966595706034,135178400,0.023561171011379667,1.7534027099609375,1.4946213264724264,0.43290331784200475,75.03442840576172,74.39026947021485,71.29993362426758,66.02736610412597,0.017958453065089613,71.94769377828132,-0.0120849609375,5.4636993408203125,9.378311157226562,-0.18737781667872966,164675920.0,-0.005912081595714769,0.00614363797909534,-0.012074385826431833,0.015735254118052433,-0.0001586272335120098,0.07727035301106944,0.14040594837814036,1.015168248673608,1.0683399745687325,1.1536514898198007,78.58650680546691,-0.005795152350301823
75.73241424560547,77.03355248472863,75.70097277157296,76.18950390013767,101729600,-0.005778392845177338,-0.440155029296875,1.332579713155667,-0.4570896545321972,75.11810913085938,74.7864974975586,71.85007362365722,66.25803413391114,0.015952227919212917,72.30814334659792,0.41840362548828125,3.9622802734375,11.002799987792969,-0.24744189900161562,152561600.0,0.023561171011379667,-0.005912081595714769,0.00614363797909534,-0.011428070711293925,0.005555455379991692,0.05520792639141581,0.16998092934664744,1.0081778564696822,1.0540339129265688,1.142992170467148,72.71523251295692,0.01926114545929258
77.20524597167969,77.27537667417312,76.54983167544503,76.58852829438558,111504800,0.019447838032704556,1.4728317260742188,0.7255449987280826,0.6167176772941048,75.67823028564453,75.25596160888672,72.38063163757325,66.42568489074706,0.015438968944497375,72.77453407279617,2.8006057739257812,4.69464111328125,10.611160278320312,0.09609002689482704,134738080.0,-0.005778392845177338,0.023561171011379667,-0.005912081595714769,-0.012074385826431833,0.037640203171230846,0.0647442001407812,0.1593408809181749,1.0201777404184995,1.0666561513066701,1.1622800141039147,72.73236423063754,-0.00748307973488893
76.62966918945312,77.6067388197399,76.39265509370519,77.06741421541801,102688800,-0.00745515120096496,-0.5755767822265625,1.2140837260347155,-0.43774502596488674,76.03181304931641,75.5928565979004,72.89531631469727,66.62962867736816,0.01559809642757235,73.14168979819208,1.767913818359375,3.3689498901367188,10.293693542480469,-0.07906386092796003,123490000.0,0.019447838032704556,-0.005778392845177338,0.023561171011379667,0.00614363797909534,0.023615714186713044,0.04598576047789571,0.1551751284591265,1.007863236665801,1.0512289823756884,1.1500839898194066,75.8043691282322,0.006417928692566115
77.12305450439453,77.20528209037693,76.26690893879248,76.36848115298238,81803200,0.006438567726575917,0.49338531494140625,0.9383731515844431,0.754573351412148,76.57259063720703,75.80471801757812,73.33891563415527,66.97465087890625,0.014753144673059928,73.52086738925897,2.703887939453125,2.1186141967773438,8.871986389160156,-0.20338732169428408,106580960.0,-0.00745515120096496,0.019447838032704556,-0.005778392845177338,-0.005912081595714769,0.0363332198445625,0.02824651698070446,0.12999044021085182,1.007188784689231,1.0515979659300678,1.1515260399615541,74.87881962323112,-0.006796833451248765
76.60063934326172,78.41691564137308,76.5450115593525,78.2379502036352,125522000,-0.006773787222121075,-0.5224151611328125,1.8719040820205777,-1.637310860373475,76.6582046508789,75.84631652832032,73.75398139953613,67.16576141357422,0.014993467102163573,73.8141790039259,0.428070068359375,0.415985107421875,8.301315307617188,0.5344387505623251,104649680.0,0.006438567726575917,-0.00745515120096496,0.019447838032704556,0.023561171011379667,0.005619740445073962,0.0054602217676822384,0.12154315470655086,0.9992490652777567,1.0385966681351726,1.1404715398310175,69.55352741997848,0.00434762034166529
76.93439483642578,77.07950535982266,75.72031846461518,76.45796054995435,112945200,0.004357084954192736,0.3337554931640625,1.3591868952074861,0.4764342864714308,76.89860076904297,76.00835494995117,74.24108924865723,67.53605003356934,0.014077635496807704,74.11134241654494,1.2019805908203125,1.6203842163085938,9.742156982421875,-0.10019598158091814,106892800.0,-0.006773787222121075,0.006438567726575917,-0.00745515120096496,-0.005778392845177338,0.01587141520303592,0.021515043522005284,0.14498932158785593,1.00046547098419,1.0362778296361979,1.1391604157806818,68.51688038459648,0.0004399095921411719
76.96824645996094,78.22344013486418,76.334604889172,76.61030820274443,133560800,0.00044000636655594505,0.03385162353515625,1.888835245692178,0.3579382572165031,76.85120086669922,76.26471557617188,74.61954269409179,67.85564109802246,0.012733299563199444,74.3834285159179,-0.23699951171875,2.5636062622070312,7.569068908691406,0.18252745579272078,111304000.0,0.004357084954192736,-0.006773787222121075,0.006438567726575917,0.019447838032704556,-0.003069733264054131,0.034454924523436015,0.10906568601767153,1.0015230158012072,1.0314757191088375,1.13429399847206,66.50867536660618,-0.0009747639666874334
76.89325714111328,77.66958819879952,76.53773980767517,77.21007785682598,153532400,-0.0009742890386188474,-0.07498931884765625,1.1318483911243504,-0.3168207157126943,76.90391845703125,76.46786575317383,74.92104301452636,68.20359230041504,0.012235808255127318,74.62245981355555,0.26358795166015625,2.0315017700195312,6.030006408691406,0.14953189858102078,121472720.0,0.00044000636655594505,0.004357084954192736,-0.006773787222121075,-0.00745515120096496,0.003439763663973139,0.027136710326244318,0.08509356184435535,0.9998613683654634,1.0263239010995153,1.1274077295287181,59.878444194217955,0.012223087546418066
77.83889770507812,77.9598218875062,76.71671774944491,76.84731793304262,80791200,0.012298094776105328,0.9456405639648438,1.243104138061284,0.9915797720355073,77.04708709716797,76.8098388671875,75.32686920166016,68.57957336425781,0.011378411525961769,74.9287872317958,0.7158432006835938,3.4197311401367188,8.116523742675781,-0.47378403516130796,121270320.0,-0.0009742890386188474,0.00044000636655594505,0.004357084954192736,0.006438567726575917,0.00928183155197515,0.045952290222875725,0.11641203936992461,1.0102769700678178,1.03334837263305,1.1350157763688578,58.869251706356906,0.004618965730342475
78.19926452636719,78.22345084365439,77.13271214546359,77.57287802595609,87642800,0.004629649595687235,0.3603668212890625,1.0907386981908047,0.6263865004111011,77.36681213378907,77.01250839233398,75.70138893127441,69.03772552490234,0.01119888990273082,75.24026125985021,1.5986251831054688,2.0266952514648438,7.490394592285156,0.08480626602897345,113694480.0,0.012298094776105328,-0.0009742890386188474,0.00044000636655594505,-0.006773787222121075,0.020869606269756202,0.0266066284852573,0.10593288507181686,1.0107598125038237,1.0329964301891539,1.1327033724215063,66.3647661792986,0.0054899236649314405
78.62975311279297,78.89095352620157,77.94773883188212,78.5185049118518,104491200,0.005505020910786529,0.43048858642578125,0.943214694319451,0.11124820094116217,77.7058837890625,77.30224227905273,76.04436988830567,69.52797996520997,0.010955580386296907,75.56307000774952,1.6953582763671875,2.8973388671875,6.859619140625,0.1922394081430534,112003680.0,0.004629649595687235,0.012298094776105328,-0.0009742890386188474,0.004357084954192736,0.022036415311666113,0.038257579611700177,0.09557762764223243,1.0118893097752852,1.0339983515976887,1.1309080625114853,75.3408560524943,-0.008649626286882747
77.95256805419922,78.75066471951315,77.58011949942701,78.4531959492946,87560400,-0.008612325891731332,-0.67718505859375,1.1705452200861401,-0.5006278950953771,77.90274810791016,77.3769744873047,76.3164680480957,69.8961045074463,0.011252165130001797,75.79064125026854,0.9843215942382812,0.7473220825195312,5.441963195800781,-0.16203086958518997,102803600.0,0.005505020910786529,0.004629649595687235,0.012298094776105328,0.00044000636655594505,0.01278867116649618,0.009679680093159337,0.0750505833791908,1.0006395146191769,1.0214383611813957,1.1152634127971273,68.06091651174506,0.028083171413683206
80.1727523803711,80.23321448623865,78.17266857529869,78.2016892052146,137250400,0.028481221101378074,2.220184326171875,2.0605459109399646,1.9710631751564875,78.55864715576172,77.73128280639648,76.66206970214844,70.31519302368164,0.012480881333838708,76.20798516742116,3.2794952392578125,3.5430831909179688,6.9120330810546875,0.5674939812974815,99547200.0,-0.008612325891731332,0.005505020910786529,0.004629649595687235,-0.0009742890386188474,0.04264997167748197,0.04623644116430059,0.0943484195509281,1.020546499755896,1.0457942590366076,1.140191030313598,77.83751978548985,0.00589490692150728
80.64675903320312,80.68062134923207,79.16181381231353,79.87042779704282,95654400,0.0059123160769529726,0.47400665283203125,1.518807536918544,0.7763312361603028,79.12021942138672,78.08365325927734,76.94418563842774,70.68143684387206,0.011644724915708643,76.63072553559087,2.807861328125,3.5237045288085938,5.6423187255859375,-0.3030665120101653,102519840.0,0.028481221101378074,-0.008612325891731332,0.005505020910786529,0.012298094776105328,0.036072727272727256,0.04568937980286836,0.0752264626260124,1.0192939254084497,1.0481202492956951,1.1409892417912135,74.70608804088184,0.031090103438163326
83.1934585571289,83.58525192458318,80.2961184107976,80.32755989496148,147712400,0.03157844846408864,2.5466995239257812,3.289133513785572,2.8658986621674245,80.11905822753906,78.74293518066406,77.29462585449218,71.15023078918458,0.012970200321229133,77.25574772811831,4.994194030761719,6.5928192138671875,7.0088043212890625,0.5442300615549311,114533760.0,0.0059123160769529726,0.028481221101378074,-0.008612325891731332,0.004629649595687235,0.06386497444714179,0.08606741758803782,0.0919975865427225,1.0383728965068275,1.076316207464945,1.1692647744689395,83.423493995669,0.02540164957949788
85.33377838134766,85.80054396626458,83.70130187626772,84.13904683755014,166651600,0.02572702062565413,2.14031982421875,2.0992420899968636,1.1947315437975163,81.45986328125,79.58287353515625,77.79561424255371,71.62772598266602,0.01322866540741446,78.02508398080683,6.7040252685546875,8.399383544921875,10.019767761230469,0.1282167238498595,126965840.0,0.03157844846408864,0.0059123160769529726,0.028481221101378074,0.005505020910786529,0.0852606679171164,0.10917592271675414,0.13303989096756563,1.0475561208189426,1.0968970322066127,1.191351215058796,84.35888555003666,-0.04920116536718639
81.23686981201172,84.90329215862222,81.13529762500492,84.4800574912979,201662400,-0.048010396903173436,-4.0969085693359375,3.7679945336172977,-3.24318767928618,82.1167236328125,80.00973587036133,78.1372257232666,72.02579147338867,0.017585523758020388,78.33096834568349,3.2843017578125,4.268623352050781,6.8322296142578125,0.21008379157475843,149786240.0,0.02572702062565413,0.03157844846408864,0.0059123160769529726,-0.008612325891731332,0.04213205337287884,0.05545953751553023,0.09182531621816858,0.9892853272527644,1.0396692365265556,1.127885832980069,65.00697571199728,0.008596401322530495
81.93822479248047,84.11486012218111,80.83056250550848,83.36997039015924,200146000,0.008633456484619995,0.70135498046875,3.2842976166726316,-1.4317455976787699,82.46981811523438,80.51423263549805,78.49104919433594,72.50242767333984,0.017606198574375127,78.67451657871176,1.765472412109375,5.0449676513671875,7.076469421386719,-0.007519497933179409,162365360.0,-0.048010396903173436,0.02572702062565413,0.03157844846408864,0.028481221101378074,0.02202085321623093,0.06561001365969887,0.09452716392112737,0.993554086393023,1.043918072615002,1.1301445678709363,65.47473568584374,0.012291135579099999
82.95155334472656,83.60212591934682,80.43391143480905,80.59595305752349,138808800,0.012366982013736427,1.0133285522460938,3.1682144845377707,2.3556002872030746,82.93077697753907,81.02549819946289,78.9176685333252,72.97993843078613,0.017501838027454475,79.08185341357031,2.3047943115234375,5.1126556396484375,8.532386779785156,-0.3064622825337504,170996240.0,0.008633456484619995,-0.048010396903173436,0.02572702062565413,0.0059123160769529726,0.02857888325772051,0.06568252879196268,0.11465308164045918,1.0002505266192443,1.0511151037070734,1.1366350140648236,69.78591309597664,0.026157503090930897
85.14998626708984,85.42086269022191,83.36998548456056,85.00004143146272,165428800,0.026502613076178738,2.1984329223632812,2.050877205661351,0.14994483562712446,83.32208251953125,81.72057037353515,79.36653938293458,73.51839790344238,0.0176723426874456,79.65977082819123,1.9565277099609375,6.950721740722656,8.9774169921875,0.1917745848966348,174539520.0,0.012366982013736427,0.008633456484619995,-0.048010396903173436,0.03157844846408864,0.023517807095583043,0.08888474569193705,0.11785629758382621,1.021937806788856,1.072870090205783,1.1582133002806205,72.93095547173925,-0.0013925386631839273
85.031494140625,85.95293612832027,84.91056991777126,85.8924740168934,114406400,-0.0013915695311231824,-0.11849212646484375,1.0423662105490195,-0.8609798762684022,83.26162567138672,82.36074447631836,79.83149337768555,73.95289611816406,0.017548704647373962,80.1713635246135,-0.30228424072265625,6.401741027832031,9.299079895019531,-0.30842513516388925,164090480.0,0.026502613076178738,0.012366982013736427,0.008633456484619995,0.02572702062565413,-0.0035423749710434826,0.08141626769002874,0.12278863664456763,1.0212567128610186,1.0651372101776684,1.1498061415304037,72.39990403062882,0.0003980276647233972
85.06534576416016,85.4813253336703,84.45830388000144,84.98795249991922,96820400,0.00039810688824504226,0.03385162353515625,1.0230214536688607,0.07739326424093917,84.0273208618164,83.07202224731445,80.22449836730956,74.40273620605468,0.017292929732656295,80.63745707123698,3.8284759521484375,7.1127777099609375,7.860099792480469,-0.15371517677332736,143122080.0,-0.0013915695311231824,0.026502613076178738,0.012366982013736427,-0.048010396903173436,0.04712731991037833,0.09124494404104211,0.10180784600263681,1.012353421383633,1.060341261028354,1.143309374114628,72.7542747697874,-0.00573099171196032
84.57923126220703,86.23347359915019,83.47398219153365,85.76912875753186,264476000,-0.005714600905765477,-0.486114501953125,2.7594914076165367,-1.1898974953248285,84.55552215576172,83.51267013549804,80.62197647094726,74.81082366943359,0.017231205585298736,81.01286413704365,2.6410064697265625,4.4064788818359375,7.949562072753906,1.7316144118388275,155988080.0,0.00039810688824504226,-0.0013915695311231824,0.026502613076178738,0.008633456484619995,0.03223167790631609,0.05496230017063497,0.10374000249302973,1.0002803969018326,1.0490840706775006,1.1305747900322163,69.26058977188644,0.025827024855636028
86.7921142578125,86.93480389547132,84.92504474201495,84.97099651794542,135445200,0.02616343235309415,2.2128829956054688,2.009759153456372,1.821117739867077,85.32363433837891,84.12720565795898,81.10542945861816,75.25390655517577,0.01786529774203927,81.5632689104502,3.8405609130859375,6.145355224609375,9.669059753417969,-0.48787337981518175,155315360.0,-0.005714600905765477,0.00039810688824504226,-0.0013915695311231824,0.012366982013736427,0.04629884261631001,0.0762008950921298,0.12537184653218092,1.01721070522629,1.0701147239728976,1.1533237041212867,72.20345892954867,0.021120466893775034
88.64469909667969,90.05951379803278,87.61442248881565,88.03282290304573,212155600,0.021345082496367906,1.8525848388671875,2.4450913092171334,0.611876193633961,86.02257690429687,84.67232971191406,81.70763244628907,75.70866760253907,0.017907235523494828,82.23769083294825,3.4947128295898438,5.451240539550781,12.044059753417969,0.5663574641257128,164660720.0,0.02616343235309415,-0.005714600905765477,0.00039810688824504226,0.026502613076178738,0.041041848422946,0.0655248697925861,0.15723184371146437,1.0304817907896437,1.0849010850357308,1.1708659246528172,74.10643878276973,-0.017809590770574472
87.07994842529297,89.19128795647202,86.7074997623601,88.27468030535546,192623200,-0.017651937310770638,-1.5647506713867188,2.4837881941119235,-1.1947318800624913,86.43226776123046,84.8469467163086,82.21491012573242,76.06556381225586,0.018765074263034684,82.69885822269535,2.0484542846679688,1.7461700439453125,10.145553588867188,-0.0920663890088218,180304080.0,0.021345082496367906,0.02616343235309415,-0.005714600905765477,-0.0013915695311231824,0.024090536163932752,0.02046282348054329,0.13187279383217576,1.0074935053868044,1.0591746471792085,1.144801195981702,71.06975394222206,0.013188053732572444
88.23596954345703,88.27466617320825,86.47773432903298,87.2347210034187,137522400,0.013275399665122922,1.1560211181640625,1.796931844175262,1.0012485400383326,87.06639251708984,85.54685668945312,82.77829627990722,76.45821853637695,0.01877067152187539,83.22620215800599,3.170623779296875,6.9990997314453125,11.267723083496094,-0.2860548469758575,188444480.0,-0.017651937310770638,0.021345082496367906,0.02616343235309415,0.00039810688824504226,0.03727280187736248,0.08615668904577145,0.14639443668964947,1.0134331628146604,1.0659312103391834,1.154041661348368,69.57495501062039,-0.031207644052466194
85.52485656738281,88.3520651420764,85.37732519563349,88.13198219774738,205256800,-0.030725711862201188,-2.7111129760742188,2.9747399464429094,-2.607125630364564,87.255517578125,85.90551986694337,83.2098762512207,76.78574905395507,0.020533900682465637,83.44512162556568,0.9456253051757812,3.5866317749023438,8.631599426269531,0.4925335799840609,176600640.0,0.013275399665122922,-0.017651937310770638,0.021345082496367906,-0.005714600905765477,0.011180348781419047,0.04377238808853834,0.11225430872864384,0.980165598018571,1.0278209801583276,1.1138115811996185,60.68218907839885,0.022784915805033286
87.49590301513672,87.59022742215014,84.95649512979536,85.43293671398446,130646000,0.02304647475440036,1.9710464477539062,2.633732292354779,2.062966301152258,87.39627532958984,86.35995483398438,83.69272651672364,77.17146560668945,0.020858300516015563,83.83091032933434,0.7037887573242188,4.544349670410156,9.657005310058594,-0.3634997719929376,175640800.0,-0.030725711862201188,0.013275399665122922,-0.017651937310770638,0.02616343235309415,0.008108902097184068,0.05478317749548278,0.12406400392060779,1.001139953449631,1.0454421388416963,1.1337856852566024,59.66528593601746,0.008312997114970525
88.22628784179688,88.51167454519887,87.06541854675757,87.08476317006986,140223200,0.008347646021023447,0.7303848266601562,1.446255998441302,1.1415246717270122,87.31259307861328,86.66758499145507,84.19407768249512,77.60010620117187,0.02086132833380621,84.24951771147363,-0.4184112548828125,3.0763015747070312,10.027023315429688,0.07330649235338238,161254320.0,0.02304647475440036,-0.030725711862201188,0.013275399665122922,0.021345082496367906,-0.004720093351848087,0.03612803371520923,0.1282240104962724,1.0104646389594791,1.0478918502380612,1.1369351430148498,56.93738282220668,-0.00189317864986987
88.05941772460938,88.84542502767371,88.01105247279727,88.30368697136247,110737200,-0.001891387717532944,-0.1668701171875,0.8343725548764382,-0.2442692467530918,87.50848693847657,86.97037734985352,84.66556091308594,78.06670227050782,0.020940803675471905,84.61236533177227,0.9794692993164062,3.027923583984375,9.429664611816406,-0.21027904084345528,144877120.0,0.008347646021023447,0.02304647475440036,-0.030725711862201188,-0.017651937310770638,0.011247931550587786,0.03560943641630954,0.11992489151389951,1.0062957411950242,1.0400854464899538,1.128002274509764,70.16449630757089,0.0
88.05941772460938,89.59757739253234,87.94575606156859,88.96393576296241,114041600,0.0,0.0,1.651821330963756,-0.9045180383530322,87.47317657470703,87.26978454589843,85.17090339660645,78.49600891113282,0.02071423479663402,84.94065603585199,-0.17655181884765625,2.9940719604492188,10.106849670410156,0.02984001762731947,140180960.0,-0.001891387717532944,0.008347646021023447,0.02304647475440036,0.013275399665122922,-0.002000905297025235,0.03519731723362596,0.12965383851604506,1.0067019533628307,1.0339143323929803,1.1218330580896605,68.87407684124798,0.02639857367837173
90.4150161743164,90.88178176519018,89.45245698793732,89.48389845748481,118655600,0.026750102494133676,2.3555984497070312,1.4293247772528588,0.9311177168315936,88.45120849609376,87.85336303710938,85.68301658630371,78.97758972167969,0.020620160277939153,85.46202366808669,4.890159606933594,5.835784912109375,10.242263793945312,0.04045892025366182,122860720.0,0.0,-0.001891387717532944,0.008347646021023447,-0.030725711862201188,0.05717822634500136,0.06899784763966044,0.12775242822339417,1.022202157682327,1.0552268089586507,1.1448186313730602,71.25356470745174,-0.003107632031057245
90.13447570800781,91.56863486785247,90.02322751685155,90.79230361416894,112424400,-0.003102808340682328,-0.28054046630859375,1.545407351000918,-0.6578279061611312,88.97892303466797,88.1875991821289,86.15740242004395,79.41525787353515,0.020725805647919333,85.90701910046013,2.6385726928710938,3.3423614501953125,9.487716674804688,-0.05251500982675916,119216400.0,0.026750102494133676,0.0,-0.001891387717532944,0.02304647475440036,0.030156528499564406,0.038509966933942374,0.1176453559764068,1.012986813437713,1.046160552387297,1.1349768057360272,65.93481265112813,0.0230230484573207
92.23371887207031,92.26516034352021,91.02205608216732,91.10912534007682,117092000,0.023290124534179668,2.0992431640625,1.243104261352883,1.1245935319934972,89.78040924072266,88.54650115966797,86.60941543579102,79.89394577026367,0.0202605001969668,86.50956193585158,4.0074310302734375,3.589019775390625,9.040260314941406,0.0415176776571633,114590160.0,-0.003102808340682328,0.026750102494133676,0.0,0.008347646021023447,0.04542218797031761,0.04048769765100424,0.10866551856037421,1.0273256677274631,1.0649387068135674,1.1544519172615388,70.43647872810246,0.004290961843494565
92.63034057617188,93.17691283826436,91.58555391386294,93.12370590507383,125642800,0.004300181202187892,0.3966217041015625,1.591358924401419,-0.49336532890195883,90.69459381103516,89.10154037475586,86.97424354553223,80.40270782470704,0.01968563504660888,87.09249323492969,4.5709228515625,5.550392150878906,7.296562194824219,0.07302633826392912,117571280.0,0.023290124534179668,-0.003102808340682328,0.026750102494133676,-0.001891387717532944,0.051907257277776564,0.06373903810520343,0.08550614227131326,1.0213435738977992,1.0650318623085073,1.152079862510643,71.032836423693,0.0017478804410172835
92.79238891601562,92.85043754869993,91.61700927809584,92.22646456657715,90257200,0.001749408874411884,0.16204833984375,1.2334282706040938,0.5659243494384754,91.64118804931641,89.55718231201172,87.55201950073243,80.87057205200195,0.015406131202762149,87.63534044265216,4.73297119140625,4.556419372558594,11.555519104003906,-0.2816365123986412,112814400.0,0.004300181202187892,0.023290124534179668,-0.003102808340682328,0.0,0.05374747316871664,0.051639024267926326,0.14224476067017666,1.0125620465120957,1.059854352248715,1.1474184806847616,73.2539477157446,-0.004623876026050734
92.36431884765625,96.69582436714335,92.15149108508342,94.09353334761987,191649200,-0.004613202368858205,-0.428070068359375,4.544333282059924,-1.7292144999636179,92.03104858398437,90.24112854003906,88.07332420349121,81.30059341430665,0.015605911992203285,88.08571933836684,1.9493026733398438,6.8394622802734375,10.426094055175781,1.1233674432621443,127413120.0,0.001749408874411884,0.004300181202187892,0.023290124534179668,0.026750102494133676,0.021559501461368535,0.07997046186081347,0.12724334804154291,1.003621280739486,1.048720707239922,1.1360841903941465,67.55036876055507,0.016413036172580074
93.89280700683594,94.08386192882043,90.8164950630273,91.74760549870197,170989200,0.016548469996306103,1.5284881591796875,3.2673668657931216,2.1452015081339653,92.78271484375,90.88081893920898,88.62038688659668,81.78400207519532,0.015721558637693565,88.63877530679247,3.758331298828125,6.396903991699219,10.941253662109375,-0.10780112831151922,139126080.0,-0.004613202368858205,0.001749408874411884,0.004300181202187892,-0.003102808340682328,0.04169693415650744,0.0731108974393071,0.13189932220606138,1.0119644285571443,1.0594944380798759,1.1480583564559157,66.87408071731278,0.006853840613091472
94.53854370117188,96.01139965901083,93.34381194373303,95.76229608743468,153198000,0.006877381930747051,0.6457366943359375,2.6675877152778043,-1.2237523862628024,93.24367980957031,91.51204452514648,89.08981475830078,82.2605955505371,0.014991820960591207,89.20065801101907,2.3048248291015625,6.312255859375,9.388557434082031,-0.10404867675853213,146347280.0,0.016548469996306103,-0.004613202368858205,0.001749408874411884,0.023290124534179668,0.024988961274546417,0.07154620254105937,0.1102590598738673,1.013886881065248,1.0611599536675815,1.1492567379127685,75.48765080297025,-0.012381199708706532
93.37525939941406,94.22898406159878,92.7778934824319,93.41395603386725,110577600,-0.012304868006374758,-1.1632843017578125,1.4510905791668733,-0.038696634453188494,93.39266357421874,92.04362869262695,89.50700302124024,82.69269805908203,0.015441963446061989,89.59823909562812,0.7449188232421875,5.3158416748046875,8.343765258789062,-0.2782046763012572,143334240.0,0.006877381930747051,0.016548469996306103,-0.004613202368858205,0.004300181202187892,0.008041844806018217,0.06036653219112886,0.09812558679717132,0.9998136451607802,1.0432173600679702,1.1291838528802094,67.55336364095939,-0.0020223260951901926
93.18661499023438,93.97987752001936,92.71500761457771,93.82509836770011,92186800,-0.0020202825715617267,-0.1886444091796875,1.2648699054416426,-0.6384833774657324,93.4715087890625,92.55634841918945,89.91306648254394,83.10621826171875,0.015487683967028034,89.93998918082872,0.39422607421875,5.127197265625,8.121269226074219,-0.1663157818581702,143720160.0,-0.012304868006374758,0.006877381930747051,0.016548469996306103,0.001749408874411884,0.004248474242597222,0.058224292166675795,0.09547094828239544,0.9969520787401533,1.0364079286332202,1.1212953367312462,81.61684330891909,0.02085484424793531
95.1504135131836,95.28826887148021,92.9302469895083,93.27367496235873,90318000,0.02107382614075015,1.9637985229492188,2.358021881971908,1.876738550824868,94.02872772216797,93.02988815307617,90.44162559509277,83.54401214599609,0.01569804374110479,90.43622006962443,2.7860946655273438,4.7353973388671875,10.571182250976562,-0.020271882742431635,123453920.0,-0.0020202825715617267,-0.012304868006374758,0.006877381930747051,-0.004613202368858205,0.030164187862660174,0.05237401417633469,0.12498555606641149,1.011929181838235,1.0520643883511345,1.1389255922603394,81.60584024385173,-0.013897937877732343
93.83716583251953,96.01380112244911,93.58806231123043,95.93882871957942,103433200,-0.013801807392903265,-1.3132476806640625,2.425738811218679,-2.101662887059888,94.0175994873047,93.40015716552735,90.79387817382812,83.92066665649413,0.015542229841485294,90.76011966609063,-0.05564117431640625,3.7026901245117188,7.045051574707031,0.14521136429061765,109942720.0,0.02107382614075015,-0.0020202825715617267,-0.012304868006374758,0.016548469996306103,-0.0005926031619477579,0.041079621259535015,0.08117156304984108,0.9980808523535051,1.0335186437665427,1.1181651620644986,72.1036600943381,0.0028057038694902104
94.10081481933594,94.78040838995652,93.45266272888264,93.53972463030362,89001600,0.002809643540246709,0.26364898681640625,1.3277456610738767,0.5610901890323134,93.9300537109375,93.58686676025391,91.06668395996094,84.27898986816406,0.01499816885738406,91.07828110925686,-0.4377288818359375,1.867095947265625,5.45611572265625,-0.13952580022661965,97103440.0,-0.013801807392903265,0.02107382614075015,-0.0020202825715617267,0.006877381930747051,-0.0046301631556707745,0.02024309515108369,0.06155038911808575,1.0018179602976056,1.0333176824656205,1.1165394241973707,73.61955907022471,-0.04658494869091562
89.81767272949219,93.91216495167265,89.0098998444414,93.83477168133008,197004400,-0.04551652499573944,-4.28314208984375,4.902265107231244,-4.017098951837895,93.21853637695312,93.30559997558593,91.2035701751709,84.56906311035156,0.018017443839354035,90.9582231683269,-3.557586669921875,-2.8126678466796875,2.7377243041992188,1.2134927911408333,114388800.0,0.002809643540246709,-0.013801807392903265,0.02107382614075015,-0.012304868006374758,-0.03809988526729813,-0.030364433825726622,0.03143920447481596,0.9635173026777778,0.9848043509369548,1.0620629982892429,55.1494943861399,-0.0024804402273822536
89.59516143798828,89.93858943355201,86.23830426873995,88.02073328072413,185438800,-0.0024773664774643267,-0.22251129150390625,3.7002851648120583,1.5744281572641512,92.5002456665039,92.9858772277832,91.27152976989746,84.87287353515624,0.01782832670375311,90.8284077654375,-3.5914535522460938,-3.1972274780273438,1.35919189453125,-0.058707318212182114,133039200.0,-0.04551652499573944,0.002809643540246709,-0.013801807392903265,-0.0020202825715617267,-0.038540444382730965,-0.03445570822539212,0.015404056889314788,0.9685937674264188,0.981633173716542,1.0556395430735117,47.25599666613554,0.023423682731321414
91.71858215332031,91.81048572351438,90.43195431248509,90.65445070078177,121214000,0.023700171764317046,2.1234207153320312,1.378531411029286,1.0641314525385468,91.81387939453126,92.9213035583496,91.58121604919434,85.21001007080078,0.016872341272698974,90.9131862785692,-3.4318313598632812,-0.6457366943359375,6.1937255859375,-0.34633960098965266,139218400.0,-0.0024773664774643267,-0.04551652499573944,0.002809643540246709,0.02107382614075015,-0.036067435055211594,-0.006991192079281228,0.07242018092199465,0.9989620606182923,1.001499937542347,1.076382716973177,54.71968569373688,-0.016563834437375854
90.21188354492188,91.46707746354134,90.20704185281049,91.29052545592491,103625600,-0.01642740841632051,-1.5066986083984375,1.2600356107308528,-1.0786419110030323,91.08882293701171,92.5532112121582,91.71701507568359,85.52586441040039,0.016791108096782224,90.84639554203136,-3.6252822875976562,-3.6809234619140625,2.7159805297851562,-0.14510205091821082,139256880.0,0.023700171764317046,-0.0024773664774643267,-0.04551652499573944,-0.013801807392903265,-0.038633757269140645,-0.03920346594437285,0.031041230917009832,0.9903727003619726,0.9835893969126699,1.054790666739542,43.75566689852647,0.018986918324996698
91.94109344482422,92.12490060025137,90.6568789640174,90.69315474979174,90329200,0.01916831610151748,1.7292098999023438,1.4680216362339706,1.2479386950324738,90.65687866210938,92.29346618652343,91.90275535583496,85.84123489379883,0.01718743160239218,90.95065248515448,-2.1597213745117188,-2.5974502563476562,3.7148056030273438,-0.12831192292252103,139522400.0,-0.01642740841632051,0.023700171764317046,-0.0024773664774643267,0.002809643540246709,-0.022951144245224264,-0.02747503985843036,0.04210542791609395,1.0141656629002338,1.0004171592988786,1.0710597716653543,48.03318939823751,0.01202746824458666
93.0535888671875,93.15758190350233,90.71007737841838,91.11638090213245,158130000,0.012100089097057731,1.1124954223632812,2.447504525083957,1.9372079650550518,91.30406188964844,92.26129913330078,92.15246391296387,86.18765838623047,0.017296296946516694,91.15093214058619,3.2359161376953125,-0.3216705322265625,4.994171142578125,0.7505967062699548,131747520.0,0.01916831610151748,-0.01642740841632051,0.023700171764317046,-0.04551652499573944,0.03602761059553461,-0.0034449225019083096,0.05671365166411313,1.0191615459523977,1.0097786311505976,1.0796625712951722,50.707000702953145,0.09956359355599166
102.79524993896484,102.94519477180637,97.53746050279906,99.53029641393837,374336800,0.10468871959018489,9.741661071777344,5.407734269007307,3.2649535250264705,93.94407958984375,93.22216262817383,92.88925552368164,86.69945846557617,0.02855054606723653,92.25991478805082,13.200088500976562,9.608634948730469,14.735832214355469,1.3672724973123378,169527120.0,0.012100089097057731,0.01916831610151748,-0.01642740841632051,-0.0024773664774643267,0.14733037241205005,0.10311175000548545,0.16733965083029778,1.094217436455442,1.1066430596244548,1.1856504268683463,68.77012821375274,0.02488538505286527
105.38544464111328,107.99740451645603,104.37452005882113,104.67198887947312,308151200,0.02519761082040639,2.5901947021484375,3.622884457634896,0.7134557616401622,96.67745208740234,94.2456657409668,93.63777694702148,87.27457397460938,0.028499348449094356,93.50996525024725,13.666862487792969,10.235031127929688,14.970428466796875,-0.17680762350909662,206914560.0,0.10468871959018489,0.012100089097057731,0.01916831610151748,0.023700171764317046,0.14900865415632913,0.10756685914466968,0.16557458152675109,1.0900726318877165,1.1254586351482736,1.207516001988997,69.91950808291183,0.006656106218029246
106.08924102783203,107.17755904324193,104.8533916212951,105.57410265297072,173071600,0.006678307323326305,0.70379638671875,2.324167421946825,0.5151383748613085,99.85292358398438,95.47087326049805,94.43551521301269,87.85389770507813,0.02838135307524908,94.70799151477914,15.877357482910156,12.2520751953125,15.954765319824219,-0.4383549374462926,220803760.0,0.02519761082040639,0.10468871959018489,0.012100089097057731,-0.01642740841632051,0.17600073137818772,0.130567404573791,0.17701068536205788,1.0624550310597807,1.1234040581928602,1.2075644200097893,69.9799273372247,0.0036179570048173776
106.47376251220703,106.7930041847868,105.34674803582895,105.8111002305475,121776800,0.0036245097113487557,0.384521484375,1.4462561489578434,0.6626622816595358,102.75945739746093,96.70816802978516,95.14751739501953,88.45136016845703,0.028183810297106676,95.82854113358181,14.532669067382812,12.372947692871094,14.240043640136719,-0.2963790708585349,227093280.0,0.006678307323326305,0.02519761082040639,0.10468871959018489,0.01916831610151748,0.1580650014359919,0.13148608454268862,0.1543908650142134,1.0361456279433203,1.1190387876350452,1.2037549485889878,73.28457918967868,0.03429428335880158
110.18853759765625,110.6819103626939,106.2173913049504,106.8050811008857,202428800,0.03488911256445282,3.7147750854492188,4.464519057743502,3.383456496770549,106.18644714355469,98.74525451660156,96.02542724609376,89.11644302368164,0.028819959519028413,97.19615984444603,17.13494873046875,20.370864868164062,17.558197021484375,0.6622936388540346,235953040.0,0.0036245097113487557,0.006678307323326305,0.02519761082040639,0.012100089097057731,0.18414065420867254,0.22680241258884415,0.18955125191454836,1.037689277320778,1.147493333357063,1.2364557410395627,76.85662828965604,-0.02299825853669982
107.68331146240234,110.16672672210422,106.88861887505509,109.71123083778318,198045600,-0.022735814358490924,-2.5052261352539062,3.278107847049128,-2.027919375380833,107.16405944824218,100.55406951904297,96.76997337341308,89.73074432373046,0.029656441556705552,98.1949361890133,4.8880615234375,18.088150024414062,14.890922546386719,-0.021653045416462513,200694800.0,0.03488911256445282,0.0036245097113487557,0.006678307323326305,0.10468871959018489,0.04755143380982885,0.20188757667380797,0.16047568901221165,1.0048453932860852,1.1127760782456475,1.2000715281476173,69.46431635213389,0.01443031862653035
109.24848175048828,110.26365418298434,106.60515752548201,109.12491431547922,212403600,0.014534938300373668,1.5651702880859375,3.658496657502326,0.12356743500906475,107.9366668701172,102.30705947875977,97.61418151855469,90.37784881591797,0.02954099001925168,99.24765481391569,3.863037109375,17.52989959716797,16.88416290283203,0.07249845490129547,181545280.0,-0.022735814358490924,0.03488911256445282,0.0036245097113487557,0.02519761082040639,0.03665626806937561,0.19112702339711607,0.1827996255857245,1.0121535611429398,1.1191865777179326,1.2087971021860247,73.74883136475904,-0.030190953014250645
105.99945831298828,109.01105257691337,105.74021214896973,108.5143723583924,187902400,-0.029739758259711313,-3.2490234375,3.2708404279436394,-2.5149140454041117,107.91871032714843,103.88581695556641,98.21951408386231,90.94106002807617,0.030695178534750796,99.89068371858927,-0.08978271484375,15.787574768066406,12.106651306152344,-0.11535209384398382,184511440.0,0.014534938300373668,-0.022735814358490924,0.03488911256445282,0.006678307323326305,-0.0008462942516498373,0.17500548871928645,0.1289412010578288,0.9822157621385387,1.0792097609288034,1.1655841517600867,66.79088818276347,0.032693995239955975
109.52227783203125,109.77909878796228,106.89348975910477,107.08731438450859,165598000,0.03323431624189066,3.5228195190429688,2.885609028857516,2.4349634475226622,108.52841339111328,105.64393539428711,98.96870079040528,91.56752029418945,0.031271891127586104,100.80797839605994,3.0485153198242188,17.58118438720703,14.983734130859375,-0.11870204957467279,193275680.0,-0.029739758259711313,0.014534938300373668,-0.022735814358490924,0.0036245097113487557,0.028631610717003708,0.1912222677420936,0.15849338845562988,1.0091576427763327,1.1066355015003806,1.1960821640703658,78.41612193819913,0.017542586305186434
111.46053314208984,112.46116903802795,110.41143740175444,110.89843148039117,210082000,0.017697361198341754,1.9382553100585938,2.0497316362735063,0.5621016616986765,108.7828125,107.48462982177735,99.87296447753906,92.22413589477539,0.030973172032807868,101.82250741949136,1.2719955444335938,18.406944274902344,18.08527374267578,0.2686264326863852,194806320.0,0.03323431624189066,-0.029739758259711313,0.014534938300373668,0.03488911256445282,0.011543810020223422,0.19781014895808058,0.19368378582292078,1.0246152915203386,1.1160230771677633,1.2085831117925847,80.0453604598696,-0.0008916071397412618
111.36119842529297,111.45084248513194,109.55617638834046,111.28609084035034,165565200,-0.0008912097762016069,-0.099334716796875,1.8946660967914823,0.07510758494262859,109.51838989257813,108.34122467041016,100.781693649292,92.89230850219727,0.030952409992070738,102.73095418194865,3.677886962890625,8.565948486328125,18.174583435058594,-0.21190201921154594,188310240.0,0.017697361198341754,0.03323431624189066,-0.029739758259711313,-0.022735814358490924,0.034154660670653314,0.08333019756665982,0.1950342700715464,1.016826475759207,1.1049744690024397,1.1988204429504392,78.58090416826985,-0.002614275118356447
111.07044982910156,112.50477691266525,110.44535925101356,112.48054699080019,119561600,-0.0026108608770626374,-0.29074859619140625,2.0594176616516933,-1.41009716169863,109.88278350830078,108.90972518920898,101.57769546508788,93.51026245117187,0.030934956642799088,103.52519186262988,1.8219680786132812,5.685005187988281,15.920036315917969,-0.2778579073380155,169741840.0,-0.0008912097762016069,0.017697361198341754,0.03323431624189066,0.014534938300373668,0.016677285115727747,0.05394488021897503,0.16731442069573532,1.0108084841217284,1.0934531377242784,1.1877888791842401,81.46351141650675,0.0082982884934288
111.99597930908203,112.41997706741819,110.48896983798126,110.82332353901295,105633600,0.008332814726189852,0.9255294799804688,1.9310072294369292,1.1726557700690847,111.08208770751953,109.50039901733399,102.48563613891602,94.13724685668946,0.03049903323415339,104.33193352419676,5.99652099609375,5.90673828125,18.1588134765625,-0.11649225169285127,153288080.0,-0.0026108608770626374,-0.0008912097762016069,0.017697361198341754,-0.029739758259711313,0.056571241886799184,0.055677071718331916,0.19351408704065443,1.0082271734392387,1.0927968399130104,1.1897095257053774,81.00291224989586,0.0012540213548435939
112.13651275634766,113.54661008039473,112.04202566230961,112.40302713967982,145538000,0.001254807968398497,0.140533447265625,1.5045844180851162,-0.26651438333216504,111.60493469238281,110.06667404174804,103.38742103576661,94.71610794067382,0.030518457747627094,105.07522678440161,2.6142349243164062,5.662750244140625,18.03569793701172,0.37776237863710027,149276080.0,0.008332814726189852,-0.0026108608770626374,-0.0008912097762016069,0.03323431624189066,0.023869435297225294,0.05318446639369401,0.19166356818098151,1.0047630336904907,1.0846243346911064,1.183922304182782,80.4143400056956,0.021947007366770264
114.6247787475586,114.73865273876372,112.16074255230501,112.17770423893735,126907200,0.02218961451581336,2.4882659912109375,2.577910186458709,2.4470745086212418,112.23778381347657,110.51029815673829,104.62777633666992,95.30192794799805,0.027755531499406724,105.9847079237499,3.16424560546875,4.436241149902344,24.807106018066406,-0.12801330236776653,132641120.0,0.001254807968398497,0.008332814726189852,-0.0026108608770626374,0.017697361198341754,0.028388932981640913,0.0402604594508813,0.2761940413751205,1.0212673028010681,1.095548264150434,1.2027540388280933,74.52407614781634,0.05024853644957972
120.53166961669922,121.0138133012155,115.56968146956478,115.58179273436723,338054800,0.05153240803325376,5.906890869140625,5.444131831650722,4.949876882331992,114.0718780517578,111.79513397216797,106.17460174560547,96.0878239440918,0.02881645053670489,107.37013284688793,9.17047119140625,12.848358154296875,30.936508178710938,1.6637952771789148,167139040.0,0.02218961451581336,0.001254807968398497,0.008332814726189852,-0.0008912097762016069,0.08234889100585874,0.11931615010542163,0.3452921751820617,1.0566291330980842,1.135221301846682,1.2543906675088192,77.60394622166183,0.0118892951593202
121.97325897216797,124.81041520723647,120.11251616944286,124.72560677695705,345937600,0.011960253766110762,1.44158935546875,4.6978990377936185,-2.752347804789082,116.2524398803711,113.06761169433594,107.68733558654785,96.88852462768554,0.02875628913138755,108.76090676358126,10.902809143066406,12.724777221679688,30.254676818847656,0.02331811292133712,212414240.0,0.05153240803325376,0.02218961451581336,0.001254807968398497,-0.0026108608770626374,0.09816120453137622,0.11647555204237725,0.32986420099988867,1.0492103141893954,1.1326611277715064,1.2589030480222068,78.19045942615736,-0.008237545569461524
120.97262573242188,121.31667291273054,119.25482982936344,120.84906568793242,211495600,-0.008203709962151806,-1.0006332397460938,2.061843083367094,0.12356004448945157,118.04776916503906,114.5649284362793,109.22537269592286,97.64894607543945,0.02834309009804367,109.92392761775656,8.976646423339844,14.973167419433594,30.7607421875,-0.3886307819676149,233586640.0,0.011960253766110762,0.05153240803325376,0.02218961451581336,0.008332814726189852,0.08015150614082711,0.1412570182691104,0.3409832605056118,1.024776889796991,1.1075505878034648,1.2388523439767956,75.18143427487905,0.013507274448660051
122.61772155761719,123.07321745146164,121.22216092863566,122.28579308436115,163022400,0.013598909796618708,1.6450958251953125,1.851056522825985,0.3319284732560419,120.14401092529297,115.8744728088379,110.7592041015625,98.39830078125,0.02832883763692212,111.13286037393375,10.481208801269531,13.095443725585938,30.67662811279297,-0.22919247492619232,237083520.0,-0.008203709962151806,0.011960253766110762,0.05153240803325376,0.001254807968398497,0.09346829630811948,0.1195687670564134,0.33365524558616055,1.0205895459396839,1.1070657518013656,1.2461365753684057,73.2589728302335,-0.012026231458575553
121.15192413330078,123.55053882206776,120.0107589966192,123.21861029302171,155552400,-0.0119542053603372,-1.4657974243164062,3.539779825448562,-2.0666861597209305,121.4494400024414,116.84361190795899,112.16412086486817,99.12070938110351,0.028956146852313954,112.0870569224449,6.5271453857421875,9.691390991210938,28.09833526611328,-0.045821923858316405,242812560.0,0.013598909796618708,-0.008203709962151806,0.011960253766110762,0.02218961451581336,0.05694358110925646,0.08694908159874282,0.3019586413396389,0.9975502903172329,1.0801308225761501,1.222266516147405,76.22425345109522,-0.0016213771679342303
120.95565032958984,122.5401850691495,120.73274541599358,122.12345558246099,187630000,-0.0016200634460826757,-0.1962738037109375,1.8074396531559245,-1.1678052528711476,121.53423614501953,117.80305709838868,113.07214088439942,99.83851547241211,0.01961969418571721,112.9316848659825,0.423980712890625,9.594451904296875,18.160400390625,0.20621732612290145,212727600.0,-0.0119542053603372,0.013598909796618708,-0.008203709962151806,0.05153240803325376,0.0035175876534268014,0.08615614810156114,0.17666575451110655,0.995239318287735,1.0697210593478568,1.2115129091939767,74.07813174729104,0.033350128338980684
125.05755615234375,126.95707306517328,122.11138325352543,123.64262300855076,225702700,0.0339124779336617,4.101905822753906,4.845689811647844,1.414933143792993,122.15109558105469,119.20176773071289,114.05574645996094,100.64808197021485,0.020104389620736803,114.08652975039787,3.0842971801757812,13.987106323242188,19.67211151123047,0.20291371315887652,188680620.0,-0.0016200634460826757,-0.0119542053603372,0.013598909796618708,0.011960253766110762,0.025286666980666395,0.12593004120144857,0.18666820240900628,1.0237939787397194,1.0964599332682021,1.2425229940233982,87.86827450774697,0.03905963214156038
130.03890991210938,130.6397854362347,126.50156266667052,128.66273593650766,151948100,0.03983248923957383,4.981353759765625,4.138222769564166,1.3761739756017164,123.96435241699218,121.00606079101563,115.2532299041748,101.51301788330078,0.02125551811185882,115.60580405151326,9.0662841796875,18.042930603027344,23.949668884277344,-0.32677765928365055,176771120.0,0.0339124779336617,-0.0016200634460826757,-0.0119542053603372,-0.008203709962151806,0.07494492348823711,0.16110337812425546,0.22575021418047725,1.049002454146524,1.1282886390275384,1.281007230635207,88.53292776519692,-0.020936220687707296
127.34468841552734,133.7216162836471,123.08048843223483,133.3436531705274,200119000,-0.02071857952672007,-2.6942214965820312,10.641127851412278,-5.99896475500006,124.90974578857421,122.5268783569336,116.29677619934083,102.28701766967774,0.022335968493505203,116.72379303856222,4.726966857910156,15.208175659179688,20.870925903320312,0.3170220621383222,184190440.0,0.03983248923957383,0.0339124779336617,-0.0016200634460826757,0.013598909796618708,0.03855043788013135,0.1356219779388388,0.19601942686046714,1.01949361606319,1.0949975792729596,1.2449741063599098,79.00879250229622,-0.08344752403592362
117.1493911743164,124.86372826632623,116.78112142003687,122.9932991459097,257599600,-0.08006063989055867,-10.195297241210938,8.082606846289366,-5.843907971593296,124.10923919677734,122.77933959960937,116.64481887817382,102.88840652465821,0.029138116494997864,116.76432619434834,-4.002532958984375,2.5246124267578125,6.960853576660156,0.2872320969023432,204599880.0,-0.02071857952672007,0.03983248923957383,0.0339124779336617,-0.0119542053603372,-0.03303730409250849,0.022025014611525062,0.06317221127007877,0.9439215962687034,1.00432571545822,1.1386063321550268,57.72291680663544,0.0006615848616116428
117.22692108154297,119.88235689314044,107.46770259236347,116.36438893039704,332607200,0.0006618037571461954,0.0775299072265625,12.414654300776974,0.8625321511459276,123.36349334716797,122.44886474609375,117.12199935913085,103.46822555541992,0.028492838532340824,116.80838285027164,-3.728729248046875,-3.30474853515625,9.543609619140625,0.2911790235699123,233595320.0,-0.08006063989055867,-0.02071857952672007,0.03983248923957383,-0.0016200634460826757,-0.030827243191091314,-0.02741809306770271,0.08862663572964857,0.9502561730450065,1.0008958327469324,1.132975079569269,58.26129848441695,-0.06966638831333753
109.33812713623047,115.3177056334054,109.20244843470786,110.4332501967872,231366600,-0.06729507072718444,-7.8887939453125,6.115257198697535,-1.0951230605567304,120.21960754394532,121.1853515625,117.12648162841796,103.94449096679688,0.032580349041477906,116.09692992512487,-15.719429016113281,-12.6351318359375,0.0896453857421875,-0.30438487200517605,234728100.0,0.0006618037571461954,-0.08006063989055867,-0.02071857952672007,0.0339124779336617,-0.12569755478800537,-0.10358936001554742,0.0008205641333023372,0.9094866417382272,0.9335047515821748,1.0518895818264817,46.99502393836888,0.0391117005754121
113.69925689697266,115.46308756005234,111.70283521072183,113.6411109896637,176940500,0.0398866330983374,4.3611297607421875,3.760252349330514,0.05814590730895475,116.95167694091796,120.45801467895508,117.51147155761718,104.46855804443359,0.03289122853101093,115.8685801129199,-16.33965301513672,-7.273368835449219,7.699798583984375,-0.2352374975471827,239726580.0,-0.06729507072718444,0.0006618037571461954,-0.08006063989055867,0.03983248923957383,-0.12565203004377967,-0.060124088333315284,0.07263998049168241,0.9721900520880229,0.9675587871540239,1.088358631777161,51.61291287819969,-0.033190738664678796
109.98743438720703,116.7810916656073,109.0279901442392,116.64541298049808,182274400,-0.0326459698248428,-3.711822509765625,7.753101521368109,-6.657978593291048,113.4802261352539,119.19498596191406,117.53472938537598,104.9037809753418,0.033111429737679526,115.30847099618533,-17.357254028320312,-12.630287170410156,0.46515655517578125,0.0301451617916757,236157660.0,0.0398866330983374,-0.06729507072718444,0.0006618037571461954,-0.02071857952672007,-0.1363013584962678,-0.10300539766982442,0.004247140987052589,0.969221142158424,0.935786681624776,1.0484601542918663,45.33168933083958,-0.013215859442902019
108.54341888427734,111.67373680721721,106.6051435470581,111.03410239684672,180860300,-0.013128913416109667,-1.4440155029296875,5.068593260159105,-2.490683512569376,111.7590316772461,117.93413543701172,117.38887367248535,105.31346099853516,0.03299795304433656,114.66418031886076,-8.605972290039062,-12.608505249023438,-2.9171142578125,-0.007758083417089834,220809800.0,-0.0326459698248428,0.0398866330983374,-0.06729507072718444,-0.08006063989055867,-0.07346151955014013,-0.10407185308217293,-0.026171723529204383,0.9712272668731126,0.9246482693676166,1.030669943377771,36.74026230471024,0.029558796099798182
111.79972076416016,112.35212893319483,109.31873072694243,111.17947325485572,140150100,0.029999993674001413,3.2563018798828125,3.0333982062524,0.6202475093044342,110.67359161376953,117.01854248046875,117.41079978942871,105.78826705932617,0.03370869734372602,114.39137464698452,-5.4272003173828125,-9.155929565429688,0.4385223388671875,-0.2250919632445595,182318380.0,-0.013128913416109667,-0.0326459698248428,0.0398866330983374,0.0006618037571461954,-0.04629653553391255,-0.07569658416519498,0.003937837820247259,1.0101752291036203,0.9522098560325645,1.05682533490659,39.18173014953039,0.0015592649351689068
111.97418212890625,115.16264637332723,110.10374588199468,114.6780774740645,184642000,0.0015604812208263041,0.17446136474609375,5.058900491332551,-2.7038953451582444,111.20080261230468,115.710205078125,117.45598640441895,106.21945037841797,0.03369973634625164,114.16116583573896,2.6360549926757812,-13.0833740234375,0.9037322998046875,0.31745892439605816,172973460.0,0.029999993674001413,-0.013128913416109667,-0.0326459698248428,-0.06729507072718444,0.02410920199311062,-0.10461882053331883,0.008136568287921975,1.0069548015700742,0.9533288643404005,1.0541777586871937,40.26015980867882,-0.0299579135369742
108.66941833496094,112.41998426492623,108.58219948246469,111.67375141580924,154679000,-0.029513622971952813,-3.3047637939453125,3.83778478246154,-3.0043330808482978,110.19483489990235,113.57325592041016,117.28965835571289,106.59014923095702,0.03432050381747958,113.6381422642363,-5.029838562011719,-21.369491577148438,-3.3265609741210938,-0.16227618851615555,168521160.0,0.0015604812208263041,0.029999993674001413,-0.013128913416109667,0.0398866330983374,-0.04423809529880618,-0.16433151886302055,-0.02970250355988746,0.9861570955995619,0.9265046881234088,1.0195071413165826,35.4260877550669,-0.016092331958720944
106.9346694946289,108.73726653223142,105.35497742143326,106.33380874471821,178011000,-0.015963542152999,-1.7347488403320312,3.3822891107981548,0.6008607499106944,109.58428192138672,111.53225402832031,117.02956619262696,106.8841682434082,0.034478210708573945,112.99971628617844,-3.052764892578125,-20.410018920898438,-5.20184326171875,0.1508414199729764,167668480.0,-0.029513622971952813,0.0015604812208263041,0.029999993674001413,-0.0326459698248428,-0.02775557871302803,-0.16027381412485997,-0.0463884878694365,0.9758212365833762,0.9137406295996845,1.0004724857951433,35.22809569771232,-0.03223412525199879
103.54268646240234,107.45800434374442,102.81583306003789,106.99282230683487,287104900,-0.0317201432262989,-3.3919830322265625,4.642171283706531,-3.4501358444325234,108.58413543701172,110.17158355712891,116.47546157836913,107.10241516113281,0.03461119326636808,112.09904677915215,-5.000732421875,-13.606704711914062,-11.08209228515625,0.6128492059479471,188917400.0,-0.015963542152999,-0.029513622971952813,0.0015604812208263041,-0.013128913416109667,-0.04607126321685595,-0.11614831776349144,-0.09668147154781126,0.9535710354526526,0.8889656676117559,0.966763320011272,33.034361937655774,0.029874989959456245
106.68269348144531,106.78929923364105,99.91810821399545,101.31366904715068,195713800,0.030325724841832713,3.1400070190429688,6.871191019645593,5.36902443429463,107.56072998046875,109.11716079711914,115.78301277160645,107.3802212524414,0.03309613593041129,111.58320360794198,-5.117027282714844,-10.544227600097656,-13.848976135253906,-0.31831954104579896,200030140.0,-0.0317201432262989,-0.015963542152999,-0.029513622971952813,0.029999993674001413,-0.0457695891164982,-0.0899471512415062,-0.11489906494529456,0.9918368302336469,0.9214019477268878,0.9935041317399015,31.75519724958707,0.015593598078856923
108.35929870605469,109.37689638794417,105.79108936459673,109.20245128230411,183055400,0.015715812658038786,1.676605224609375,3.585807023347442,-0.8431525762494232,106.83775329589844,109.01927795410157,115.10231475830078,107.70012084960938,0.033211192493100686,111.27616504585748,-3.6148834228515625,-0.9788284301757812,-13.613960266113281,-0.0646781167194137,199712820.0,0.030325724841832713,-0.0317201432262989,-0.015963542152999,0.0015604812208263041,-0.03228318666074348,-0.008952306535818022,-0.11161430284665697,1.0142416455159082,0.9414171985471751,1.0061204931920715,26.961916655937785,-0.042851239155949156
103.81404876708984,108.65004455027305,103.47484460570544,108.17516907584385,150718700,-0.0419460996263431,-4.545249938964844,5.175199944567609,-4.3611203087540105,105.86667938232422,108.03075714111328,114.24438591003418,107.89854568481445,0.03420508755771906,110.56548730502247,-4.855369567871094,-9.885208129882812,-17.15857696533203,-0.1766498010984653,198920760.0,0.015715812658038786,0.030325724841832713,-0.0317201432262989,-0.029513622971952813,-0.044680183645641525,-0.08694171272236362,-0.1418385098401097,0.9806111740992502,0.9087015343479715,0.9621450234402978,25.94137455037429,0.010216452789130174
104.88009643554688,106.8474450340975,101.75947146104525,101.92422311648544,167743300,0.010268818923041323,1.0660476684570312,5.087973573052253,2.955873319061439,105.45576477050781,107.52002334594727,113.35750465393066,108.10537673950195,0.034107228488754485,110.02402150792956,-2.0545730590820312,-5.107337951660156,-17.737625122070312,0.11295612289649526,196867220.0,-0.0419460996263431,0.015715812658038786,0.030325724841832713,-0.015963542152999,-0.01921334838169797,-0.04643564949137691,-0.1446579246192854,0.9945411392519536,0.925215289060354,0.970165403412571,34.576028061145706,0.03682956299792391
108.8147964477539,108.96986205260443,104.3470703746047,105.08361720977464,149981400,0.03751617462160772,3.9347000122070312,4.622791677999729,3.731179237979262,106.51018676757812,107.54716110229492,112.74064826965332,108.41416748046875,0.035510796948718976,109.90885721648426,5.2721099853515625,0.2713775634765625,-12.337127685546875,-0.10588738864681924,169442520.0,0.010268818923041323,-0.0419460996263431,0.015715812658038786,-0.0317201432262989,0.050917260943059706,0.0025001751950146645,-0.10183187575273345,1.0216374578818908,0.9651780268948822,1.0036953562121604,40.35984062262513,0.023588701398460532
111.412109375,111.76099966462225,109.29938812959263,111.46056923508952,137672400,0.023869115341250247,2.5973129272460938,2.4616115350296184,-0.04845986008952252,107.45606994628906,107.5083999633789,112.26347122192382,108.77867736816407,0.03608171786611328,110.05202408872385,4.7294158935546875,-0.38761138916015625,-9.543540954589844,-0.08207017670191108,157834240.0,0.03751617462160772,0.010268818923041323,-0.0419460996263431,0.030325724841832713,0.04433161311564793,-0.0034670157180251016,-0.07890115863611846,1.0368154114578017,0.9924163947751015,1.0242090827959143,52.704783839971,-0.007596881670131113
110.56893157958984,111.7512809163313,110.06498316084728,111.01474148847176,99382200,-0.007568098298651904,-0.8431777954101562,1.68629775548402,-0.4458099088819125,107.89799652099609,107.36787490844726,111.53903999328614,109.08704772949218,0.034995526904547235,110.10125337356824,2.2096328735351562,-1.4052505493164062,-14.488624572753906,-0.2781254630557759,141099600.0,0.023869115341250247,0.03751617462160772,0.010268818923041323,0.015715812658038786,0.02039172364458741,-0.012549772836908613,-0.11585565093806904,1.0247542599929,0.9913025213973987,1.0135844161240146,45.50514407710288,0.014963432543136626
112.2358627319336,113.6411171846329,110.11345566616853,110.2782073418153,142675200,0.01507594519120281,1.66693115234375,3.5276615184643703,1.9576553901182905,109.58235931396484,107.72451934814453,110.64888763427734,109.45502166748047,0.03372056625692675,110.30454950293637,8.42181396484375,3.5664443969726562,-17.80304718017578,0.4356212681949081,139490900.0,-0.007568098298651904,0.023869115341250247,0.03751617462160772,-0.0419460996263431,0.08112402959775089,0.03281920941160754,-0.13690553998190613,1.0242146950894366,1.0143424405937238,1.0254062447029721,53.42995994465621,0.008426444874394473
113.18560791015625,114.0869063866764,112.25523648180236,114.00937358582986,116120400,0.008462047291346142,0.9497451782226562,1.8316699048740475,-0.8237656756736129,111.24346160888672,108.34961318969727,109.9409336090088,109.83671752929688,0.03371720605735721,110.5789360179097,8.305511474609375,6.250938415527344,-14.159080505371094,-0.18612064325124478,129166320.0,0.01507594519120281,-0.007568098298651904,0.023869115341250247,0.010268818923041323,0.07919054002504144,0.05845567620930758,-0.11118705209886603,1.0174585209160227,1.0295128865531262,1.030489716519124,57.19004998734423,-0.032812714178931425
109.53195190429688,111.80943167027127,108.75664609356778,109.40596665096126,144712000,-0.03228021718767948,-3.653656005859375,3.052785576703485,0.12598525333561383,111.38689270019532,108.94853973388672,109.56006164550782,110.23100311279296,0.029582326670569738,110.47922324518467,0.7171554565429688,5.989265441894531,-7.617439270019531,0.24622374707631045,128112440.0,0.008462047291346142,0.01507594519120281,-0.007568098298651904,0.03751617462160772,0.006590606056845472,0.057843442608274565,-0.06502329370781712,0.9833468664855287,0.999743430764927,0.9936583067489572,46.53027663141469,0.03032645458939936
112.90454864501953,113.04992078729782,110.04559522059489,110.3944854044891,106243800,0.03079098548037784,3.3725967407226562,3.0043255667029314,2.510063240530428,111.68538055419921,109.57072525024414,109.34394302368165,110.69719085693359,0.03052724522623853,110.7102066165975,1.4924392700195312,6.221855163574219,-4.3223724365234375,-0.26582591630272545,121826720.0,-0.03228021718767948,0.008462047291346142,0.01507594519120281,0.023869115341250247,0.013395664783584227,0.058321129327844945,-0.036871841353888324,1.01091609380539,1.0325633548862119,1.019940504099501,51.296586801300315,-0.029088415800493626
109.66764068603516,112.53628778325715,108.78572170928096,112.1292442741749,161498200,-0.028669420300872495,-3.236907958984375,3.750566073976188,-2.461603588139738,111.50512237548828,109.7015594482422,109.36041870117188,111.05617202758789,0.027179214112897542,110.6109146232106,-0.9012908935546875,1.3083419799804688,0.3295135498046875,0.5200717594814945,134249920.0,0.03079098548037784,-0.03228021718767948,0.008462047291346142,-0.007568098298651904,-0.008151393711405497,0.0120741089653007,0.003013711304878486,0.9835211006426638,1.0028092612346589,0.9874970358134818,51.39378883575558,0.016824687643582487
111.52837371826172,111.98386964245861,110.60768842209468,111.08257124183804,96849000,0.016967019811738426,1.8607330322265625,1.3761812203639323,0.44580247642367965,111.3636245727539,110.47299194335938,109.25187454223632,111.48250183105469,0.025883500324933913,110.69829167988215,-0.707489013671875,7.714324951171875,-2.1708831787109375,-0.4003091056123226,125084680.0,-0.028669420300872495,0.03079098548037784,-0.03228021718767948,0.01507594519120281,-0.00630359135173808,0.07430906551462235,-0.0190932046343808,1.0014793802387438,1.0208371635321032,1.0004114716341452,56.39156903016841,-0.0009562488182696673
111.4217758178711,112.80764318962937,111.05349871590646,112.66227103853464,83477200,-0.0009557917580678144,-0.106597900390625,1.754144473722917,-1.2404952206635471,111.01085815429687,111.1271598815918,109.32359161376954,111.87211547851562,0.02476726016851784,110.76719493111919,-1.7638320922851562,6.541679382324219,1.4343414306640625,-0.13806853968548982,118556040.0,0.016967019811738426,-0.028669420300872495,0.03079098548037784,0.008462047291346142,-0.015583536854661184,0.0623729344713595,0.013040957257121955,1.0037015988382243,1.019192419249399,0.995974513767633,62.06588751677752,0.017246356666562518
113.36006164550781,113.38913459955495,111.37332598768504,111.72221622412157,100506900,0.01739593372488546,1.9382858276367188,2.0158086118699146,1.6378454213862454,111.77648010253907,111.5816864013672,109.56442375183106,112.27824493408202,0.024795142059017814,111.01413461820383,3.8281097412109375,4.545265197753906,4.816642761230469,0.20400420713679912,109715020.0,-0.0009557917580678144,0.016967019811738426,-0.028669420300872495,-0.03228021718767948,0.03494970805008335,0.04177065386448864,0.04437526301217476,1.014167394978944,1.0346429777449846,1.0096351409131923,60.616337993180046,0.061584659876674774
120.56075286865234,121.31667922649164,115.59876429754219,116.35469065538149,240226800,0.0635205302345554,7.200691223144531,5.717914928949455,4.2060622132708545,113.30772094726562,112.49655075073242,110.00247535705566,112.63355499267578,0.027715185458635452,111.92333635634178,7.6562042236328125,9.148643493652344,8.761032104492188,1.390152317900562,136511620.0,0.01739593372488546,-0.0009557917580678144,0.016967019811738426,0.03079098548037784,0.06781130003632097,0.08211534226373085,0.07836363136338642,1.0640118066160942,1.0959821811038861,1.0703804286075498,66.50065609770542,-0.026885492382664862
117.36260223388672,121.5202048546633,115.9573551882952,121.40390564086033,262330500,-0.02652729481749272,-3.198150634765625,5.562849666368109,-4.041303406973611,114.84671325683594,113.17591781616211,110.27189636230469,112.87309814453126,0.028551916310803362,112.44136167801273,7.6949615478515625,6.793670654296875,5.388420104980469,0.09201179885008659,156678080.0,0.0635205302345554,0.01739593372488546,-0.0009557917580678144,-0.028669420300872495,0.0701661994341729,0.061442853405946574,0.048121986716341825,1.0219064952379124,1.064302021689054,1.0397747927819503,69.01522857858748,0.0007428843918550443
117.44982147216797,119.23303161360833,115.9282753037238,117.26568290980406,150712000,0.0007431603988077295,0.08721923828125,3.3047563098845387,0.18413856236391268,116.03100280761718,113.69731369018555,110.71091651916504,113.10030975341797,0.027536629572608433,112.91835784888465,5.92144775390625,5.213958740234375,8.780403137207031,-0.4254880770630941,167450680.0,-0.02652729481749272,0.0635205302345554,0.01739593372488546,0.016967019811738426,0.053093643854834394,0.04645537186886073,0.08079920985812628,1.0122279272799464,1.0608693809506704,1.0384571158844111,68.1398560252514,-0.003968660034517805
116.98462677001953,117.45950223722147,114.50363628707971,115.05604455535725,112559200,-0.003960795310861132,-0.4651947021484375,2.9558659501417566,1.9285822146622849,117.14357299804688,114.07721557617188,111.21341438293457,113.31052703857422,0.027201640018073556,113.3056215556594,5.5628509521484375,3.7990188598632812,10.049957275390625,-0.2531503795318223,173267080.0,0.0007431603988077295,-0.02652729481749272,0.0635205302345554,-0.0009557917580678144,0.04992606616898132,0.033564504622167535,0.0939822166457942,0.9986431502475173,1.0518931319491125,1.0324250520006366,63.10225138738732,-0.014099405504326652
115.34678649902344,117.79871153091253,115.1432684327753,117.53704016435405,115393800,-0.014000474388963347,-1.6378402709960938,2.6554430981372263,-2.1902536653306157,117.54091796875,114.65869903564453,111.80361938476562,113.41369201660156,0.02621859461839278,113.50001821693218,1.986724853515625,5.8148345947265625,11.804100036621094,0.025183192488930306,176244460.0,-0.003960795310861132,0.0007431603988077295,-0.02652729481749272,0.01739593372488546,0.017525791929510204,0.05308802129087642,0.11400225781187667,0.9813330412281628,1.0316909875883733,1.0170446305736958,56.51054435354576,-0.02587388009166421
112.40059661865234,116.703563090536,112.09047284235501,116.25776062422946,120639300,-0.025542019589735454,-2.9461898803710938,4.613090248180981,-3.8571640055771184,115.90888671875,114.60830383300781,112.08951454162597,113.50803771972656,0.026436227132296132,113.39531139804838,-8.16015625,-0.5039520263671875,5.717903137207031,0.045457381592425294,152326960.0,-0.014000474388963347,-0.003960795310861132,0.0007431603988077295,0.0635205302345554,-0.06768501403512528,-0.0044635227935028166,0.05359728884424464,0.9697323458156368,1.0027753004221536,0.9902435006073429,52.83357536592873,0.013105671211594911
113.88337707519531,115.30801072573557,112.06139340503645,112.61380161708941,124423700,0.013191926921648722,1.4827804565429688,3.246617320699116,1.2695754581059049,115.21304168701172,115.02987747192383,112.365718460083,113.6007356262207,0.026378010304065357,113.44179384349094,-3.4792251586914062,4.215736389160156,5.524078369140625,0.03136954541347636,124745600.0,-0.025542019589735454,-0.014000474388963347,-0.003960795310861132,-0.02652729481749272,-0.029645092154294672,0.03844102383153558,0.050979273907315825,0.9884590790040195,1.0135064202490855,1.0024880248126613,52.563299951782994,-0.005461286519715902
113.26312255859375,115.04633232866423,112.85607911635273,113.06929058754238,89946000,-0.005446400805202867,-0.6202545166015625,2.1902532123115037,0.19383197105136674,114.37570190429688,115.20335235595704,112.8381721496582,113.74600891113282,0.024298672964049958,113.42477753064358,-4.186698913574219,1.7347488403320312,9.449073791503906,-0.2770991378652138,112592400.0,0.013191926921648722,-0.025542019589735454,-0.014000474388963347,0.0007431603988077295,-0.03564670308644391,0.01555432741011975,0.09101922045929656,0.9902725900066252,1.0037660164183795,0.9957546962995745,50.121851178454406,-0.00962944265089774
112.17769622802734,114.39702259575029,111.0534928722476,113.8252274699149,101988000,-0.009583228027329804,-1.0854263305664062,3.3435297235026837,-1.6475312418875632,113.41431579589843,115.27894439697266,113.20305213928222,113.79911727905274,0.024461675295900268,113.30600788277538,-4.8069305419921875,0.75592041015625,7.297599792480469,0.13388032819691809,110478160.0,-0.005446400805202867,0.013191926921648722,-0.025542019589735454,-0.003960795310861132,-0.04109027548929267,0.006784314866708607,0.06958040696468215,0.9890964420215124,0.9909423298057962,0.9857519013346173,54.52436164624907,-0.006152727428806862
111.48961639404297,112.95301658165369,110.75306957595657,112.79795098039979,82572600,-0.00613383816142643,-0.688079833984375,2.199947005697112,-1.3083345863568212,112.64288177490235,115.09189987182617,113.33679313659668,113.7996989440918,0.023195545395072358,113.13301821718181,-3.8571701049804688,-1.8704452514648438,2.6748199462890625,-0.19036945523002702,103913920.0,-0.009583228027329804,-0.005446400805202867,0.013191926921648722,-0.014000474388963347,-0.03343977081678928,-0.016500037352784602,0.024581399162689754,0.9897617553573959,0.9837018792270975,0.9797004511305101,47.33578085189276,8.690414724382525e-05
111.49930572509766,112.95301241046303,109.39627110087882,110.49140153597219,111850700,8.690792351861987e-05,0.0096893310546875,3.5567413095842113,1.007904189125469,112.4626235961914,114.18575515747071,113.34115295410156,113.80246109008789,0.022588335390003326,112.97742655126905,-0.9012908935546875,-9.061447143554688,0.08719635009765625,0.3545740354548603,102156200.0,-0.00613383816142643,-0.009583228027329804,-0.005446400805202867,-0.025542019589735454,-0.008018559693348859,-0.07516083740308832,0.0007826469724594443,0.9914343286659162,0.9837495280310958,0.9797618140861908,53.926039743139405,0.013382350131403343
113.00145721435547,113.66047116286873,111.00503586765389,111.92571374848922,92276800,0.013472294553666275,1.5021514892578125,2.6554352952148434,1.0757434658662532,112.28623962402344,113.74964065551758,113.46277923583985,113.84108123779296,0.022693383906631816,112.9797151858487,-0.8819198608398438,-4.36114501953125,2.432525634765625,-0.17500024586345908,95726820.0,8.690792351861987e-05,-0.00613383816142643,-0.009583228027329804,0.013191926921648722,-0.007744061367775612,-0.037159580109174084,0.022000082663497844,1.006369592505073,0.9959341554596906,0.992624595494805,53.20674006671242,-0.04741883417710244
107.76811981201172,111.86757593688382,107.67120751132958,111.49930623671789,143937800,-0.04631212314737232,-5.23333740234375,4.19636842555424,-3.7311864247061663,111.18723907470704,112.78147048950196,113.23939208984375,113.75652404785156,0.02479096245346089,112.4833727692928,-5.495002746582031,-9.68170166015625,-4.467742919921875,0.559848195862882,106525180.0,0.013472294553666275,8.690792351861987e-05,-0.00613383816142643,-0.005446400805202867,-0.04851537395800942,-0.0824326639138444,-0.03980673210124219,0.9692489957377393,0.9516840193429231,0.9473577072966749,43.49774311297796,0.0363803871069876
111.76095581054688,113.32126805078815,108.73724361827925,108.90200264157163,146129200,0.03705025201794521,3.9928359985351562,4.5840244325088975,2.8589531689752476,111.10389099121093,112.25910339355468,113.16815948486328,113.74901290893554,0.026194542702759994,112.41457115417414,-0.41674041748046875,-5.223670959472656,-1.424652099609375,0.015224631750659023,115353420.0,-0.04631212314737232,0.013472294553666275,8.690792351861987e-05,-0.009583228027329804,-0.003715002460322858,-0.04465262747507748,-0.012586866174189137,1.0059139676700244,0.9875653745654084,0.9825224232936399,47.348069234272984,-0.0576479877901009
105.50035095214844,108.53374987611883,104.39553435267372,107.63245134560678,190272600,-0.056017817787915036,-6.2606048583984375,4.138215523445112,-2.1321003934583445,109.90603790283203,111.27445983886719,112.96657943725586,113.56652435302735,0.028181775891968724,111.75607399207645,-5.989265441894531,-9.846435546875,-4.0316009521484375,0.30208473049876416,136893420.0,0.03705025201794521,-0.04631212314737232,0.013472294553666275,-0.00613383816142643,-0.053720387921386226,-0.08536376127789536,-0.03680753316320917,0.9599140590021209,0.9339076342551884,0.9289740225226512,24.22025288220361,-0.0008272789373649182
105.4131088256836,107.26416545991421,104.00786205893465,105.74261950243951,122866900,-0.000826936836488934,-0.08724212646484375,3.2563034009795615,-0.32951067675591617,108.68879852294921,110.57571105957031,112.59200744628906,113.26415313720703,0.027142914837234234,111.1519820714676,-6.0861968994140625,-6.98748779296875,-7.4914398193359375,-0.35425857427711605,139096660.0,-0.056017817787915036,0.03705025201794521,-0.04631212314737232,8.690792351861987e-05,-0.05458506543905861,-0.06216593152681904,-0.06635197526797254,0.9698617544606128,0.9362397137822586,0.9306837680407785,27.107238364512924,0.01523705504462624
107.0315933227539,108.04918369356872,105.3743683811965,106.27566693473848,107624400,0.015353730812993183,1.6184844970703125,2.6748153123722176,0.7559263880154248,107.49482574462891,109.89053268432617,112.460205078125,112.96531982421875,0.026740342464657573,110.75956409539963,-5.9698638916015625,-6.851783752441406,-2.63604736328125,-0.12405700803064124,142166180.0,-0.000826936836488934,-0.056017817787915036,0.03705025201794521,0.013472294553666275,-0.05282997262838096,-0.060164915446064504,-0.02403669256301344,0.9956906537717872,0.9517285981152187,0.9474730252550243,31.14696700348526,0.04002472165202751
111.40238952636719,112.02263714006965,108.88263267145909,110.61739025769825,138235500,0.04083650507222791,4.370796203613281,3.140004468610556,0.7849992686689404,108.2216796875,109.70445938110352,112.45390586853027,112.77391510009765,0.028077858240265843,110.82078556501558,3.6342697143554688,-1.8607330322265625,-0.12598419189453125,0.28442527902594583,141025720.0,0.015353730812993183,-0.000826936836488934,-0.056017817787915036,-0.04631212314737232,0.03372305019977162,-0.016428410149684547,-0.0011296156098606902,1.0293906899990073,0.9906493568716732,0.9878382729506809,41.14934041765122,0.03487808196606502
115.3564453125,115.92824033127073,113.26311197822776,114.30977494839739,126387100,0.035493455777238614,3.9540557861328125,2.6651283530429737,1.04667036410261,108.94077758789062,110.02233428955078,112.65063934326172,112.62868957519531,0.02915320287985975,111.2527531600141,3.595489501953125,3.1787490844726562,3.9346694946289062,-0.08571170213150747,137077300.0,0.04083650507222791,0.015353730812993183,-0.000826936836488934,0.03705025201794521,0.03217124867872534,0.028336729950409367,0.0353132901153943,1.05889133405013,1.024019446183464,1.0242190133579023,50.01426626760182,-0.001136425910666307
115.22542572021484,115.72053342058035,112.74014741905776,114.8662234022807,114457900,-0.0011357804232804414,-0.13101959228515625,2.9803860015225894,0.35920231793414814,110.8857925415039,110.39591522216797,112.74390754699706,112.5101596069336,0.028936482144529853,111.63110292765226,9.725074768066406,3.735809326171875,1.8653640747070312,-0.09438621504884592,121914360.0,0.035493455777238614,0.04083650507222791,0.015353730812993183,-0.056017817787915036,0.0921804968447677,0.033508136874094374,0.01645521401126504,1.0391360613406504,1.0220102196846723,1.024133519344096,54.550779857671365,-0.02017024061583207
112.9245834350586,118.42907262853805,112.66246807633155,116.98256825674697,154515300,-0.019968182115838284,-2.30084228515625,5.766604552206502,-4.057984821688379,112.38808746337891,110.53844299316407,112.36209907531739,112.34953826904297,0.02526386334227964,111.75429154740524,7.511474609375,1.4252777099609375,-7.63616943359375,0.349974968962387,128244040.0,-0.0011357804232804414,0.035493455777238614,0.04083650507222791,-0.000826936836488934,0.07125750006857645,0.012782839325250706,-0.06333876698591245,1.004773601756098,1.0050059972568166,1.005118358071384,48.49505721180042,-0.003013199735539775
112.58483123779297,114.15753861862245,110.79853707591374,112.17709283585141,138023400,-0.0030086646054444666,-0.339752197265625,3.359001542708711,0.4077384019415575,113.49873504638671,110.49678039550781,112.12321052551269,112.10008377075195,0.024649099918717814,111.83339056553741,5.5532379150390625,-0.4166259765625,-4.77777099609375,-0.10673311963281307,134323840.0,-0.019968182115838284,-0.0011357804232804414,0.035493455777238614,0.015353730812993183,0.05188410022350376,-0.0036869079995330845,-0.04070948415554332,0.9919478943248113,1.0041170843228329,1.0043242382229824,48.92588127753256,0.029900890318140506
116.0020523071289,116.13796507649292,113.04108708119541,113.7691943770842,112295000,0.030352410993256695,3.4172210693359375,3.096877995297504,2.232857930044702,114.41866760253906,111.32017364501954,112.05082206726074,111.81934661865235,0.025676729566146684,112.23040596949852,4.599662780761719,8.233932495117188,-1.4477691650390625,-0.18640607317309965,129135740.0,-0.0030086646054444666,-0.019968182115838284,-0.0011357804232804414,0.04083650507222791,0.04128872639372827,0.07640415838636017,-0.012326703837367226,1.0138385172434459,1.0352628402627546,1.037405921380861,55.63962627656812,-0.002345918741574964
115.73023986816406,117.011708557713,115.10892216454586,116.12827545684921,103162300,-0.002343169224671926,-0.27181243896484375,1.9027863931671476,-0.398035588685147,114.49342651367188,111.71710205078125,111.98810272216797,111.58705764770508,0.025667153537832083,112.56372348365714,0.3737945556640625,3.9692840576171875,-1.2543869018554688,-0.08132775279398019,124490780.0,0.030352410993256695,-0.0030086646054444666,-0.019968182115838284,0.035493455777238614,0.0032403439153438907,0.03551583850397422,-0.010722664477286203,1.0108024835324891,1.033415488387012,1.037129594666252,56.331207921667236,0.00041938613834660983
115.7787857055664,116.17681389575209,114.42936059587085,115.95353177622367,81581900,0.00041947409300835403,0.04854583740234375,1.7474532998812435,-0.17474607065726389,114.60409851074219,112.74494552612305,112.00970268249512,111.55964553833007,0.02546150899976916,112.86991988574374,0.5533599853515625,10.278434753417969,0.43199920654296875,-0.20918882188551435,117915580.0,-0.002343169224671926,0.030352410993256695,-0.0030086646054444666,-0.0011357804232804414,0.0048024121576708545,0.09742559774118598,0.0037452209953559024,1.0102499579865734,1.0336496118890273,1.0378195910078138,56.3818158070428,0.008682584958191885
116.78842163085938,117.45827535475047,114.70117908437909,115.44869936969526,91183000,0.008720387928929707,1.0096359252929688,2.7570962703713775,1.3397222611641126,115.37686614990234,113.88247680664062,112.22909393310547,111.5508755493164,0.024760306126418108,113.24311052813572,3.8638381958007812,11.375312805175781,4.387825012207031,0.11768664372857218,105249120.0,0.00041947409300835403,-0.002343169224671926,0.030352410993256695,-0.019968182115838284,0.03421609430175865,0.10791174771238898,0.03903738186634231,1.0122343024911344,1.0406251849495596,1.0469520840222133,55.731539941512,-0.007593253559601282
115.90497589111328,117.14761119066519,115.48752740079281,116.06030900690259,74271000,-0.007564497639487411,-0.8834457397460938,1.660083789872374,-0.1553331157893041,116.0408950805664,114.76981506347656,112.33017387390137,111.68221252441407,0.024710728075317757,113.49662151508596,3.3201446533203125,8.873382568359375,2.0215988159179688,-0.1854731693407763,92498640.0,0.008720387928929707,0.00041947409300835403,-0.002343169224671926,-0.0030086646054444666,0.02949015970284452,0.08290433032797773,0.017751482857617962,0.9988286957855784,1.0318240584335325,1.037810527489112,64.18248017936313,-0.011456447693664919
114.5846939086914,116.32244455787598,114.55557079610209,115.14776544105797,76322100,-0.01139107249081528,-1.320281982421875,1.766873761773894,-0.563071532366564,115.7574234008789,115.08804550170899,112.39625244140625,111.69992126464844,0.02482999566011174,113.6002474573341,-1.4173583984375,3.1823043823242188,1.3215713500976562,0.027616431716282364,85304060.0,-0.007564497639487411,0.008720387928929707,0.00041947409300835403,0.030352410993256695,-0.012218390711613236,0.028565853891051596,0.01166815217736894,0.9898690774402759,1.0194707689958438,1.0258260938000854,55.42739729000406,0.005154930785019999
115.17689514160156,115.58463355455793,113.40031110511585,114.15754170251833,74113000,0.0051682403007689,0.5922012329101562,2.184322449442078,1.0193534390832326,115.64675445556641,115.07009048461914,112.54621238708496,111.80371047973632,0.024721844093935,113.75040437964529,-0.5533447265625,-0.1795501708984375,2.9991989135742188,-0.028944434180925294,79494200.0,-0.01139107249081528,-0.007564497639487411,0.008720387928929707,-0.002343169224671926,-0.004781332236007185,-0.0015564814814814643,0.026736142873514224,0.9959371162971514,1.0233742451098113,1.0301705967305674,73.78074206961102,-0.011018275214114309
113.91481018066406,115.30306839104708,113.8662741381708,115.17686579253606,73604300,-0.010957796347834003,-1.2620849609375,1.4367942528762825,-1.2620556118720003,115.27395935058594,114.93902893066407,112.66747207641602,111.91113830566407,0.024824717902867048,113.76606207498041,-1.8639755249023438,-1.3106155395507812,2.4251937866210938,-0.0068638430504769365,77898680.0,0.0051682403007689,-0.01139107249081528,-0.007564497639487411,0.00041947409300835403,-0.016099456507019938,-0.011374360575010178,0.021752642668081412,0.9882093997848356,1.0110709691205466,1.0179041327372378,69.75285860602341,-0.030193950213822825
110.52667999267578,114.18663661435309,110.42960050653552,113.75947798730789,127959300,-0.02974266631893474,-3.3881301879882812,3.7570361078175694,-3.232797994632108,114.02161102294922,114.69923858642578,112.61884078979492,111.88567749023437,0.02578352151366896,113.45754949571331,-6.261741638183594,-2.3979034423828125,-0.972625732421875,0.7384758770887028,85253940.0,-0.010957796347834003,0.0051682403007689,-0.01139107249081528,0.008720387928929707,-0.05361611665560029,-0.02123455645742378,-0.008723155055511245,0.9693485208732053,0.9814226395650423,0.9878536955931897,57.503462572117805,0.011527732230401927
111.80817413330078,112.46832515996194,109.30348281979012,110.58495899509562,113874200,0.011594432590483317,1.281494140625,3.164842340171816,1.2232151382051626,113.20225067138672,114.62157287597657,112.55917663574219,111.88235733032226,0.02573479154914566,113.3004661278645,-4.0968017578125,-0.7766571044921875,-1.1932830810546875,-0.11007484411058832,93174580.0,-0.02974266631893474,-0.010957796347834003,0.0051682403007689,-0.007564497639487411,-0.035346211207198164,-0.006898416917744399,-0.010559891088759321,0.9876850810843613,0.9933279318054026,0.999336953575241,51.00439132039115,0.007439307702742945
112.64305114746094,113.34203533416394,111.80815419186463,112.17706662745255,76499200,0.007467048099406348,0.8348770141601562,1.5338811422993075,0.46598452000839075,112.81392211914063,114.28567276000976,112.80292320251465,111.96182998657227,0.023365134870039102,113.23785517734987,-1.9416427612304688,-3.3590011596679688,4.874931335449219,-0.3282130631872716,93210000.0,0.011594432590483317,-0.02974266631893474,-0.010957796347834003,-0.01139107249081528,-0.016945044708830848,-0.028956394243565775,0.04523537521071108,0.9984853733611067,0.998582731275796,1.0060844053814624,42.05743392026213,0.004814880673404894
113.18672180175781,114.060452186272,112.82752688184597,113.1673088628538,46691300,0.0048264908377273485,0.543670654296875,1.2329253044260327,0.019412938904011412,112.41588745117187,114.03132095336915,112.8742115020752,112.08687103271484,0.021921897077725225,113.23298533205539,-1.99017333984375,-2.54351806640625,1.4257659912109375,-0.3896498264034134,87725660.0,0.007467048099406348,0.011594432590483317,-0.02974266631893474,0.0051682403007689,-0.017279275825216267,-0.021977990102705514,0.01275728165413903,1.0068569876381641,1.002768659869459,1.0098124852528174,44.173132435488775,0.020879792963270118
115.57488250732422,117.43883510792733,113.4002637332647,113.5555968199929,169410200,0.021099300938754784,2.3881607055664062,4.038571374662638,2.019285687331319,112.7479019165039,114.01093063354492,113.37793807983398,112.32751495361327,0.017781465150602794,113.45602315827146,1.6600723266601562,-0.2039031982421875,10.074531555175781,2.628303345591149,106886840.0,0.0048264908377273485,0.007467048099406348,0.011594432590483317,-0.010957796347834003,0.014572927997925422,-0.0017611447295770022,0.09549287243362126,1.0250734651622506,1.0193771774711873,1.0289098139049189,57.53726103510734,0.030361786675918337
119.13775634765625,119.86586355407688,116.50686319725912,117.47767280581996,127728200,0.030827406120064627,3.5628738403320312,3.3590003568177593,1.6600835418362863,114.4701171875,114.24586410522461,114.06417045593261,112.5766162109375,0.018649369823191042,113.99714060487953,8.611076354980469,2.349334716796875,13.724647521972656,-0.24604185580325155,106840620.0,0.021099300938754784,0.0048264908377273485,0.007467048099406348,-0.02974266631893474,0.07790948172469392,0.020116161208365124,0.13019867903401305,1.0407760494602338,1.0444801016081011,1.0582815539989672,65.74886527785061,0.002929433441736988
119.48727416992188,119.76880990592802,117.36119829848747,118.45821072635326,89004200,0.002933728424813431,0.349517822265625,2.4076116074405576,1.0290634435686172,116.00593719482421,114.60409393310547,114.68695449829102,112.79917572021485,0.018538563310218643,114.52001046821691,7.679100036621094,3.5822982788085938,12.455680847167969,-0.30317502321335466,101866620.0,0.030827406120064627,0.021099300938754784,0.0048264908377273485,0.011594432590483317,0.06868102530201292,0.030907200068562846,0.11637387112053776,1.030009989654676,1.0418558474469073,1.0592920861965878,59.82487012799871,-0.0011381548944711924
119.35135650634766,120.16683316485343,118.64266210929217,119.91442054863892,78967600,-0.0011375074418463749,-0.13591766357421875,1.5241710555612542,-0.5630640422912592,117.34759826660157,115.0807601928711,115.08440284729004,113.109921875,0.01662656321605876,114.98013866232459,6.708305358886719,4.76666259765625,7.948966979980469,-0.11276546500052809,102360300.0,0.002933728424813431,0.030827406120064627,0.021099300938754784,0.007467048099406348,0.0595536545801203,0.0415994705318552,0.07135364882006479,1.017075409035588,1.0370767328455412,1.0551802576457014,60.28677355691019,-0.005628320646067677
118.6814956665039,119.27369022514605,117.97280126779268,119.02127760834182,78260400,-0.005612511323305536,-0.66986083984375,1.3008889573533793,-0.3397819418379129,118.44655303955078,115.43122024536133,115.25065536499024,113.38594985961915,0.014928207290708954,115.3326488531988,5.494773864746094,3.5046005249023438,3.3250503540039062,-0.008955571652171312,108674120.0,-0.0011375074418463749,0.002933728424813431,0.030827406120064627,0.0048264908377273485,0.04854609955370903,0.030427982284065624,0.02882414021164026,1.0019835328333673,1.0297685101281937,1.04670372134679,57.964783324833974,0.012195275041836982
120.13771057128906,120.93377429658472,118.68149589769769,118.73974211450027,86712000,0.012269940622227526,1.4562149047851562,2.2522783988870287,1.3979684567887887,119.35911865234375,116.05351028442382,115.49626960754395,113.61240814208985,0.015102285135751518,115.7902737787312,4.562828063964844,6.222900390625,4.912284851074219,0.10799331462655437,92134480.0,-0.005612511323305536,-0.0011375074418463749,0.002933728424813431,0.021099300938754784,0.039479409063432946,0.0546276676470403,0.04263195228284089,1.0065231037874292,1.0401869339980998,1.0574347691058386,58.97031730956277,0.005077996294775155
120.74932098388672,121.33181279274314,119.49697544555106,120.73961821864586,82225500,0.005090911169267853,0.6116104125976562,1.834837347192078,0.00970276524085989,119.68143157958984,117.07577438354492,115.88750648498535,113.79915237426758,0.014177726725060187,116.26256398874602,1.6115646362304688,10.222640991210938,7.824737548828125,-0.051740243564904476,83033940.0,0.012269940622227526,-0.005612511323305536,-0.0011375074418463749,0.030827406120064627,0.013526901006325476,0.09249025657776344,0.0692917105452775,1.0089227659646327,1.0419528786697234,1.0610739927724693,63.16620205215571,-0.02112528665385214
118.22521209716797,122.27348704305484,117.46798166489454,120.8949389531883,115089200,-0.020903710813045318,-2.52410888671875,4.805505378160305,-2.6697268560203327,119.42901916503907,117.71747817993165,116.16952552795411,113.95227798461914,0.015138916887510751,116.44948285621477,-1.2620620727539062,6.4170379638671875,5.640380859375,0.39967771555052867,88250940.0,0.005090911169267853,0.012269940622227526,-0.005612511323305536,0.002933728424813431,-0.010562313698437409,0.05739328106920527,0.0500989413703683,0.9899203135361302,1.01769557515081,1.0374975751965712,59.28669350349889,0.011917655083323894
119.64260864257812,120.2542236129108,116.64280964087811,116.98259162067868,81312200,0.011988953288958548,1.4173965454101562,3.611413972032693,2.660017021899449,119.48726959228516,118.41743392944336,116.35155334472657,114.10041290283203,0.013867840113417587,116.75359007396366,0.29125213623046875,6.9995574951171875,3.6405563354492188,-0.2934854008890495,88719860.0,-0.020903710813045318,0.005090911169267853,0.012269940622227526,-0.0011375074418463749,0.0024402917968928683,0.06213927467175995,0.03138355109278956,1.001300046865436,1.0282854435823543,1.0485729683070106,60.93148756978201,-0.0067575323340325465
118.83684539794922,119.17662738728284,117.03113836127132,118.85625833732891,86939800,-0.006734751555242835,-0.8057632446289062,2.145489026011518,-0.019412939379691352,119.51833953857422,118.9824462890625,116.50688362121582,114.21343765258788,0.013968590429707677,116.95199534291467,0.1553497314453125,5.650123596191406,3.1066055297851562,0.06920978647730602,90455740.0,0.011988953288958548,-0.020903710813045318,0.005090911169267853,-0.005612511323305536,0.0013089633777605414,0.049918607997918585,0.026843507222693797,0.9942979952427715,1.0199984902549493,1.0404804184199825,62.32382218605478,-0.005160122749291334
118.22521209716797,119.7493831332465,117.99221982724323,119.0212758088773,79184500,-0.005146832186036843,-0.61163330078125,1.7571633060032639,-0.796063711709337,119.13583984375,119.24747924804687,116.6292049407959,114.38730285644532,0.014044779203889747,117.07325408141497,-1.9124984741210938,2.65032958984375,2.4464263916015625,-0.08920310375685248,88950240.0,-0.006734751555242835,0.011988953288958548,-0.020903710813045318,0.012269940622227526,-0.015919218578634653,0.02293170914256204,0.021130178354288542,0.9923563912607964,1.0136844554259137,1.0335518815889835,72.38843523106374,0.04887621945841798
124.14715576171875,124.16657610565406,120.50661897640848,120.71048814758292,157243700,0.05009036194144101,5.921943664550781,3.6599571292455835,3.4366676141358283,119.8154067993164,119.74841918945313,116.99714164733886,114.6121549987793,0.01777191929162451,117.74695900334866,3.3978347778320312,5.0093994140625,7.358734130859375,0.9857888854510668,103953880.0,-0.005146832186036843,-0.006734751555242835,0.011988953288958548,0.005090911169267853,0.028139576687851164,0.04204711896239299,0.06300910679415295,1.0361535221397509,1.0611127247529857,1.083193626042901,78.25693007152574,-0.0005477090684291678
124.07917785644531,124.62282888531004,122.86566580509383,123.69085992536465,98208600,-0.0005475591031977034,-0.0679779052734375,1.7571630802162161,0.3883179310806639,120.98619995117187,120.20760955810547,117.40585174560547,114.9003857421875,0.017616638369363273,118.35002746554834,5.853965759277344,4.5919036865234375,8.174201965332031,-0.3754369809410488,100577760.0,0.05009036194144101,-0.005146832186036843,-0.006734751555242835,-0.020903710813045318,0.04951537540457984,0.038430064778223416,0.07052503054753467,1.0255647165257007,1.0568398083368074,1.0798847806730005,77.14272676702709,0.006939456484632302
124.9432144165039,125.79753175425047,124.30247641319399,125.13737340779682,94359800,0.0069635903056857185,0.8640365600585938,1.495055341056485,-0.19415899129290892,122.04632110595703,120.7667953491211,117.9237777709961,115.16868255615235,0.017271531899779046,118.97795003230601,5.300605773925781,5.59185791015625,10.3585205078125,-0.039190050565836354,103187280.0,-0.0005475591031977034,0.05009036194144101,-0.005146832186036843,0.011988953288958548,0.04430366266720975,0.04685206832868172,0.09040056009633224,1.0237360150170514,1.0595252016021681,1.0848714393827144,77.4851163243662,-0.015977796588372464
122.96276092529297,125.33153897823031,122.43852279521552,125.19562621191656,192541500,-0.0158508287181488,-1.9804534912109375,2.893016183014794,-2.2328652866235927,122.87150421142579,121.194921875,118.31307106018066,115.39950225830079,0.01785682392594783,119.3574558316381,4.12591552734375,4.2812652587890625,7.785865783691406,1.0405034771163142,124307620.0,0.0069635903056857185,-0.0005475591031977034,0.05009036194144101,-0.006734751555242835,0.03471916065701075,0.036073570144578015,0.06759919838192596,1.0007427003881237,1.039299883127429,1.0655397858654816,67.60753509346134,0.012319307025577987
124.48694610595703,124.56461267355205,119.84647608918172,121.37064729644923,121251600,0.012395502257712687,1.5241851806640625,4.718136584370328,3.1162988095077964,124.1238510131836,121.6298454284668,118.84167785644532,115.62203994750976,0.017628850857748436,119.84597871490658,6.2617340087890625,4.349235534667969,10.572135925292969,-0.37025732114894716,132721040.0,-0.0158508287181488,0.0069635903056857185,-0.0005475591031977034,-0.005146832186036843,0.052964455700384994,0.03620208437455741,0.0928073874549411,1.0029252644822861,1.047502428031443,1.0766714214908488,64.12094651341243,0.02806672160008248
128.03038024902344,130.48652745671254,125.86546408305279,127.7682574980973,168904800,0.028464302916149986,3.5434341430664062,4.6210633736597515,0.2621227509261388,124.90049591064454,122.35795135498047,119.7168628692627,115.77143249511718,0.016425564250264778,120.62544552767962,3.8832244873046875,7.281059265136719,17.503700256347656,0.39301089635105857,135053260.0,0.012395502257712687,-0.0158508287181488,0.0069635903056857185,0.05009036194144101,0.031279206224892775,0.06029896653504441,0.15836628999900815,1.0250590225087501,1.0694431609759065,1.1058892292312552,69.29813616212226,-0.007000347794929545
127.13725280761719,128.56432952785477,126.96249934769376,128.30222155804168,88223700,-0.006975902435571002,-0.89312744140625,1.6018301801610022,-1.1649687504244923,125.51211090087891,123.2491554260254,120.48331680297852,115.96692550659179,0.016704669865163405,121.24561764957843,3.058074951171875,8.912040710449219,15.329078674316406,-0.47767203773960243,133056280.0,0.028464302916149986,0.012395502257712687,-0.0158508287181488,-0.0005475591031977034,0.024646157429491833,0.07538189657147343,0.1371015920181351,1.0129480883962003,1.0552270321003827,1.0963233892097144,67.00590274780559,0.007682426365487747
128.11773681640625,129.56424837102043,127.27313725268434,127.48671653761738,54930100,0.007712011917331063,0.9804840087890625,2.29111111833609,0.631020278788867,126.14701538085937,124.0966682434082,121.25705108642578,116.18028381347656,0.016705447838740155,121.90010518927632,3.1745223999023438,8.475128173828125,15.474685668945312,-0.37737705401156374,125170340.0,-0.006975902435571002,0.028464302916149986,0.012395502257712687,0.0069635903056857185,0.025407721537561212,0.0708370393289135,0.13737807624446718,1.0156224182522031,1.0565796847977982,1.1027493875130727,70.3346495982975,0.035141258317103005
132.6999969482422,133.33101740723168,129.61281401111586,130.07881339134244,124486200,0.03576600902966587,4.5822601318359375,3.7182033961158254,2.6211835568997515,128.0944625854492,125.4829833984375,122.23271484375,116.49459121704102,0.01792202459384702,122.92866630917783,9.737236022949219,13.863151550292969,19.513275146484375,1.2662656721906567,111559280.0,0.007712011917331063,-0.006975902435571002,0.028464302916149986,-0.0158508287181488,0.07918849535970618,0.11665701410929752,0.17239897786474567,1.035954203404544,1.0856340474632549,1.1391086535597938,73.85689836733299,-0.013404254301198553
130.93312072753906,134.73869359094937,130.41859268818658,134.02030377703682,121047300,-0.013314817342401808,-1.766876220703125,4.320100902762789,-3.087183049497753,129.38369750976562,126.7537742614746,123.00062675476075,116.80631790161132,0.01826062665633694,123.69099530140271,6.446174621582031,12.707908630371094,15.358238220214844,-0.02762474876733323,111518420.0,0.03576600902966587,0.007712011917331063,-0.006975902435571002,0.012395502257712687,0.0517819323489177,0.1074889899112772,0.1328856053065126,1.0119754130357612,1.0644914922961666,1.1209421123763792,68.52699397419622,-0.008563355636707227
129.81668090820312,132.02042318765425,129.50601467789232,131.62238763508645,96452100,-0.008526794543140537,-1.1164398193359375,2.514408509761921,-1.8057067268833293,129.74095764160157,127.32072677612305,123.53457298278809,117.15463958740234,0.017599832262565496,124.2743939306218,1.7863006591796875,5.669525146484375,10.678924560546875,-0.2031866881789185,97027880.0,-0.013314817342401808,0.03576600902966587,0.007712011917331063,0.028464302916149986,0.013952162414149427,0.045667781204477675,0.0896350987959238,1.0005836496660578,1.050853034690866,1.1080797257828987,72.2263070042878,-0.007732282240584048
128.8167724609375,130.80693578751612,127.87508564026446,130.16619767612093,99116600,-0.00770246504740546,-0.999908447265625,2.931850147251666,-1.3494252151834303,130.0768615722656,127.79448623657227,124.00104789733886,117.45330749511719,0.017807411203843587,124.70700140969949,1.6795196533203125,4.7375946044921875,9.329498291015625,0.02762511132468859,99206460.0,-0.008526794543140537,-0.013314817342401808,0.03576600902966587,-0.006975902435571002,0.013210287435278634,0.03818202768858936,0.07807943026424913,0.9903127343626134,1.0388361602200782,1.0967487864596126,67.87741955818328,-0.025030292979073866
125.6324691772461,129.70986638157876,123.05982235243872,129.62249707606796,143301900,-0.024719632566923777,-3.1843032836914062,6.650044029140048,-3.9900278988218645,129.5798080444336,127.86341171264648,124.31510353088379,117.70069442749023,0.018906353671596616,124.79514119708487,-2.4852676391601562,0.6892547607421875,6.2811126708984375,0.4457911187429755,116880820.0,-0.00770246504740546,-0.008526794543140537,-0.013314817342401808,0.007712011917331063,-0.019398310498737303,0.0055165441673730164,0.052627074000322516,0.9695373922314042,1.0105969878875982,1.0673893623851323,62.119000542603644,0.012287845713907019
127.18574523925781,127.89444682861742,124.68105499149036,125.12763387227344,97664900,0.012363651468318304,1.5532760620117188,3.2133918371270624,2.0581113669843774,128.47695770263672,128.28571014404298,124.74031600952148,118.00085540771484,0.018915903153350743,125.02281777252992,-5.514251708984375,4.222984313964844,8.504249572753906,-0.31846751508528504,111516560.0,-0.024719632566923777,-0.00770246504740546,-0.008526794543140537,0.03576600902966587,-0.04155427155838698,0.034343603560841984,0.07165607009748953,0.9899498518141482,1.0196041609318167,1.0778374851589634,65.46054718733158,-0.03424086244486642
122.90451049804688,127.22461824623385,122.69093117209596,123.99182006348317,155088000,-0.03366127810280317,-4.2812347412109375,4.533687074137887,-1.0873095654362999,126.87123565673828,128.12746658325196,124.87865600585937,118.22915328979492,0.020531490343945014,124.82107422257914,-8.028610229492188,-1.5824356079101562,2.7667999267578125,0.5879604648138685,118324700.0,0.012363651468318304,-0.024719632566923777,-0.00770246504740546,-0.013314817342401808,-0.06131840580046255,-0.01271165899244786,0.02303023683072447,0.96873424351739,0.9841914897953429,1.039544876015411,47.727256236384555,0.033553964104581606
127.0984115600586,127.78769300515185,124.12773607491964,124.61314095323335,109578200,0.0341232477556499,4.193901062011719,3.6599569302322124,2.485270606825239,126.32758178710938,128.03426971435547,125.19611053466797,118.54113540649413,0.02179808182706235,125.03796349281528,-2.7182693481445312,-0.9319686889648438,6.349090576171875,-0.2934450118642319,120949920.0,-0.03366127810280317,0.012363651468318304,-0.024719632566923777,-0.008526794543140537,-0.020939291692927298,-0.007279277677314844,0.05258075593666578,1.0061018327276163,1.0151945696816504,1.0721882418640614,54.79792989348548,0.008594608602222695
128.1954803466797,128.7585519984453,126.42859880354752,128.56437812216362,105158200,0.008631648288560223,1.0970687866210938,2.329953194897797,-0.36889777548393,126.20332336425781,128.1400924682617,125.69462394714355,118.84501586914062,0.021097689002458724,125.33867938365951,-0.6212921142578125,1.0582275390625,9.970268249511719,-0.040336490287301685,122158240.0,0.0341232477556499,-0.03366127810280317,0.012363651468318304,-0.00770246504740546,-0.004823068474613557,0.008323504839795381,0.08433284299221455,1.0157852973227335,1.0198962876931617,1.078677800740376,55.13025013581386,-0.023523632096913372
125.21504974365234,126.37031583011212,124.7490651654895,125.41892632912634,100384500,-0.023249108275637753,-2.9804306030273438,1.6212506646226217,-0.20387658547399212,126.11983947753906,127.84982376098633,125.97324600219727,119.19395446777344,0.02187582503014218,125.32690513223027,-0.41741943359375,-2.9026870727539062,5.572441101074219,-0.04539541376706713,113574760.0,0.008631648288560223,0.0341232477556499,-0.03366127810280317,-0.024719632566923777,-0.003322544214305334,-0.02265640296872773,0.04657572385203834,0.9928259523827903,0.993981291404274,1.0505151062632696,53.44419005556214,-0.001396584020240977
125.04029846191406,125.90431854480057,123.1569251813032,124.74905257493837,91951100,-0.0013956092506135498,-0.17475128173828125,2.7473933634973804,0.29124588697568754,125.69075012207031,127.08385391235352,126.28341865539551,119.45954132080078,0.021789555204444814,125.29960925886682,-2.14544677734375,-7.659698486328125,6.203453063964844,-0.0840109777903959,112432000.0,-0.023249108275637753,0.008631648288560223,0.0341232477556499,0.012363651468318304,-0.016868610340787793,-0.05772191908426105,0.05220142829600816,0.9948249838629769,0.9901561091177481,1.0467167132856012,50.88261013795097,0.01609639641434769
127.06928253173828,127.61293359997765,124.73934514974653,125.00145310618869,88636800,0.016226641289105892,2.0289840698242188,2.873588450231125,2.06782942554959,126.5237045288086,126.69747009277344,126.72562217712402,119.89091995239258,0.02190461574043644,125.46814957056887,4.164772033691406,-3.8638381958007812,8.844070434570312,-0.03604415825368046,99141760.0,-0.0013956092506135498,-0.023249108275637753,0.008631648288560223,-0.03366127810280317,0.033886242391060195,-0.029510013771390287,0.07480697456733232,1.0043120615615981,1.0027118458659758,1.0598741137543706,48.389206186671686,-0.015242544251365035
125.14710998535156,127.17609915715049,125.00147960973679,126.98194013638121,90221800,-0.015126964661239972,-1.9221725463867188,2.1746195474136982,-1.8348301510296494,126.1334442138672,126.23051300048829,126.77561988830567,120.28559997558594,0.019364061356471212,125.43757437197675,-1.9513015747070312,-4.6695709228515625,0.9999542236328125,0.017881963247770694,95270480.0,0.016226641289105892,-0.0013956092506135498,-0.023249108275637753,0.0341232477556499,-0.015352682624085956,-0.03597050001727853,0.00805458826259442,0.9921802323351827,0.987154392111126,1.0404163924090029,46.77574857434423,-0.013825804303217419
123.42875671386719,126.41885265934873,123.29284393513538,125.02088418474625,111598500,-0.013730666826309523,-1.718353271484375,3.1260087242133494,-1.5921274708790634,125.18009948730469,125.69171142578125,126.74309883117675,120.6135432434082,0.019627012191749796,125.24625840453774,-4.7667236328125,-5.3880157470703125,-0.650421142578125,0.23693497580407397,96558540.0,-0.015126964661239972,0.016226641289105892,-0.0013956092506135498,0.008631648288560223,-0.03718324249748761,-0.0418269736474276,-0.005241984624774321,0.9860094153894237,0.9738499204463644,1.023340774134938,42.58071837117051,0.0054126159056034325
124.09864044189453,124.95295795714884,123.23462015974309,124.05009698063971,90757300,0.005427290575244603,0.6698837280273438,1.718337797405752,0.04854346125482323,124.95681762695312,125.5383285522461,126.70087013244628,120.86746826171876,0.01960098208025546,125.13696145571458,-1.1164093017578125,-1.5338287353515625,-0.844573974609375,-0.18675161404499163,94633100.0,-0.013730666826309523,-0.015126964661239972,0.016226641289105892,-0.023249108275637753,-0.008915935456986879,-0.012208856081524555,-0.006759662607958461,0.9931322099797659,0.9794616273129654,1.0267331832679676,34.46712336807229,0.0323282569395869
128.17608642578125,128.62266569457032,124.79767063195834,124.90446036057811,104319500,0.03285649197579943,4.077445983886719,3.8249950626119755,3.2716260652031366,125.58397521972657,125.63736267089844,126.9615364074707,121.12386108398438,0.020551301706580344,125.42640192905426,3.1357879638671875,0.9903411865234375,5.213325500488281,0.14943370946469314,97106780.0,0.005427290575244603,-0.013730666826309523,-0.015126964661239972,-0.0013956092506135498,0.02507821880177552,0.007786573759979376,0.04239759632313134,1.0206404615041005,1.009566283243553,1.0582232541027323,45.40466001579891,0.0360018907070693
132.87474060058594,135.59301116722563,129.69048544958548,129.89436203777117,120150900,0.03665780650531403,4.6986541748046875,5.902525717640145,2.9803785628147637,126.7450668334961,126.63438568115234,127.38092613220215,121.4768473815918,0.021854699210865042,126.13576751681919,5.805458068847656,9.970230102539062,8.387794494628906,0.1517587795186901,103409600.0,0.03285649197579943,0.005427290575244603,-0.013730666826309523,0.016226641289105892,0.04568734436190436,0.08112175917821585,0.06737890804622704,1.0483622275819409,1.043129019667215,1.0938277002134429,54.55334451450729,0.015945880309844705
135.01052856445312,135.76775903778582,131.07874583699044,132.30196087543968,114459400,0.016073694324546306,2.1357879638671875,4.689013200795387,2.7085676890134494,128.7177505493164,127.4255973815918,127.72993354797363,121.91856628417969,0.021277513355670248,126.98098285468907,9.863418579101562,7.912117004394531,6.9801483154296875,-0.04736959939542695,108257120.0,0.03665780650531403,0.03285649197579943,0.005427290575244603,-0.015126964661239972,0.07881459332345808,0.062251895261930645,0.05451946875306524,1.0488881913200132,1.056999912348228,1.107382843149233,58.9205437498132,0.02730768101047677
138.74815368652344,140.85480946109453,132.55438158085332,138.89378406433565,157611700,0.027683952961387037,3.7376251220703125,8.300427880241216,-0.14563037781221055,131.78162994384766,128.48086471557616,128.31047859191895,122.4418327331543,0.02183734357674009,128.10166579105424,15.31939697265625,10.55267333984375,11.61090087890625,0.3770096645622816,117459760.0,0.016073694324546306,0.03665780650531403,0.03285649197579943,-0.013730666826309523,0.1241152984159899,0.08231704667985262,0.09132571785608534,1.0528641491658908,1.0813470202055802,1.1331760607414836,68.59348545151663,0.001677685890766906
138.9811248779297,140.08784738058793,137.24336716103608,139.40828353042602,98390600,0.0016790939930819704,0.23297119140625,2.844480219551855,-0.4271586524963311,134.75812683105468,129.85747222900392,128.85364799499513,122.90141418457031,0.02183383005536201,129.13780475170904,14.882484436035156,13.766075134277344,10.863388061523438,-0.37574050657406777,118986420.0,0.027683952961387037,0.016073694324546306,0.03665780650531403,0.005427290575244603,0.11992463723245561,0.10993946145020161,0.08479222574069323,1.0313376131457315,1.078596741656301,1.1308342202573134,67.37206947371544,-0.0077134612047313235
137.91322326660156,140.08784232197448,136.31139319096383,139.24322781199024,140843800,-0.007683788804170977,-1.067901611328125,3.7764491310106507,-1.3300045453886753,136.70555419921874,131.14476470947267,129.1143093109131,123.34507385253906,0.020669051371209644,129.97355889598452,9.737136840820312,12.8729248046875,5.213226318359375,0.4314761776023319,126291280.0,0.0016790939930819704,0.027683952961387037,0.016073694324546306,0.03285649197579943,0.0759668758217118,0.1029502085570313,0.039285805864733625,1.0088340892545076,1.0681482478793292,1.1181088871978702,74.41558151426543,-0.03561160382309223
133.0883331298828,137.8453107957744,132.70971784009862,135.44740902267984,142621100,-0.03498497114661514,-4.82489013671875,5.135592955675776,-2.359075892797023,136.74827270507814,131.7466697692871,129.22206993103026,123.6912648010254,0.02204362873303918,130.27020406111768,0.213592529296875,6.019050598144531,2.15521240234375,0.012618943822873208,130785320.0,-0.007683788804170977,0.0016790939930819704,0.027683952961387037,0.03665780650531403,0.0016074727847554815,0.047368258309329336,0.01646040658290393,0.973235935615153,1.0299195269114332,1.0759719640992749,59.54815053541133,-0.03813915691673521
128.1080322265625,132.74850059959678,126.40911554734014,131.86506037119048,177523800,-0.03742101795248998,-4.9803009033203125,6.339385052256645,-3.7570281446279807,135.3677734375,132.0427619934082,129.13663749694825,123.91765701293946,0.023596279049494778,130.0642829340172,-6.902496337890625,2.9609222412109375,-1.708648681640625,0.2447232562362791,143398200.0,-0.03498497114661514,-0.007683788804170977,0.0016790939930819704,0.016073694324546306,-0.05112561524855763,0.023659533500673735,-0.013162011766799542,0.946370239927974,0.9920347525665592,1.033815804096308,49.87596065024237,0.01638517386899313
130.22439575195312,131.42820495734406,127.10809049941766,129.84578061037203,106239800,0.016520147008797892,2.116363525390625,4.320114457926408,0.37861514158109344,133.66302185058595,132.7223258972168,129.20701866149903,124.20404541015625,0.023822165307068238,130.07953177382063,-8.523757934570312,6.7956390380859375,1.407623291015625,-0.4015461588812317,133123820.0,-0.03742101795248998,-0.03498497114661514,-0.007683788804170977,0.027683952961387037,-0.06143330709703143,0.05505717807592925,0.010927329292018007,0.9742739162183789,1.0078740079369795,1.04847145132766,57.283972476028126,0.006317075026373658
131.0496368408203,132.33109823624255,130.68072432979122,131.7680267032869,83305400,0.006337069825526953,0.8252410888671875,1.6503739064513354,-0.7183898624665801,132.07672424316405,133.41742553710938,129.47787704467774,124.53334426879883,0.023070551647516896,130.17192273258252,-7.931488037109375,6.950996398925781,5.417167663574219,-0.2158739003650233,130106780.0,0.016520147008797892,-0.03742101795248998,-0.03498497114661514,0.0016790939930819704,-0.05706881451762447,0.05601186583651874,0.04311916894613854,0.9922235548448886,1.0121392150691522,1.05232568522336,58.575807316311554,-0.007808862674665898
130.0302734375,131.80685723730443,129.70990440998943,131.79713965825755,89880900,-0.007778452713749107,-1.0193634033203125,2.0969528273149933,-1.7668662207575494,130.50013427734376,133.60284423828125,129.62010345458984,124.8304118347168,0.0230507941946846,130.15843232352705,-7.8829498291015625,1.85418701171875,2.8445281982421875,0.0789324581599753,119914200.0,0.006337069825526953,0.016520147008797892,-0.03742101795248998,-0.007683788804170977,-0.05715876724788704,0.014465935600182389,0.022365149434719678,0.9963995374989791,1.0031644009839404,1.041655406934555,54.35094902870662,0.025431620240484353
133.3795623779297,133.38926514344305,130.66129188255576,132.3213832150557,84183100,0.025757762803133355,3.3492889404296875,2.727973260887296,1.0581791628739836,130.55838012695312,133.65332641601563,130.14385604858398,125.21970687866211,0.02210948917137382,130.46520661442253,0.291229248046875,0.50482177734375,10.475051879882812,-0.06339277866599025,108226600.0,-0.007778452713749107,0.006337069825526953,0.016520147008797892,-0.03498497114661514,0.0021882402551594016,0.0037992305765714995,0.08522919002268248,1.0216085880372694,1.0248625361779489,1.0651643076211197,61.610024109991826,-0.0031027946241126317
132.9663543701172,133.6080499269068,132.09132576396362,133.5399993993488,75693800,-0.0030979859316203617,-0.4132080078125,1.5167241629431771,-0.5736450292316135,131.53004455566406,133.44890899658202,130.4372531890869,125.66850036621094,0.021008823901909668,130.70341116258393,4.8583221435546875,-2.0441741943359375,5.867942810058594,-0.10084328089604688,87860600.0,0.025757762803133355,-0.007778452713749107,0.006337069825526953,-0.03742101795248998,0.0379236341321878,-0.015140850243839044,0.04616849839453563,1.0109200131369627,1.0193894084641908,1.0580722614071112,63.96471109713028,0.0010961294610418936
133.1121826171875,133.16079860710033,131.1773789685877,132.2565886683768,71297200,0.0010967304304996262,0.1458282470703125,1.983419638512629,0.8555939488107072,132.10760192871095,132.88531188964845,130.6830883026123,126.09458053588867,0.020960001229985828,130.93281796778427,2.887786865234375,-5.6359710693359375,4.9167022705078125,-0.058084017449249514,80872080.0,-0.0030979859316203617,0.025757762803133355,-0.007778452713749107,0.016520147008797892,0.022175467573179786,-0.04062015183329504,0.038353163911953425,1.0076042610251805,1.0185876714892927,1.0556534789320426,63.403088390818915,-0.006595218194970256
132.23716735839844,134.055304885325,132.08161692740265,132.8302469559109,76774200,-0.006573517476649693,-0.8750152587890625,1.9736879579223512,-0.5930795975124568,132.34510803222656,132.2109161376953,131.0341941833496,126.48646286010742,0.020217388950589096,131.05704171927133,1.187530517578125,-6.74395751953125,7.022117614746094,0.07681928603086807,79565840.0,0.0010967304304996262,-0.0030979859316203617,0.025757762803133355,0.006337069825526953,0.009061684917300195,-0.04852426921608688,0.05608046020923352,0.999184399971914,1.0091806049752599,1.04546497995324,56.67448269981668,-0.004569002119752016
131.6343536376953,133.18997643259982,130.6718103643523,132.6941140635208,73046600,-0.004558580108339316,-0.602813720703125,2.518166068247524,-1.0597604258254876,132.66592407226562,131.5830291748047,131.36389694213867,126.85541549682617,0.020265289341436028,131.11202380674027,1.6040802001953125,-6.27886962890625,6.59405517578125,-0.048552769029179044,76198980.0,-0.006573517476649693,0.0010967304304996262,-0.0030979859316203617,-0.007778452713749107,0.012336205698793012,-0.04552768385935335,0.05273544014923903,0.9922242999339574,1.0020588358129767,1.0376723226371736,47.64423244114204,-0.0019222596193004323
131.38156127929688,132.6066041234454,130.05928645451803,132.13019115518452,64280000,-0.001920413261527587,-0.2527923583984375,2.547317668927377,-0.7486298758876444,132.26632385253907,131.4123519897461,131.5795108795166,127.17154907226562,0.02003593986554854,131.13769404222185,-1.9980010986328125,-1.7067718505859375,4.312278747558594,-0.12001379941023949,72218360.0,-0.004558580108339316,-0.006573517476649693,0.0010967304304996262,0.025757762803133355,-0.0149798144709119,-0.012824353648792641,0.03393643736425056,0.9933107494978949,0.9984955894812455,1.0331049848629186,42.57685700302633,0.0017744532652940479
131.61489868164062,131.77046392162595,129.98150816834826,130.62320365664934,60145100,0.0017760285391015262,0.23333740234375,1.7889557532776905,0.9916950249912873,131.99603271484375,131.7630386352539,131.90290031433105,127.42109191894531,0.019634127428381,131.18314210311888,-1.3514556884765625,3.506866455078125,6.4677886962890625,-0.06432638456751716,69108620.0,-0.001920413261527587,-0.004558580108339316,-0.006573517476649693,-0.0030979859316203617,-0.010163892173163824,0.027374290230889997,0.051681486668338605,0.9971125341772468,0.9978165633052488,1.0329129714675735,32.96683837616112,-0.01623516371179983
129.495361328125,132.2371278628611,129.10644827799214,131.73156315096224,80576300,-0.016104083768225252,-2.119537353515625,3.1306795848689433,-2.236201822837245,131.27266845703124,131.69013519287108,132.20623054504395,127.62125366210938,0.019745556499449823,131.022401076929,-3.6168212890625,-0.729034423828125,6.0666046142578125,0.3396984958043132,70964440.0,0.0017760285391015262,-0.001920413261527587,-0.004558580108339316,0.0010967304304996262,-0.02717122668977634,-0.005598293772979046,0.0491506580457699,0.9864609507081971,0.9794951478024682,1.0146849181640036,29.22147418606781,-0.01780142551588844
127.21055603027344,128.55228022303262,125.87856393692216,127.60918638254499,97918500,-0.017643916155901107,-2.2848052978515625,2.673716286110462,-0.3986303522715531,130.26734619140626,131.3062271118164,132.3618263244629,127.7784376525879,0.020238667047106994,130.65936821534274,-5.026611328125,-3.839080810546875,3.1119155883789062,0.2152270580803537,75193300.0,-0.016104083768225252,0.0017760285391015262,-0.001920413261527587,-0.006573517476649693,-0.038012091672392834,-0.02929486035287543,0.025076145695858587,0.9765344865731633,0.9610819037691276,0.9955557319940126,27.742455898069892,-0.008673782454258795
126.11193084716797,126.39387989777283,123.87572846648807,125.6160684389903,96856700,-0.008636273729076493,-1.0986251831054688,2.518151431284764,0.4958624081776719,129.1628616333008,130.9143928527832,132.25861854553222,127.92704635620117,0.01893255506062186,130.22627894218323,-5.522422790527344,-3.9183425903320312,-2.0641555786132812,-0.010843711862416172,79955320.0,-0.017643916155901107,-0.016104083768225252,0.0017760285391015262,-0.004558580108339316,-0.041952747424331305,-0.030134079447394324,-0.01610406149986876,0.9763791948587005,0.9535252389147846,0.9858113232445063,32.83071597531588,0.0012325925544597284
126.26747131347656,127.08418144033098,125.22716025236211,126.62721780066286,87668800,0.0012333525088683572,0.15554046630859375,1.8570211879688685,-0.35974648718629965,128.14004364013672,130.20318374633788,131.92825508117676,128.04964157104493,0.01679592100116808,129.84924964421117,-5.1140899658203125,-7.112091064453125,-6.607269287109375,-0.0948607582129063,84633080.0,-0.008636273729076493,-0.017643916155901107,-0.016104083768225252,-0.001920413261527587,-0.03892547718281825,-0.05332219522733994,-0.049725547965286054,0.9853865171771049,0.9570919530147878,0.9860821925332796,44.059548808787426,-0.030251992286157076
122.50482940673828,126.1216398427311,122.11592370284757,124.4590677731543,103916400,-0.029798980430969402,-3.7626419067382812,4.005716139883532,-1.9542383664160212,126.31802978515626,129.15703125,131.302970123291,128.08475173950194,0.017264266810046267,129.14978105016613,-9.110069274902344,-10.461524963378906,-12.505699157714844,0.1853293303889183,93387340.0,0.0012333525088683572,-0.008636273729076493,-0.017643916155901107,0.0017760285391015262,-0.06921761416189232,-0.07867798596823095,-0.0926275846090382,0.969812699066764,0.9329935894954132,0.9564357016976379,27.47826776007126,-0.0011117251811100437
122.36871337890625,123.19513336260104,115.10592588579131,120.32696770808406,158273000,-0.0011111074436102042,-0.13611602783203125,8.089207476809733,2.041745670822195,124.8927001953125,128.0826843261719,130.48399810791017,128.16762176513672,0.015535029848806009,128.50396508147472,-7.12664794921875,-10.74346923828125,-16.379440307617188,0.5230800913041638,108926680.0,-0.029798980430969402,0.0012333525088683572,-0.008636273729076493,-0.016104083768225252,-0.05503400180613971,-0.08070988715719585,-0.11805159111971752,0.9797907578868971,0.9378062839376474,0.9547552782335558,23.61247166037721,-0.004060451838053977
121.87284851074219,122.07702231944482,118.83940058972168,121.47422557501572,111039900,-0.00405221934979938,-0.4958648681640625,3.237621729723145,0.3986229357264648,123.82515869140624,127.04625244140625,129.6285842895508,128.2122265625,0.015435637825445304,127.87243016997638,-5.33770751953125,-10.36431884765625,-17.1082763671875,-0.298428032576624,111550960.0,-0.0011111074436102042,-0.029798980430969402,0.0012333525088683572,-0.017643916155901107,-0.04195962729901903,-0.07837674577198217,-0.12309784067594853,0.9842333318907384,0.9401695558019468,0.950555588794275,24.388658296349107,-0.03540195976148751
117.6337890625,122.95205487892161,117.19627482972935,121.22143247515002,148199500,-0.03478264026846423,-4.2390594482421875,5.755780049192268,-3.5876434126500243,122.12953033447266,125.64619598388671,128.6146125793457,128.188165435791,0.01668971066471298,126.89732149307387,-8.478141784667969,-14.000564575195312,-20.279434204101562,0.3346508777475483,121819520.0,-0.00405221934979938,-0.0011111074436102042,-0.029798980430969402,-0.008636273729076493,-0.06722711901812384,-0.10635950409822237,-0.14704488607955424,0.9631887450998927,0.9146222711663393,0.9176649705734524,3.1799001814881933,0.0022292485615121376
117.89631652832031,121.38672834698384,117.83797585116562,119.18941742406001,164560400,0.002231735183509498,0.2625274658203125,3.5487524958182206,-1.2931008957396983,120.4552993774414,124.29767150878907,127.85501174926758,128.18158752441406,0.015532283999267225,126.04008292500211,-8.37115478515625,-13.485244750976562,-15.1920166015625,0.11039780835967727,137197840.0,-0.03478264026846423,-0.00405221934979938,-0.0011111074436102042,0.0012333525088683572,-0.06629700189666188,-0.10264183664486237,-0.11414987508135965,0.9787557470501764,0.922109465364745,0.9197601528056066,4.784021975506462,0.052451169633655786
124.24516296386719,124.38127883253527,119.38386074641136,120.31722988203185,116307900,0.053851100886784575,6.348846435546875,4.997418086123915,3.9279330818353344,120.8033660888672,123.56069793701172,127.66186828613282,128.18354766845704,0.018846581149057903,125.86913816679878,1.7403335571289062,-7.3697357177734375,-3.8628692626953125,-0.29322060471413536,139676140.0,0.002231735183509498,-0.03478264026846423,-0.00405221934979938,-0.029798980430969402,0.014206244484865849,-0.05599469202646934,-0.030153216746501288,1.0284909020868516,0.9732362892057349,0.9692754274926423,30.612199278548772,-0.021115049624580304
121.64922332763672,125.14935926708763,121.54227409073543,124.84796091823391,102260900,-0.020893687724369725,-2.5959396362304688,3.6070851763522,-3.19873759059719,120.65946807861329,122.7760841369629,127.233109664917,128.13494857788086,0.018834949877937074,125.46724151545001,-0.7194900512695312,-7.846138000488281,-8.575172424316406,-0.12077425523115803,128473720.0,0.053851100886784575,0.002231735183509498,-0.03478264026846423,-0.0011111074436102042,-0.005879689598775828,-0.06059010855691693,-0.06584920110245773,1.0082028809241772,0.9561129461349638,0.9493836355949204,28.469677680393517,-0.024760452024845506
118.67411804199219,122.22287046374831,118.46021953832745,121.34783450228308,112966300,-0.02445642647164059,-2.9751052856445312,3.762650925420857,-2.6737164602908905,120.01972198486328,121.92244033813476,126.61433372497558,128.00956665039064,0.019265133695288563,124.8202773751207,-3.19873046875,-8.53643798828125,-12.375518798828125,0.1046871287070621,128859000.0,-0.020893687724369725,0.053851100886784575,0.002231735183509498,-0.00405221934979938,-0.026246456924883144,-0.06710479267341429,-0.09443382749591345,0.9887884764218934,0.937288177022432,0.92707225832664,25.9646137102347,-0.01593818966831733
116.79766082763672,120.17140622773192,115.32955269233915,118.37272563793533,178155000,-0.01581184882866793,-1.8764572143554688,4.841853535392772,-1.5750648102986133,119.85249633789063,120.99101333618164,125.95270309448242,127.8862646484375,0.019414261645551024,124.0562186563127,-0.8361282348632812,-9.31427001953125,-13.232612609863281,0.577063248066016,134850100.0,-0.02445642647164059,-0.020893687724369725,0.053851100886784575,-0.03478264026846423,-0.007107891716546133,-0.07385716765227379,-0.10176562934187505,0.9745117072769043,0.9273136499501872,0.9132932387126669,24.489759422839015,0.010680950951980961
118.0518569946289,118.55743656088569,114.30865590625393,117.62406745905575,153766600,0.010738195937357586,1.2541961669921875,4.248780654631759,0.42778953557315447,119.88360443115235,120.16945190429688,125.18631782531739,127.75756286621093,0.018419783021188938,123.48437468853328,0.15554046630859375,-8.215614318847656,-15.327705383300781,-0.13689427745502514,132691340.0,-0.01581184882866793,-0.02445642647164059,-0.020893687724369725,0.002231735183509498,0.001319298777848088,-0.0650651686723911,-0.11491794627328189,0.9847206175922464,0.9430092604796974,0.9240302831876501,27.0935292845802,-0.04256672627724573
113.1322250366211,117.64351287063639,112.98638448752729,117.57545493676041,154376600,-0.041673482173445575,-4.9196319580078125,4.657128383109097,-4.443229900139315,117.66101684570313,119.23219146728516,124.19461135864258,127.45959976196289,0.020055163620517947,122.49845567406544,-11.112937927246094,-9.372604370117188,-19.834129333496094,0.003967051362259388,140305080.0,0.010738195937357586,-0.01581184882866793,-0.02445642647164059,0.053851100886784575,-0.08944362631226088,-0.0765080398504,-0.14916652733282432,0.9615098362185587,0.9109270023795468,0.8875928156678753,24.75242116712792,0.03984531161663762
117.73102569580078,118.67411961018901,115.4948308955723,115.72817134912674,129525800,0.04064978530821839,4.5988006591796875,3.1792887146167033,2.0028543466740416,116.87737731933593,118.7684226989746,123.42555351257325,127.27147521972657,0.022753023236847806,122.04441472375451,-3.9181976318359375,-4.637687683105469,-15.381156921386719,-0.1609751736986046,145758060.0,-0.041673482173445575,0.010738195937357586,-0.01581184882866793,-0.020893687724369725,-0.03220898189611199,-0.037899292679046126,-0.1155503322007786,1.0073037947637418,0.9538626511714013,0.9250385877318168,36.34834812398437,-0.009208740096304546
116.65184783935547,118.78109383395483,116.13654341186162,118.31441282873887,111943300,-0.00916646950170763,-1.0791778564453125,2.6445504220932037,-1.662564989383398,116.4729232788086,118.24632263183594,122.64628753662109,127.04215744018555,0.02276458624161553,121.53083692524032,-2.0222702026367188,-5.221000671386719,-15.585319519042969,-0.1357451565634028,145553460.0,0.04064978530821839,-0.041673482173445575,0.010738195937357586,-0.02445642647164059,-0.01704053281374418,-0.04283973612815428,-0.11785884279268133,1.001536190176309,0.9511241651283107,0.9182136874074884,36.36871930919272,0.016367699234064816
118.5768814086914,119.79220694881545,117.8963020733253,119.14079423957098,103026500,0.016502383845534485,1.9250335693359375,1.895904875490146,-0.5639128308795733,116.82876739501953,118.34063186645508,121.9934139251709,126.75969512939453,0.023315543011476602,121.24950782842613,1.7792205810546875,0.9430923461914062,-13.057472229003906,-0.07965461086103409,130527760.0,-0.00916646950170763,0.04064978530821839,-0.041673482173445575,-0.01581184882866793,0.015233358000896535,0.008017189225200783,-0.09919501914327566,1.0149630442283208,0.9719941232354138,0.9354462495957392,39.456105363111405,-0.007654699944962901
117.67267608642578,117.80879195023273,115.85455386939371,117.06015469929451,88105100,-0.007625477340301723,-0.904205322265625,1.9542380808390192,0.6125213871312667,116.7529312133789,118.31826782226562,121.30796966552734,126.49448623657227,0.023311381252183537,120.90885718633086,-0.379180908203125,-0.22364044189453125,-13.708885192871094,-0.14483069889785638,117395460.0,0.016502383845534485,-0.00916646950170763,0.04064978530821839,0.010738195937357586,-0.0032119859683391594,-0.0018969247596536398,-0.10434405756320797,1.0078777026280046,0.9700325247456959,0.9302593305636438,42.811640838088046,0.024162538030232723
120.55057525634766,120.56029993815383,117.07960562741921,118.04214884674406,92403800,0.02445681755217488,2.877899169921875,3.48069431073462,2.508426409603601,118.23660125732422,117.94880905151368,120.7547534942627,126.30916412353515,0.024205138567937143,120.87473509776103,7.4183502197265625,-3.6945877075195312,-11.064323425292969,0.048790592145063094,105000900.0,-0.007625477340301723,0.016502383845534485,-0.00916646950170763,-0.041673482173445575,0.0655723885685553,-0.029736269963233752,-0.08406588871109599,1.0195707080076448,0.9983091494785359,0.9544087801772215,47.49931109775864,0.012662450076514339
122.08674621582031,123.69097746560344,121.26032630464678,122.21313740579694,115227900,0.01274295834927397,1.5361709594726562,2.430651160956657,-0.1263911899766299,119.10774536132813,117.99256134033203,120.38432273864746,126.17456359863282,0.0243117196464105,120.99016472805239,4.355720520019531,0.43752288818359375,-7.4086151123046875,0.24700391109456543,102141320.0,0.02445681755217488,-0.007625477340301723,0.016502383845534485,0.04064978530821839,0.03699721882381324,0.003596594176398682,-0.05721143241210147,1.0250109751087557,1.0141415712481832,0.9676018900622788,50.28601263940004,-0.006471338122472235
121.29923248291016,122.368717641283,118.94635623317845,120.60892835870807,111932600,-0.006450444108961784,-0.7875137329101562,3.4223614081045497,0.6903041242020862,120.03722229003907,118.25507278442383,120.0887565612793,126.0878988647461,0.024076382047196913,121.01959975232457,4.6473846435546875,2.6251144409179688,-5.911323547363281,-0.02859810861779133,102139180.0,0.01274295834927397,0.02445681755217488,-0.007625477340301723,-0.00916646950170763,0.03983978590681847,0.022120361914036657,-0.04646881305948003,1.0105134904723283,1.0100798439112255,0.962021205643432,55.39964767876863,-0.03449334528590365
117.18655395507812,119.76304569936237,116.98238014530207,119.47136458953443,121229700,-0.03390523125042422,-4.112678527832031,2.780665554060292,-2.2848106344563064,119.7591567993164,118.29396209716796,119.64248771667481,125.8879150390625,0.025079412703437855,120.65454777163444,-1.3903274536132812,0.38889312744140625,-8.925376892089844,0.08305980563303272,105779820.0,-0.006450444108961784,0.01274295834927397,0.02445681755217488,0.016502383845534485,-0.01172511401123233,0.003329631130329913,-0.07077345364655696,0.9785185290795821,0.9794727290574852,0.9308800921733879,49.06095334382573,-0.004490310875167009
116.66152954101562,118.06158696536845,116.36013117462356,116.57402966087285,185549500,-0.004480244501973818,-0.5250244140625,1.7014557907448875,0.08749988014277221,119.55692749023437,118.15492935180664,119.16219062805176,125.76305541992187,0.02505679460774827,120.27426032109932,-1.0111465454101562,-1.3903274536132812,-9.605941772460938,0.5305614053321916,125268700.0,-0.03390523125042422,-0.006450444108961784,0.01274295834927397,-0.007625477340301723,-0.008592874565608644,-0.011777260341415352,-0.07607613958319359,0.975782265319128,0.9790146432030475,0.9276295741343408,38.13865007131115,0.027941740810090442
119.96722412109375,120.4339124312078,116.92405138540522,116.99210932461362,111912300,0.028335772667166248,3.305694580078125,3.5098610458025803,2.9751147964801277,119.4402572631836,118.8384292602539,119.03531036376953,125.62043167114258,0.025235271136054036,120.24501877824164,-0.5833511352539062,6.834999084472656,-2.5376052856445312,-0.3968601370523769,129170400.0,-0.004480244501973818,-0.03390523125042422,-0.006450444108961784,0.02445681755217488,-0.004839057250564105,0.060416022775651834,-0.020714328552870476,1.0044119702182908,1.007828885012996,0.9549977063854694,47.42637196228821,-0.006912518150395224
119.14080810546875,120.79364806529563,118.75190240381558,119.90889482634996,95467100,-0.006888681651838757,-0.826416015625,2.04174566148005,-0.7680867208812145,118.85106964111328,118.9794075012207,118.87391510009766,125.43933822631836,0.02527272374311137,120.13985585702518,-2.9459381103515625,1.4097824096679688,-3.2279052734375,-0.14694720776894055,125218240.0,0.028335772667166248,-0.004480244501973818,-0.03390523125042422,0.01274295834927397,-0.024129876515374127,0.011974603986808274,-0.026378517713449456,1.0024378279912025,1.002245177212733,0.9497882386027439,50.76434142932972,-0.020196141608114074
116.75875854492188,119.49081556265351,116.73931659895885,119.41303294328375,88530500,-0.0199935655836595,-2.382049560546875,2.751498963694658,-2.6542743983618777,117.94297485351562,118.99009857177734,118.61821060180664,125.27021240234374,0.02562189947247689,119.81784658920583,-4.540473937988281,0.10691070556640625,-5.1140899658203125,-0.07265958639154224,120537820.0,-0.006888681651838757,0.028335772667166248,-0.004480244501973818,-0.006450444108961784,-0.03743200880210007,0.0009164938879806517,-0.04196250459649786,0.9899594163190768,0.9843240591183186,0.9320552452638563,49.937324119729,0.004154961516259722
117.2448959350586,118.28522184257633,115.69900522410137,116.22402681020739,98844700,0.004163605336294118,0.48613739013671875,2.586216618474964,1.0208691248512025,117.95464324951172,118.85690002441406,118.59876594543456,125.11430435180664,0.024438359590577767,119.57280366976323,0.05834197998046875,-1.3319854736328125,-0.38889312744140625,0.1165044815063736,116060820.0,-0.0199935655836595,-0.006888681651838757,0.028335772667166248,-0.03390523125042422,0.0004978555816466113,-0.011233095843041663,-0.0033059644727994053,0.9939828793941432,0.9885844511147877,0.9371022485596835,48.66690428884505,0.005128125665122161
117.84768676757812,118.11020123971099,115.6212094750368,117.01154219770642,94071200,0.005141297006680867,0.6027908325195312,2.488991764674182,0.8361445698717063,118.19187469482422,118.8744010925293,118.59633445739746,124.92987243652344,0.024460265297341365,119.40850682193607,1.1861572265625,0.17501068115234375,-0.0486297607421875,-0.048292928199488716,97765160.0,0.004163605336294118,-0.0199935655836595,-0.006888681651838757,-0.004480244501973818,0.010167509642889483,0.0014872669422747453,-0.0004124790508659437,0.9970878884175853,0.9936874297739087,0.9433107107946199,59.08581072042314,0.0014839566556872827
118.02269744873047,119.1796897776827,117.3810093980004,118.27548724702227,80819200,0.00148505826421097,0.17501068115234375,1.7986803796822954,-0.2527897982918006,117.80296936035157,118.62161331176758,118.28521118164062,124.78738418579101,0.020976631024431282,119.27652497686887,-1.9445266723632812,-2.5278778076171875,-6.222465515136719,-0.14087202034203883,91546540.0,0.005141297006680867,0.004163605336294118,-0.0199935655836595,0.028335772667166248,-0.016208816087971645,-0.02096943794952222,-0.05008215504491176,1.001865216892002,0.997780671562508,0.9457902993864439,50.67749332785149,-0.012350256079017482
116.57405090332031,117.06018121783144,115.56289895900598,116.7782247452838,85671900,-0.012274304661096691,-1.4486465454101562,1.4972822588254644,-0.2041738419634811,117.28961791992188,118.07034378051758,118.03145256042481,124.65029006958008,0.020661918306891562,119.01914649367377,-2.5667572021484375,-5.5126953125,-5.075172424316406,0.06004390045929675,89587500.0,0.00148505826421097,0.005141297006680867,0.004163605336294118,-0.006888681651838757,-0.02154389619278252,-0.045153921153364696,-0.041719727306827825,0.9938991444486578,0.9876524297084424,0.9352088217223434,49.822343064480215,0.01859158597050572
118.7616195678711,120.09361168317854,117.78935908416811,118.27548932601961,118323800,0.018765485522717507,2.1875686645507812,2.3042525990104252,0.4861302418514839,117.69019012451172,117.81658248901367,118.03582763671875,124.54354965209961,0.02044048015344951,118.9946201197878,2.0028610229492188,-2.5376129150390625,0.08750152587890625,0.3811273007835707,95546160.0,-0.012274304661096691,0.00148505826421097,0.005141297006680867,-0.0199935655836595,0.017153839659734382,-0.020920271819498848,0.0007373261105505513,1.0091038126646397,1.0061489121200229,0.9535750337903506,50.416869242094734,0.006934576262069377
119.58804321289062,120.7353109160336,119.09218827381586,120.22973871260609,75089100,0.006958676111243456,0.8264236450195312,1.6431226422177332,-0.6416954997154676,118.15881958007813,118.05673141479492,118.17534675598145,124.3717887878418,0.02013141893053586,119.05113660484521,2.3431472778320312,2.4014892578125,2.7903823852539062,-0.36539309927504016,90795040.0,0.018765485522717507,-0.012274304661096691,0.00148505826421097,0.004163605336294118,0.019985068511041204,0.02049287377059561,0.0238907386113818,1.0120957846218486,1.0119542399975032,0.9615367309453797,54.3373301226334,0.023303661890067263
122.40760803222656,122.66039785902176,119.65610882120376,120.43392024929994,88651200,0.023577313781416587,2.8195648193359375,3.0042890378179976,1.9736877829266177,119.07080383300782,118.63133926391602,118.39313430786133,124.16244613647461,0.020643924330665784,119.37080055031011,4.5599212646484375,5.7460784912109375,4.355751037597656,0.18061343124368245,89711040.0,0.006958676111243456,0.018765485522717507,-0.012274304661096691,0.005141297006680867,0.03869334553542503,0.04925427014216144,0.03689692943835543,1.028023697596755,1.03390799430925,0.9858665952640849,54.21637200594368,0.002459108228497708
122.70899200439453,123.6034698490668,122.16452851942161,122.99094842847227,80171300,0.0024621343151205455,0.30138397216796875,1.4389413296451892,-0.2819564240777339,120.00806274414063,118.9055160522461,118.87197265625,123.91641540527344,0.01790513840489402,119.6887235459372,4.6862945556640625,2.7417678833007812,9.576766967773438,-0.09565465554893782,89581460.0,0.023577313781416587,0.006958676111243456,0.018765485522717507,0.00148505826421097,0.03970672300300371,0.022854307944420338,0.08465109710936414,1.022506231652221,1.0322785873104023,0.9902561464763971,51.49672555156188,0.013301580799306338
124.35211944580078,124.37156139198876,121.66867838856395,122.33954050731289,83466700,0.013390440379034363,1.64312744140625,2.702883003424816,2.0125789384878914,121.56367645263671,119.4266471862793,119.20302734375,123.62849472045899,0.015913011544573367,120.13285648878134,7.778068542480469,5.211311340332031,6.62109375,0.04110448502144792,89140420.0,0.0024621343151205455,0.023577313781416587,0.006958676111243456,-0.012274304661096691,0.06672212625544893,0.04374077550085742,0.05623915795236423,1.0229381265402129,1.0431959843368925,1.005853219575131,57.05298498833867,0.019051092455937696
126.7438735961914,126.77304022302052,124.95491791825974,125.37298279315496,88844600,0.01923372244116095,2.391754150390625,1.8181223047607773,1.3708908030364455,123.16012725830078,120.42515869140625,119.7076286315918,123.38374969482422,0.0160499157156364,120.76247716567754,7.9822540283203125,9.985115051269531,10.092025756835938,0.06443168353367268,83244580.0,0.013390440379034363,0.0024621343151205455,0.023577313781416587,0.018765485522717507,0.06721240462503575,0.08551919509685302,0.08651406680444484,1.029098267577903,1.058778584498187,1.0272331154603267,73.98733820906622,0.02004948872893061
129.3106689453125,129.34955284443396,125.87858997142516,126.199437772379,106686700,0.020251829743652694,2.5667953491210938,3.4709628730088014,3.1112311729335005,125.10465240478516,121.63173599243164,120.24431800842285,123.21169860839844,0.016221179645212577,121.57659066849992,9.722625732421875,12.065773010253906,10.733787536621094,0.20082368540125128,89564100.0,0.01923372244116095,0.013390440379034363,0.0024621343151205455,0.006958676111243456,0.08130098520897833,0.1029108594794359,0.09052175608857205,1.0336199850259642,1.0753994125215511,1.049499929031076,78.79599775182699,-0.01332156215445698
127.59947204589844,129.16481202818863,127.0063925535893,128.84396428623276,91420000,-0.013233222852924498,-1.7111968994140625,2.1584194745993415,-1.2444922403343242,126.14302520751953,122.60691452026367,120.74065780639648,123.10192138671874,0.016487488509025268,122.15019841872835,5.191864013671875,9.751785278320312,9.926795959472656,-0.1430984368248338,90117860.0,0.020251829743652694,0.01923372244116095,0.013390440379034363,0.023577313781416587,0.04241455328744759,0.08274905978895464,0.0843593966723577,1.0115459957931316,1.0568061692234594,1.036535178399457,68.73508308524872,0.024015835708836995
130.7009735107422,130.9246041100814,128.27032223067465,128.76618458654,91266500,0.024306538382291354,3.10150146484375,2.6542818794067387,1.934788924202195,127.74142150878906,123.87474212646484,121.24817771911621,123.15378021240234,0.016477795989136998,122.96455795130109,7.991981506347656,12.678276062011719,10.150398254394531,-0.0016790636622183719,92336900.0,-0.013233222852924498,0.020251829743652694,0.01923372244116095,0.0024621343151205455,0.06512955062055625,0.10742235464936067,0.08420033029962704,1.0231683033349483,1.0779623741110926,1.0612826767097467,75.52594552269079,-0.01801416893645895
128.36758422851562,131.25519981120385,128.0078525023259,131.19686654052674,87222800,-0.01785288372037097,-2.3333892822265625,3.2473473088779485,-2.8292823120111166,128.54451446533204,125.05409545898438,121.56221961975098,123.11664398193359,0.017051196361986192,123.47913188246437,4.015464782714844,11.793533325195312,6.2808380126953125,-0.04430650896002364,93088120.0,0.024306538382291354,-0.013233222852924498,0.020251829743652694,0.013390440379034363,0.03229108438690509,0.10116774045174237,0.05144569912275565,0.9986235878088432,1.0559825629217034,1.0426501249282962,75.68859505471686,0.01853483635723702
130.76904296875,131.2551732400093,129.93289830876327,130.10791292088626,89347100,0.01870767261584816,2.401458740234375,1.322274931246028,0.6611300478637361,129.34954833984375,126.25483779907226,122.03571014404297,123.11103210449218,0.0172710950222494,124.1734091287773,4.025169372558594,12.007423400878906,9.469810485839844,0.024354870515507443,93188620.0,-0.01785288372037097,0.024306538382291354,-0.013233222852924498,0.01923372244116095,0.03175829535858177,0.10110525138145987,0.07806983022068215,1.010974098070886,1.0715637481389568,1.0622040992862278,77.5883498228101,-0.0025308308663856164
130.43850708007812,130.93435472673042,129.58291286418694,130.57462299301338,84922400,-0.002527631013946152,-0.330535888671875,1.3514418625434814,-0.13611591293525294,129.5751159667969,127.33988418579102,122.69830780029297,123.11919677734375,0.014920667205353571,124.77008512413927,1.127838134765625,10.8504638671875,13.251953125,-0.04952259222739186,88835760.0,0.01870767261584816,-0.01785288372037097,0.024306538382291354,0.020251829743652694,0.008721926380588219,0.09073201279722842,0.11308424625302971,1.0066632478531023,1.0630831787214483,1.0594489770427196,75.97292388659635,0.0050558547478102055
131.0996551513672,131.71218426085653,129.64126381298215,129.8065463844029,94264200,0.0050686571480242915,0.6611480712890625,2.0709204478743857,1.2931087669642807,130.27515258789063,128.20908889770507,123.42021408081055,123.0735986328125,0.014736941282048352,125.3729013172086,3.50018310546875,8.692047119140625,14.438125610351562,0.11000395655327688,89404600.0,-0.002527631013946152,0.01870767261584816,-0.01785288372037097,-0.013233222852924498,0.027431015578259776,0.0710090431376802,0.1237608118730813,1.0063289318576718,1.0622219069035843,1.065213470701383,76.44534850459269,-0.012913237636480435
129.41761779785156,131.77048682845773,128.15367596540483,131.27463922976452,94812300,-0.012830219511817509,-1.682037353515625,3.616810863052905,-1.8570214319129548,130.0184814453125,128.87995147705078,123.89273376464844,123.00262390136719,0.014315126250385009,125.75811241060316,-1.283355712890625,6.708625793457031,9.450393676757812,0.005814508583322109,90113760.0,0.0050686571480242915,-0.002527631013946152,0.01870767261584816,0.024306538382291354,-0.009819021836016795,0.0546710203048264,0.07877479658292907,0.9953786289396584,1.0445940925292552,1.0521533093605255,75.73047858942066,0.0029253828607961885
129.79676818847656,130.03983329744375,127.65779819666872,128.6883918850069,68847100,0.002929665968795847,0.379150390625,2.3820351007750276,1.1083763034696688,130.3043182373047,129.42441635131837,124.42553176879883,122.93631561279297,0.014092451000004938,126.14274629421016,1.4291839599609375,5.444648742675781,10.655960083007812,-0.27385898243160434,86438620.0,-0.012830219511817509,0.0050686571480242915,-0.002527631013946152,-0.01785288372037097,0.011133526961267348,0.04378412500680251,0.08944005209008399,0.9961048869623507,1.0431682818093821,1.055804930719509,73.8345625784585,-0.011753945511858358
128.2800750732422,130.42876284437168,127.76477810538648,129.34955290809418,84566500,-0.011685137745741092,-1.516693115234375,2.6639847389851923,-1.0694778348519947,129.80652465820313,129.57803649902343,125.00159759521485,122.85717376708985,0.013443457708056094,126.34630141602273,-2.4889678955078125,1.5362014770507812,11.521316528320312,0.22832334259540343,85482500.0,0.002929665968795847,-0.012830219511817509,0.0050686571480242915,0.01870767261584816,-0.01903331124096863,0.012120518597570573,0.0986762506890444,0.9882405789001726,1.0262274846169874,1.0441398832471351,68.23013375269863,0.017877385899946516
130.59400939941406,131.3718057637502,128.49392361047128,128.49392361047128,78657500,0.01803814290606498,2.313934326171875,2.877882153278904,2.1000857889427778,129.8376251220703,129.70637054443358,125.66905326843262,122.83636688232421,0.013762973107898022,126.75084503348857,0.1555023193359375,1.2833404541015625,13.349113464355469,-0.06987400448168013,84229520.0,-0.011685137745741092,0.002929665968795847,-0.012830219511817509,-0.002527631013946152,0.001192150407244963,0.009924474635919722,0.1138566703300199,1.0058256170091884,1.0391898880662496,1.0631542816999917,67.54170742808117,0.002973628408653106
130.98292541503906,131.31349039844014,129.85509976347652,131.08987465502372,66905100,0.0029780540272372757,0.388916015625,1.4583906349636209,-0.1069492399846581,129.81427917480468,130.04471588134766,126.32581520080566,122.82839416503906,0.013774400244634104,127.15390030792196,-0.116729736328125,3.383453369140625,13.135238647460938,-0.1494123255887868,78757700.0,0.01803814290606498,-0.011685137745741092,0.002929665968795847,0.0050686571480242915,-0.0008903893468930058,0.026516201947321294,0.11145945251659084,1.009002447555563,1.0368658631399332,1.066389626807651,67.6630115237493,-0.0024526514225334567
130.6620635986328,131.65377327736235,130.38983189631728,131.2648602486865,66015800,-0.002449646130513239,-0.32086181640625,1.263941381045072,-0.6027966500536763,130.06316833496095,130.04082489013672,126.95778350830078,122.80933746337891,0.013860898523727188,127.48801109751346,1.24444580078125,-0.038909912109375,12.639366149902344,-0.013291961300409105,72998400.0,0.0029780540272372757,0.01803814290606498,-0.011685137745741092,-0.012830219511817509,0.009615737192173235,-0.0002977017773029278,0.10709267304615655,1.0046046491973,1.0291772586758325,1.0639424191796127,64.27629686989165,-0.006045398175283452
129.87454223632812,131.27459954530588,129.3884120504617,130.5842881537486,107760100,-0.006027161523514568,-0.7875213623046875,1.8861874948441653,-0.709745917420463,130.07872314453124,130.19152069091797,127.62280807495117,122.81692108154297,0.013512620874082754,127.71529977740057,0.0777740478515625,1.5069580078125,13.300491333007812,0.6323380160507031,80781000.0,-0.002449646130513239,0.0029780540272372757,0.01803814290606498,0.002929665968795847,0.0005991986467539512,0.011739396802310065,0.1140947855028085,0.9984303281638439,1.017643665700057,1.0574645667114495,57.63758781002695,-0.000748683110843489
129.77734375,133.2677706601101,128.775916495569,132.68440835234537,151101000,-0.0007484029175729434,-0.097198486328125,4.49185416454111,-2.907064602345372,130.3781768798828,130.09235076904298,128.17359428405763,122.8682568359375,0.013205619223535544,127.91168491764813,1.4972686767578125,-0.99169921875,11.015724182128906,0.4021980306254356,94087900.0,-0.006027161523514568,-0.002449646130513239,0.0029780540272372757,-0.011685137745741092,0.011671872470474742,-0.007583593151989199,0.09275491713746398,0.9953916127356471,1.0125123234227804,1.0562316670878469,51.29448194480422,-0.015249090542653394
127.81336975097656,129.8551078660134,127.43418875564703,128.12448539137938,109839500,-0.015133411905908556,-1.9639739990234375,2.420919110366384,-0.3111156404028179,129.82204895019532,129.8298370361328,128.58486061096193,122.90228561401368,0.013897394311559414,127.90232156844131,-2.7806396484375,-2.6251373291015625,8.225326538085938,-0.27307231586819414,100324300.0,-0.0007484029175729434,-0.006027161523514568,-0.002449646130513239,0.01803814290606498,-0.021292245036547364,-0.020125478187893897,0.06878050946484016,0.9845274418678343,0.9940001423470876,1.039959257978217,50.585113132446445,0.008181566420074957
128.86337280273438,130.35094470080776,128.17307630207762,128.3772426558717,75135100,0.008215126897941571,1.0500030517578125,2.1778683987301406,0.48613014686267775,129.39813842773438,129.60620880126953,128.90764884948732,122.95420364379883,0.013128066828553527,127.9938502574216,-2.1195526123046875,-2.2362823486328125,6.4557647705078125,-0.3159555533300862,101970300.0,-0.015133411905908556,-0.0007484029175729434,-0.006027161523514568,0.0029780540272372757,-0.016181900088034884,-0.01705788124347707,0.052739898069147584,0.9958672850204977,0.9996565289403064,1.0480599197409675,44.33776768057655,-0.03602633782457148
124.30352783203125,127.8425635707918,123.18542655408791,127.55088239645514,137564700,-0.03538511270912792,-4.559844970703125,4.657137016703885,-3.247354564423887,128.12643127441407,129.0947998046875,128.98737564086915,122.99017761230469,0.015643978513533212,127.64239097881298,-6.3585357666015625,-5.1140899658203125,1.5945358276367188,0.8308979425062322,116280080.0,0.008215126897941571,-0.015133411905908556,-0.0007484029175729434,-0.002449646130513239,-0.048663977833181105,-0.03951618066257756,0.012994449726875912,0.9701630381463202,0.9636875486025949,1.0106784968135143,38.98825323271763,0.001953321069615942
124.54656982421875,126.83137298490321,124.42017121810461,125.61604742001238,84000900,0.0019552300439606984,0.2430419921875,2.411201766798598,-1.0694775957936287,127.06083679199219,128.5697799682617,128.99709815979003,123.03373474121094,0.015364626716707477,127.34755086885163,-5.327972412109375,-5.2501983642578125,0.19445037841796875,-0.38937169201110455,111528240.0,-0.03538511270912792,0.008215126897941571,-0.015133411905908556,-0.006027161523514568,-0.04102399377403965,-0.04044937664883963,0.0015637077943229105,0.9802121012953072,0.9654990042484649,1.0122960998151436,30.906639198426817,0.012721284246852968
126.14108276367188,126.15080002789722,123.60347484441658,124.34239490228468,78128300,0.012802543993813531,1.594512939453125,2.5473251834806376,1.7986878613871937,126.33358459472656,128.3558807373047,128.96695861816406,123.11909942626953,0.015008271092992525,127.23264914454879,-3.636260986328125,-2.1389923095703125,-0.6027908325195312,-0.0699111557138078,96933700.0,0.0019552300439606984,-0.03538511270912792,0.008215126897941571,-0.0007484029175729434,-0.028019228019745324,-0.01667439240543822,-0.004755976091120884,0.9984762418348833,0.9780883732952188,1.0245452033964242,37.762788337203325,0.005313445574551623
126.8131103515625,127.8357062427534,126.10214376686281,127.43641354670608,78973300,0.005327586961891617,0.672027587890625,1.7335624758905936,-0.6233031951435777,126.13353271484375,127.97779083251953,128.84208068847656,123.30268585205079,0.014295594716563328,127.19269306902629,-1.0002593994140625,-3.7808990478515625,-2.49755859375,0.010815543151457385,90760460.0,0.012802543993813531,0.0019552300439606984,-0.03538511270912792,-0.015133411905908556,-0.007825937156362484,-0.028951550421336014,-0.019314404713243416,1.0053877634447543,0.9842522697082187,1.028469975939728,37.80132684990825,-0.026143504315899655
123.54073333740234,126.16055151436144,123.50177596650869,126.03395306208488,88071200,-0.025804721649742568,-3.2723770141601562,2.6587755478527555,-2.4932197246825325,125.06900482177734,127.23357162475585,128.63914375305177,123.41557418823243,0.01512008934181457,126.8448873803002,-5.322639465332031,-7.442192077636719,-4.058738708496094,0.11520222657531098,93347680.0,0.005327586961891617,0.012802543993813531,0.0019552300439606984,0.008215126897941571,-0.04130451771955401,-0.05681803222866655,-0.03180842869817002,0.9877805737196615,0.9603665706494686,1.0010141276738624,34.66370836049339,-0.007437830794089018
122.6252670288086,122.97586852300613,119.56717642454035,120.2781354744355,126142800,-0.007410238581743833,-0.91546630859375,3.408692098465778,2.3471315543730924,124.73335266113281,126.42989196777344,128.23535842895507,123.38317626953125,0.013882999146447875,126.44301877539624,-1.6782608032226562,-8.036796569824219,-8.075706481933594,0.4322820626947288,91063300.0,-0.025804721649742568,0.005327586961891617,0.012802543993813531,-0.03538511270912792,-0.013501312734184423,-0.06150826298375034,-0.06178765364184424,0.9830992626482884,0.9562516027648134,0.9938572724123507,31.794868616613527,-0.025254732951479612
119.56717681884766,121.3883949923918,119.06074583190636,120.18074615402475,112172300,-0.02493849990347008,-3.0580902099609375,2.3276491604854357,-0.6135693351770897,123.73747406005859,125.39915542602539,127.79533805847169,123.34153533935547,0.014361675905294658,125.78817668429637,-4.979393005371094,-10.307365417480469,-8.800407409667969,-0.11075146579907846,96697580.0,-0.007410238581743833,-0.025804721649742568,0.005327586961891617,0.0019552300439606984,-0.03998016976620755,-0.07936401730467335,-0.0685563061933282,0.9662972169677005,0.9356145430292668,0.969399128119143,29.487257321880378,0.017760977960198734
121.70977783203125,122.85899423262195,121.01830123774441,121.32995276517451,105861300,0.017919642080616915,2.1426010131835938,1.8406929948775428,0.3798250668567391,122.85121307373046,124.59239883422852,127.34237480163574,123.40224853515625,0.014298641009541733,125.3997577459854,-4.431304931640625,-8.06756591796875,-9.05926513671875,-0.056261661747151526,102244180.0,-0.02493849990347008,-0.007410238581743833,-0.025804721649742568,0.012802543993813531,-0.03512975181878508,-0.06216467131204284,-0.06927683288837438,0.9907087995865848,0.9557680860092446,0.9862849281660956,28.913777243392417,0.01965039652245095
124.12507629394531,124.55359993393608,122.56681864446786,122.95638491442686,81918000,0.019844736429043275,2.4152984619140625,1.986781289468226,1.1686913795184495,122.31360626220703,124.22356948852538,127.02670326232911,123.54879684448242,0.015222763157422433,125.27835951245778,-2.6880340576171875,-3.68829345703125,-6.3134307861328125,-0.22617613802211012,102833120.0,0.017919642080616915,-0.02493849990347008,-0.007410238581743833,0.005327586961891617,-0.02119681514131455,-0.02885686735446602,-0.048401587287846715,1.0148100451543796,0.977157346495945,1.0046643873852392,35.15155499728759,-0.009301532147414596
122.97587585449219,123.61866139795352,121.90457404574953,123.5115304740433,74244600,-0.009258406711724065,-1.149200439453125,1.7140873522039897,-0.53565461955111,122.200634765625,123.63481979370117,126.62051429748536,123.64727722167969,0.015191526182009524,125.0590753545563,-0.5648574829101562,-5.8874969482421875,-8.123779296875,-0.09367172050098882,100067800.0,0.019844736429043275,0.017919642080616915,-0.02493849990347008,-0.025804721649742568,-0.0045722367647557105,-0.045687900449841834,-0.06196644291318165,1.0063440021433119,0.9712160508649462,0.9945700270780424,33.93433169802583,-0.011309599401451506
121.59290313720703,123.67707407576847,121.5247295992301,123.25829164809352,63342900,-0.01124588629823231,-1.3829727172851562,2.1523444765383744,-1.665388510886487,121.9941619873047,123.36375732421875,126.22927856445312,123.8164907836914,0.015142074255446053,124.72896371480876,-1.0323638916015625,-2.7106246948242188,-7.824714660644531,-0.14683492132761167,87507820.0,-0.009258406711724065,0.019844736429043275,0.017919642080616915,-0.007410238581743833,-0.008418851323349408,-0.021806498512954797,-0.060460969640676154,0.9967108356370412,0.9632702057718032,0.9820412641934021,33.11014579075827,-0.0012823337515944367
121.43708038330078,121.66107596519278,119.65481977612977,119.94699632595916,92612000,-0.0012815119129971908,-0.15582275390625,2.0062561890630093,1.490084057341619,122.3681427001953,123.05280838012695,125.81129417419433,123.8906118774414,0.01508439319428917,124.41545101656989,1.869903564453125,-3.1094894409179688,-8.359687805175781,0.46207388673395133,83595760.0,-0.01124588629823231,-0.009258406711724065,0.019844736429043275,-0.02493849990347008,0.015638937158198196,-0.02496647997055723,-0.06440597806747206,0.9923913013930786,0.9652319466260545,0.9801959853377125,33.03116147308782,0.02079441382349315
123.98873138427734,124.38803886132331,121.83638680726905,121.96300011967811,76857100,0.02101212408040931,2.5516510009765625,2.5516520540542587,2.02573126459923,122.82393341064453,122.8375732421875,125.59672698974609,124.03734954833985,0.015869454176982378,124.37481105158966,2.2789535522460938,-2.1523513793945312,-4.291343688964844,-0.17011726342158684,77794920.0,-0.0012815119129971908,-0.01124588629823231,-0.009258406711724065,0.017919642080616915,0.018724490282048034,-0.017063048233278644,-0.033452924676842244,1.0094834772123644,0.9871971535882458,0.9996080360936481,42.40024644096256,-0.01487723142091718
122.15777587890625,124.66072928690556,121.94351406158702,124.48542483913151,79295400,-0.014767112179706277,-1.8309555053710938,2.71721522531854,-2.327648960225261,122.43047332763672,122.37203979492188,125.1749153137207,124.10896743774414,0.015424185586994476,124.16366484466744,-1.9673004150390625,-4.65533447265625,-8.436233520507812,0.031725110627385034,77270400.0,0.02101212408040931,-0.0012815119129971908,-0.01124588629823231,0.019844736429043275,-0.015849339019782138,-0.036710198651782266,-0.06459893190587396,0.997772634203572,0.975896612933568,0.9842783998681106,37.07671840198276,0.01322623195557749
123.78419494628906,124.60228476604034,122.65446106136119,122.72263459381065,63092900,0.013314085457769576,1.6264190673828125,1.947823704679152,1.0615603524784092,122.59213714599609,122.39638595581054,124.8149787902832,124.23119781494141,0.015811085139543764,124.1275248543457,0.808319091796875,0.24346160888671875,-7.19873046875,-0.20433089435200524,75040060.0,-0.014767112179706277,0.02101212408040931,-0.0012815119129971908,-0.009258406711724065,0.006572989101970572,0.001970699074788529,-0.05495930439742236,1.0097237704476376,0.9917415052745705,0.9964018469071012,48.87152754752615,-0.0015747099788644776
123.58942413330078,124.97238470676444,123.02455343641832,124.4854213164092,72009500,-0.0015734707736539955,-0.19477081298828125,1.9478312703461285,-0.8959971831084204,122.99144134521484,122.49280166625977,124.4613468170166,124.29197479248047,0.015813037645553193,124.07627716662712,1.99652099609375,0.9641571044921875,-7.072639465332031,0.14132493513533229,76773380.0,0.013314085457769576,-0.014767112179706277,0.02101212408040931,-0.01124588629823231,0.016419716484940228,0.00786263000973264,-0.05412924968840027,1.0048619869931235,0.9929944299494226,0.9943475782700156,47.91582009750483,-0.00039404981590926983
123.54073333740234,124.06664669892854,123.12195088824402,123.64786424977021,56575900,-0.000393972188477254,-0.0486907958984375,0.9446958106845216,-0.10713091236786454,123.41217193603515,122.89015731811523,124.14465637207032,124.32105453491211,0.015800053033842375,124.02527299241524,2.1036529541015625,3.9735565185546875,-6.333808898925781,-0.21432727626215986,69566160.0,-0.0015734707736539955,0.013314085457769576,-0.014767112179706277,-0.0012815119129971908,0.017322986911918914,0.03323283717382486,-0.04876867159539533,1.0010417238376927,0.9951353279930312,0.9937233383321195,43.92905375437777,-0.012454143484221433
122.01168060302734,124.3101132618625,121.81690119683103,123.14142196396851,94625600,-0.012376911590762596,-1.529052734375,2.4932120650314715,-1.1297413609411677,123.01676177978516,122.92034759521485,123.75637321472168,124.33530349731446,0.01595019450037268,123.83350228866401,-1.97705078125,0.30190277099609375,-7.765663146972656,0.6725425490358969,73119860.0,-0.000393972188477254,-0.0015734707736539955,0.013314085457769576,0.02101212408040931,-0.015945406967045606,0.0024805136972045894,-0.05983835793350989,0.9918297217207113,0.985902199891821,0.9813116401462172,39.22159062688929,-0.005362169392555356
121.35918426513672,122.5181420121491,121.30075191834936,122.29413896553177,71311100,-0.005347818624132916,-0.652496337890625,1.217390093799736,-0.9349547003950534,122.85704345703125,122.64375839233398,123.43366394042968,124.41875610351562,0.015705288858144466,123.59785295308998,-0.7985916137695312,-2.7658920288085938,-6.454185485839844,-0.24638681287093556,71523000.0,-0.012376911590762596,-0.000393972188477254,-0.0015734707736539955,-0.014767112179706277,-0.0065373784683274705,-0.022283104360464434,-0.05049695112815478,0.9878081129925741,0.9831935664139879,0.9754090787096975,44.44996975957503,-0.002652004910921618
121.03776550292969,122.07985090220888,120.70663903510166,121.81689796777825,67637100,-0.002648491452487134,-0.32141876220703125,1.3732118671072158,-0.7791324648485585,122.30775756835938,122.44994735717773,123.04238357543946,124.50628082275391,0.015502857002287715,123.35403510069376,-2.746429443359375,-1.9381103515625,-7.8256072998046875,-0.051520730994193076,72431840.0,-0.005347818624132916,-0.012376911590762596,-0.000393972188477254,0.013314085457769576,-0.02218723839946668,-0.015760085773698584,-0.06072794099363066,0.9896164226155494,0.9837079060543337,0.9721418445968845,45.835393183540354,0.006256537090120712
121.79741668701172,121.97272112169325,120.81377104330335,121.03776661351102,59278900,0.006276150100140709,0.7596511840820312,1.158950078389907,0.7596500735006941,121.94935607910156,122.4703987121582,122.91707801818848,124.54288467407227,0.013607213080559372,123.20578572796214,-1.7920074462890625,0.2045135498046875,-2.5061111450195312,-0.1235741922702186,69885720.0,-0.002648491452487134,-0.005347818624132916,-0.012376911590762596,-0.0015734707736539955,-0.014499682791273782,0.0016819530131122473,-0.020161223005721873,0.9987540779469857,0.9908909213493419,0.9779556415908832,56.653062636499286,-0.012228510525984804
120.31708526611328,121.59290756486408,119.91777779316642,121.42734431379967,76229200,-0.012154046129750906,-1.4803314208984375,1.6751297716976552,-1.1102590476863838,121.30462646484375,122.35839920043945,122.7056037902832,124.56641021728515,0.013813945888963123,122.93067139826225,-3.2236480712890625,-1.1199951171875,-4.229484558105469,0.2859415407505874,73816380.0,0.006276150100140709,-0.002648491452487134,-0.005347818624132916,-0.000393972188477254,-0.026093807153345527,-0.009222842921226215,-0.033959060968719035,0.991858998065365,0.9805345603591817,0.9658870722551959,45.6745271416947,0.018843607431162215
122.60578918457031,122.86874960294172,120.61900768168596,120.83326952469692,75169300,0.01902226864451495,2.2887039184570312,2.2497419212557617,1.7725196598733959,121.42344818115234,122.22010498046875,122.52883911132812,124.68335083007813,0.014220121707262964,122.8997302350535,0.5941085815429688,-1.3829421997070312,-3.5352935791015625,-0.013904120730638625,69925120.0,-0.012154046129750906,0.006276150100140709,-0.002648491452487134,-0.012376911590762596,0.00486927627426037,-0.0111537732846132,-0.028026504146353437,1.0097373367428508,1.0006280160148442,0.9833372969873165,45.24394554573681,7.93985423941e-05
122.61552429199219,123.02456555539773,121.5734387321586,122.87847726693603,71057600,7.940169454179191e-05,0.009735107421875,1.4511268232391217,-0.2629529749438433,121.67471618652344,122.26587982177735,122.3189598083496,124.7907633972168,0.014139105462158835,122.87266300238099,1.2563400268554688,0.4577484130859375,-4.1975860595703125,-0.05469919235645404,69874420.0,0.01902226864451495,-0.012154046129750906,0.006276150100140709,-0.005347818624132916,0.010352245151143302,0.0037471901382659656,-0.033100568607878134,1.0077321577970768,1.0024245177044282,0.9825689093807313,48.78527766404615,0.0066496061831759845
123.43358612060547,125.1087231263275,122.91741402757391,123.29723905566723,74403800,0.006671763900508942,0.8180618286132812,2.1913090987535924,0.136347064938235,122.1538803100586,122.23081893920899,122.31360244750977,124.90248138427734,0.013032996628652387,122.9260842517357,2.3958206176757812,-0.35060882568359375,-0.107147216796875,0.047091373758753496,71227760.0,7.940169454179191e-05,0.01902226864451495,-0.012154046129750906,-0.002648491452487134,0.019793992459467447,-0.0028324199695747287,-0.0008673027421995938,1.010476178139398,1.0091566567469579,0.9882396630764073,56.45049687076226,0.0030725949224154796
123.81343078613281,124.41725890545642,123.21934386738059,123.89134552998598,56877900,0.0030773201805560646,0.37984466552734375,1.197915038075834,-0.07791474385317088,122.55708312988281,122.25321960449219,122.37301063537598,125.01829605102539,0.01292814101014737,123.0105934454878,2.0160140991210938,0.22400665283203125,1.1881637573242188,-0.23555114120515352,70747560.0,0.006671763900508942,7.940169454179191e-05,0.01902226864451495,0.006276150100140709,0.016552190957397128,0.001812506647740575,0.009689387726634413,1.0102511223681667,1.0117707339492426,0.9903624885080755,58.19895791819495,-0.00805572724729904
122.82003021240234,124.84576874618693,122.654466972811,123.70628617695928,71186400,-0.00802336683042415,-0.9934005737304688,2.1913017733759403,-0.8862559645569377,123.05767211914062,122.18114929199218,122.53565330505371,125.14321563720704,0.011663576498701304,122.99244456614633,2.5029449462890625,-0.720703125,3.2528533935546875,0.25156519491753393,69739000.0,0.0030773201805560646,0.006671763900508942,7.940169454179191e-05,-0.012154046129750906,0.02080290542904306,-0.005833728726797216,0.02720523709013367,0.9980688574499589,1.0023207686879563,0.9814357860873605,45.48189501800352,0.009784770149065949
124.02769470214844,124.11535064804697,122.81030467281765,123.2290871401218,53522400,0.009832797530318071,1.2076644897460938,1.3050459752293193,0.798607562026632,123.34205322265625,122.3827507019043,122.65154914855957,125.24853713989258,0.01119164029088705,123.09103981719416,1.421905517578125,2.0160140991210938,2.3179168701171875,-0.24813728464987694,65409620.0,-0.00802336683042415,0.0030773201805560646,0.006671763900508942,0.01902226864451495,0.011597376657619174,0.016523123762882452,0.01904462329490153,1.0055588622175315,1.011219960637611,0.9902526411435804,57.594972011641566,0.024280539369053365
127.07601165771484,127.13444398991092,123.75497617492034,124.48541004880167,96906500,0.024577711960920734,3.0483169555664062,3.3794678149905764,2.5906016089131754,124.23415069580078,122.95443344116211,122.79909591674804,125.39829650878906,0.011651608335335897,123.4705609448628,4.460487365722656,5.716827392578125,2.9509353637695312,0.8105783746618238,70579400.0,0.009832797530318071,-0.00802336683042415,0.0030773201805560646,7.940169454179191e-05,0.036377835445213336,0.04710667286695358,0.023773885598920463,1.0228750383529617,1.0348285604958065,1.0133790904313298,61.985811426085576,-0.00645826843814827
126.25796508789062,127.19292725029605,126.01448706088831,126.55014169243728,62746300,-0.0064374586450482996,-0.8180465698242188,1.1784401894077376,-0.29217660454665406,124.79902648925781,123.4764533996582,122.96320037841797,125.47530364990234,0.011534320820294916,123.73602800610354,2.8243789672851562,5.2201995849609375,3.2820892333984375,-0.3525067977896219,68247900.0,0.024577711960920734,0.009832797530318071,-0.00802336683042415,0.006671763900508942,0.022881770319185923,0.0431286843678107,0.02668888682916859,1.011690304321071,1.0267947215047515,1.0062375735720237,59.294544569415386,0.003925962467412719
126.75462341308594,127.47532354376922,125.10872484257997,126.96888521245891,91815000,0.003933679153228731,0.4966583251953125,2.366598701189247,-0.21426179937297718,125.38726501464843,123.97217407226563,123.22128639221191,125.55621627807618,0.011152854913666516,124.023513282959,2.941192626953125,4.957206726074219,5.161720275878906,0.46327353166640894,75235320.0,-0.0064374586450482996,0.024577711960920734,0.009832797530318071,0.0030773201805560646,0.02375503698006365,0.04070042584575484,0.04245083506275327,1.0109050819337815,1.0286747292154332,1.0095447853601736,60.85525552888741,0.012522102436381004
128.35183715820312,129.09201968074376,126.26766637763058,126.41376207268152,96721700,0.012600832238773396,1.5972137451171875,2.8243533031131847,1.9380750855216036,126.49362640380859,124.77564926147461,123.56702423095703,125.63621063232422,0.011358820118421684,124.43573460441083,5.531806945800781,8.034751892089844,6.914756774902344,0.05344115885203937,80342380.0,0.003933679153228731,-0.0064374586450482996,0.024577711960920734,-0.00802336683042415,0.045039941255788696,0.06677980832330555,0.05694106571960389,1.0146901532292427,1.0387224096155532,1.0216149986712526,71.31640334222054,-0.010142965232617733
127.05654907226562,128.0791446469785,126.84228727205331,127.30002703971456,108953300,-0.010091698838256336,-1.2952880859375,1.2368573749251937,-0.24347796744893913,127.09939727783203,125.22072525024414,123.72041511535645,125.6424641418457,0.010857149383341279,124.68533598230175,3.0288543701171875,4.4507598876953125,3.0678176879882812,0.12646179709413707,91428560.0,0.012600832238773396,0.003933679153228731,-0.0064374586450482996,0.009832797530318071,0.024420790674138937,0.03630138443948305,0.02474271374291437,0.9996628764063079,1.0269651047791797,1.0112548328312272,68.36161387168397,0.014005597013024507
128.84857177734375,128.955702701089,125.83918700220758,126.90074760795298,79663300,0.014104134876659291,1.792022705078125,3.1165156988814147,1.9478241693907705,127.45390930175782,125.84402999877929,124.05495491027833,125.63322219848632,0.010525730761740898,125.08183462944861,1.7725601196289062,6.2330474853515625,6.6907958984375,-0.26883077428586377,87979920.0,-0.010091698838256336,0.012600832238773396,0.003933679153228731,0.024577711960920734,0.01394881769191314,0.050834080931778436,0.054771756036799735,1.0109424848812127,1.0386410754051087,1.0255931474381637,72.99332959011791,0.012618324745800278
130.48472595214844,130.58212309669915,128.18629303149916,128.68299766370282,74783600,0.012698271717221932,1.6361541748046875,2.3958300651999878,1.8017282884456165,128.29926147460938,126.5491439819336,124.38998146057129,125.69092727661133,0.010493968428654266,125.59639570780098,4.2267608642578125,7.051139831542969,6.700531005859375,-0.06125405299554498,90387380.0,0.014104134876659291,-0.010091698838256336,0.012600832238773396,-0.0064374586450482996,0.03347718190543847,0.05712496941191825,0.05413074753822,1.0170341158041005,1.0489970688958503,1.0381395760171874,74.31861041759659,-0.0020920084822480065
130.2120361328125,130.815871699919,129.75429628741554,130.2802171084206,60214200,-0.0020898217576510447,-0.2726898193359375,1.0615754125034584,-0.06818097560810088,128.9907440185547,127.18900451660156,124.72111206054687,125.68114852905273,0.010505641781249561,126.03598051018304,3.4574127197265625,6.3986053466796875,6.622611999511719,-0.19482078958488225,84067220.0,0.012698271717221932,0.014104134876659291,-0.010091698838256336,0.003933679153228731,0.02727642295507482,0.05167941237111995,0.05358558829733462,1.0094680600809787,1.044025618289869,1.0360506540303647,79.70778529141072,-0.0021715522397669222
129.92958068847656,131.12748807728477,129.46209231078763,130.94244245203893,68711000,-0.0021691961259852066,-0.2824554443359375,1.6653957664971415,-1.0128617635623698,129.30629272460936,127.89995956420898,125.04055442810059,125.71238845825195,0.01054029399735044,126.40679957478241,1.5777435302734375,7.109550476074219,6.388847351074219,0.14110957216071962,78465080.0,-0.0020898217576510447,0.012698271717221932,0.014104134876659291,0.012600832238773396,0.012292333052691395,0.057885920267069846,0.05171450078433337,1.0048202446356933,1.0390995248120658,1.0335463535610503,75.00005208648022,-0.0022508994139086315
129.637451171875,130.3971014851615,129.34527454506005,129.97832637994586,70783700,-0.0022483680394688177,-0.2921295166015625,1.0518269401014493,-0.34087520807085525,129.82247314453124,128.46093521118163,125.42184295654297,125.68975662231445,0.01001419525144811,126.71448067926741,2.580902099609375,5.6097564697265625,7.625770568847656,0.030165475688026744,70831160.0,-0.0021691961259852066,-0.0020898217576510447,0.012698271717221932,-0.010091698838256336,0.0203130190332923,0.045229869693203195,0.06250033219080531,0.9985748078266059,1.0336114357432356,1.031408244041899,73.51624867519922,0.012467740391892721
131.26385498046875,131.72159479819973,129.87116798746578,129.9296003283306,62111300,0.012545786683490379,1.62640380859375,1.8504268107339499,1.3342546521381564,130.30552978515624,128.87971954345704,125.91707649230958,125.70626358032227,0.01002062957105352,127.14775442223896,2.415283203125,4.187843322753906,9.904670715332031,-0.12251973265031357,67320760.0,-0.0022483680394688177,-0.0021691961259852066,-0.0020898217576510447,0.014104134876659291,0.018745129804765837,0.03295541989493711,0.08161451294607436,1.0073544476346672,1.042462695585898,1.0442109346173936,74.87649362604824,0.011434510707123485
132.77340698242188,132.9292364481491,130.84506564137368,131.28332301060522,64556100,0.011500134611906132,1.509552001953125,2.0841708067754325,1.4900839718166594,130.76326599121094,129.53126373291016,126.50385856628418,125.73973861694336,0.010027629088489153,127.68353085654209,2.2886810302734375,6.51544189453125,11.735641479492188,0.039361597648092994,65275260.0,0.012545786683490379,-0.0022483680394688177,-0.0021691961259852066,0.012698271717221932,0.017539838579365474,0.05160420485151751,0.09695851068242112,1.0153723675833093,1.0495601358503437,1.0559383091045391,76.55910068288253,0.004610659676330782
133.38699340820312,133.82525083392224,132.3254180392348,132.61759460995344,63261400,0.004621305122210817,0.61358642578125,1.4998327946874497,0.7693987982496822,131.39825744628905,130.1945007324219,127.08333740234374,125.81912612915039,0.010020636528880791,128.2267177662241,3.174957275390625,6.6323699951171875,11.589576721191406,-0.02005542466165089,65884700.0,0.011500134611906132,0.012545786683490379,-0.0022483680394688177,-0.0020898217576510447,0.024382978484049467,0.052324481873159634,0.0951545364133104,1.015135177593409,1.049602537474304,1.0601487827159481,82.04405177084861,0.002260745283098279
133.6888885498047,133.74732088516166,132.21827209331306,133.03636937045857,52485800,0.002263302694571312,0.3018951416015625,1.529048791848595,0.6525191793461147,132.15011901855468,130.72820587158202,127.75192756652832,125.89696853637696,0.009239915947412029,128.7469245075175,3.759307861328125,5.3370513916015625,13.371803283691406,-0.17033451678274592,62639660.0,0.004621305122210817,0.011500134611906132,0.012545786683490379,-0.0021691961259852066,0.028933425640321087,0.04158141799733839,0.1111380254443175,1.0116441025000815,1.0464725745933237,1.0618912441182118,81.00031433330494,0.01940690919207468
136.3087158203125,136.3476657575281,134.15636398642496,134.30244482687868,78852600,0.019596447385616722,2.6198272705078125,2.1913017711031273,2.006270993433816,133.4843719482422,131.6534225463867,128.43707389831542,126.05754135131836,0.009285498702934969,129.46709510873606,6.6712646484375,9.252166748046875,13.702926635742188,0.5023606384965076,64253440.0,0.002263302694571312,0.004621305122210817,0.011500134611906132,-0.0022483680394688177,0.051460936543658686,0.07281928256043324,0.11176410777075008,1.0211586107860284,1.0612879263212514,1.0813213898914975,80.46308253471986,0.014610986518641563
138.31494140625,139.4154515029588,136.4158165961912,136.4158165961912,108181800,0.014718248747807028,2.0062255859375,2.9996349067675965,1.8991248100587939,134.89458923339845,132.60005950927734,129.22204475402833,126.21195999145507,0.009423923660389253,130.3097471370707,7.05108642578125,9.46636962890625,15.699417114257812,0.37194968840596254,73467540.0,0.019596447385616722,0.002263302694571312,0.004621305122210817,0.012545786683490379,0.053716892794519966,0.0734689527274277,0.12803776034812508,1.0253557403027749,1.0703664507826804,1.0958940928863978,86.88930677612241,0.01779635909802468
140.79847717285156,141.11012131228122,138.93830152510142,139.79533405407227,104911600,0.017955657872905206,2.4835357666015625,2.1718197871797997,1.0031431187792919,136.49960327148438,133.63143463134764,130.0902893066406,126.40827102661133,0.009791561420536976,131.30867380714506,8.025070190429688,10.313751220703125,17.364891052246094,-0.03022874457625957,81538640.0,0.014718248747807028,0.019596447385616722,0.002263302694571312,0.011500134611906132,0.06044184880705927,0.07904182765793899,0.1406820590570792,1.0314936732293438,1.0823135064368277,1.1138391185115635,88.31051741247144,-0.009242713191169347
139.50311279296875,140.30171263383818,137.00015267093528,137.886415856141,105575500,-0.0092001306114452,-1.2953643798828125,3.3015599629028998,1.6166969368277364,137.7228271484375,134.56054229736327,130.87477340698243,126.58509201049804,0.010393577341096647,132.0890965676997,6.116119384765625,9.29107666015625,15.689682006835938,0.006328184871835063,90001460.0,0.017955657872905206,0.014718248747807028,0.019596447385616722,0.004621305122210817,0.045852442044694186,0.07135343963656027,0.12672035583875596,1.012926583641886,1.0659282087859263,1.102050095925983,80.92914833430109,0.012970947237624668
141.3243865966797,141.85029259632174,138.92855627210733,139.02595342720224,99890800,0.013055434873441296,1.8212738037109375,2.9217363242144074,2.2984331694774482,139.2499267578125,135.70002288818358,131.79999122619628,126.81408889770508,0.00995241390644465,132.96864799903113,7.635498046875,11.394805908203125,18.504356384277344,-0.05384487878342992,99482460.0,-0.0092001306114452,0.017955657872905206,0.014718248747807028,0.002263302694571312,0.05711393167900014,0.08769985901458188,0.1506623663280029,1.0148973854936036,1.0722640061040487,1.1144218108973631,88.45132441316986,-0.0042127798630751685
140.7302703857422,142.5027971874123,140.24331443285035,142.39566628334748,76299700,-0.0042039185539366475,-0.5941162109375,2.259482754561958,-1.6653958976052934,140.13423767089844,136.8093048095703,132.63512001037597,127.03314743041992,0.01023948054798517,133.70785013109887,4.4215545654296875,11.092819213867188,16.70257568359375,-0.2361688964349069,98971880.0,0.013055434873441296,-0.0092001306114452,0.017955657872905206,0.019596447385616722,0.032437797824009795,0.08556801382310564,0.13466811363143405,1.0042532982999024,1.061033234445997,1.1078232196271813,84.23092850215977,0.007858426413951895
141.84054565429688,143.61307265954179,139.882987848704,140.2725467114718,100827100,0.007889384888634332,1.1102752685546875,3.7300848108377807,1.567998942825085,140.8393585205078,137.86697387695312,133.37334671020508,127.31369094848633,0.00931751696753157,134.48239256187964,3.525604248046875,10.576690673828125,14.764533996582031,0.3214612901492404,97500940.0,-0.0042039185539366475,0.013055434873441296,-0.0092001306114452,0.014718248747807028,0.025489684716647476,0.08057580417245758,0.1161866335272701,1.0071087169403947,1.0634849402293953,1.114102847836596,83.73818031474431,0.02381434047852227
145.25892639160156,145.66798238945225,143.82727498126442,144.2363309791151,127050800,0.02410016629262124,3.4183807373046875,1.840707408187825,1.022595412486453,141.7314483642578,139.1155258178711,134.32339477539062,127.64160202026368,0.009741825614626451,135.50872911709126,4.46044921875,12.485519409179688,19.000961303710938,0.260085830099249,101928780.0,0.007889384888634332,-0.0042039185539366475,0.013055434873441296,0.017955657872905206,0.031679669470246585,0.09403629606968411,0.15049316920705946,1.0248884638381592,1.0814119657599246,1.138021805528115,87.66426574938335,-0.004502178123040562
144.60641479492188,146.0867648396301,143.25267803516988,145.3465972476331,106820300,-0.004492058511575303,-0.6525115966796875,2.834086804460213,-0.740182452711224,142.75210876464843,140.23746795654296,135.21598434448242,128.04765975952148,0.010061930772973418,136.37517537212275,5.103302001953125,11.21942138671875,17.851791381835938,-0.15923158295736828,102177740.0,0.02410016629262124,0.007889384888634332,-0.0042039185539366475,-0.0092001306114452,0.036581993761864995,0.08411180955540432,0.14083739828296427,1.0129896927360322,1.0694476359134877,1.1293171235343027,86.06974241282198,-0.014175769890201164
142.5709686279297,145.85304711779946,142.0742788872529,144.58697348148013,93251400,-0.014075766762344677,-2.0354461669921875,3.778768230546575,-2.0160048535504416,143.00142517089844,141.12567596435548,135.92694091796875,128.4081477355957,0.010960647594077005,136.96525092029486,1.24658203125,8.882080078125,14.219131469726562,-0.12702548111173628,100849860.0,-0.004492058511575303,0.02410016629262124,0.007889384888634332,0.013055434873441296,0.008820714253708895,0.06643843160395524,0.11078245379690532,0.9969898443847373,1.0488794028990218,1.1102953445095756,79.27672640984812,-0.027283276943105318
138.73374938964844,140.31149679803218,137.97409928442224,139.99983785193092,121434600,-0.026914450222298214,-3.83721923828125,2.337397513609943,-1.2660884622824824,142.60212097167968,141.36817932128906,136.51080093383788,128.66000106811524,0.012711576277122775,137.1336793459476,-1.99652099609375,2.4250335693359375,11.677200317382812,0.3022281703009284,109876840.0,-0.014075766762344677,-0.004492058511575303,0.02410016629262124,-0.0042039185539366475,-0.014186862503861364,0.017790744742491205,0.09190553657128842,0.9728729730268213,1.0162840481529951,1.0782974369493434,65.37065306601744,0.025642401376516112
142.33721923828125,143.26244743833868,139.23045273850917,139.717408691922,96350000,0.02597399597780692,3.6034698486328125,4.031994699829511,2.619810546359247,142.70145568847656,141.7704071044922,137.18523330688475,128.9704832458496,0.013440625181773084,137.6292545737889,0.496673583984375,4.02227783203125,13.4886474609375,-0.20656880329000138,108981420.0,-0.026914450222298214,-0.014075766762344677,-0.004492058511575303,0.007889384888634332,0.003501633342520405,0.02908057358906202,0.10468604560279093,0.9974475631769977,1.037554959868541,1.1036418229662002,68.1179973405793,-0.005144957055289851
141.60678100585938,142.31774737595725,140.85687956010295,141.73339430532917,74993500,-0.005131744432909535,-0.730438232421875,1.4608678158543,-0.1266132994697955,141.9710266113281,141.85123748779296,137.7413360595703,129.33180419921874,0.013499647439475786,138.00806661493846,-3.6521453857421875,0.8083038330078125,11.122055053710938,-0.22165542293720808,98569960.0,0.02597399597780692,-0.026914450222298214,-0.014075766762344677,0.02410016629262124,-0.025142312947408207,0.005740856358946944,0.08523645179581885,0.9974343666157608,1.0280630713834324,1.094910736633138,65.50319508126708,0.009582465640657274
142.97024536132812,144.33371584309756,142.0060673959038,142.13268067660871,77338200,0.009628524466016364,1.36346435546875,2.327648447193752,0.8375646847194105,141.64379272460937,142.1979507446289,138.3792465209961,129.73870376586913,0.013467247360331811,138.48065506697557,-1.63616943359375,3.467132568359375,12.758209228515625,0.03126537633261539,92673540.0,-0.005131744432909535,0.02597399597780692,-0.026914450222298214,-0.004492058511575303,-0.011314639367237866,0.024853442327877007,0.09798026056134024,1.0093647071375567,1.0331769319154043,1.101986078258783,66.8314028940816,0.011918090469530665
144.6843719482422,144.8402014430063,143.0871567787064,143.700726126391,71447400,0.011989393895086131,1.7141265869140625,1.7530446642998925,0.9836458218511837,142.06647338867188,142.53394927978516,139.1169860839844,130.24104766845704,0.013455372901379182,139.07148524614382,2.1134033203125,3.3599853515625,14.754791259765625,-0.07616934451538826,88312740.0,0.009628524466016364,-0.005131744432909535,0.02597399597780692,-0.014075766762344677,0.014823518004060787,0.023774986274318177,0.11355990823323125,1.0184272791259352,1.0400194542807073,1.1108968680638398,65.70483750893382,0.002890345258083264
145.10316467285156,145.92124724515625,143.84680978043045,144.40194679352788,72434100,0.0028945263332185167,0.418792724609375,2.074437464725804,0.7012178793236785,143.3403564453125,142.9712387084961,139.8902717590332,130.70891540527344,0.01334865143601639,139.64593090583028,6.369415283203125,4.372894287109375,15.465713500976562,0.013810159641918451,78512640.0,0.011989393895086131,0.009628524466016364,-0.005131744432909535,-0.026914450222298214,0.045911072909259776,0.03107287632663014,0.11929973446077646,1.0122980594666766,1.0372641560293612,1.1101244641419263,63.533995846767255,-0.015012625373218569
142.94105529785156,145.3174027377309,141.7528815779119,145.22973937162135,104818600,-0.01490049772432378,-2.162109375,3.5645211598190087,-2.2886840737697867,143.46112365722655,143.08128967285157,140.47413177490233,131.08523498535158,0.01400630406621011,139.959752276499,0.6038360595703125,1.1005096435546875,11.677200317382812,0.44708914723866244,80206360.0,0.0028945263332185167,0.011989393895086131,0.009628524466016364,0.02597399597780692,0.004242292091989341,0.007758780385947794,0.08895975452740057,0.9963748481392242,1.0175614078676227,1.0904435981201457,54.32721880288991,-0.012270926814426639
141.19775390625,143.13584408542147,138.82140631068384,141.0321906538661,118931200,-0.012195946000041591,-1.7433013916015625,4.314437774737627,0.16556325238389036,143.3793182373047,142.6751724243164,140.89534912109374,131.44967254638672,0.01436838298426445,140.07765719361814,-0.409027099609375,-4.0611724853515625,8.424346923828125,0.13463831800844517,88993900.0,-0.01490049772432378,0.0028945263332185167,0.011989393895086131,-0.005131744432909535,-0.0028884711360852577,-0.027958161238250567,0.06344905290366953,0.9847846651952689,1.002146307788317,1.0741582780012124,53.36172608561414,0.004542090975972419
141.84054565429688,142.72680915691933,140.80820129331602,140.91533220968486,56699500,0.004552421906609538,0.642791748046875,1.918607863603313,0.9252134446120124,143.15337829589845,142.3985855102539,141.31802673339843,131.85462539672852,0.014368027210529957,140.2455513327304,-1.12969970703125,-2.765869140625,8.45355224609375,-0.5232579844481515,84866160.0,-0.012195946000041591,-0.01490049772432378,0.0028945263332185167,0.009628524466016364,-0.007901642080673232,-0.019126877217359284,0.06337613608414894,0.9908291885442763,1.0036974682775908,1.0757343189707784,51.07414786132578,0.0015092424598670878
142.05477905273438,142.51251879825827,140.35043336301797,140.61339371614585,70440600,0.0015103819394466367,0.2142333984375,2.1620854352403,1.4413853365885245,142.62745971679686,142.3469665527344,141.73632125854493,132.26697937011718,0.014371528056082156,140.41785873463556,-2.6295928955078125,-0.5161895751953125,8.365890502929688,0.242349579802291,84664800.0,0.004552421906609538,-0.012195946000041591,-0.01490049772432378,0.011989393895086131,-0.018174685075513897,-0.0036205798428881053,0.06257730611480872,0.9959847797527936,1.0022468326492582,1.074000326681903,52.80063702611019,-0.0023336224566010214
141.72366333007812,143.11635020883497,141.4607029570404,142.5417457565108,62880000,-0.002330901676552033,-0.33111572265625,1.6556472517945622,-0.8180824264326816,141.9515594482422,142.64595794677734,142.0070686340332,132.6216780090332,0.01387774012398552,140.54222107705866,-3.3795013427734375,2.9899139404296875,5.414947509765625,-0.10733298694218962,82753980.0,0.0015103819394466367,0.004552421906609538,-0.012195946000041591,0.0028945263332185167,-0.023290335192845957,0.02155145343929399,0.03972561458875323,0.9983945500912432,0.9980042873451219,1.0686312031161675,49.74443461329554,0.01256510452152027
143.5156707763672,144.17792379335657,141.3925349204239,142.00610422671278,64786600,0.012644377122227102,1.7920074462890625,2.785388872932657,1.5095665496544086,142.0664825439453,142.76380310058593,142.26710510253906,133.04883590698242,0.013785473353627202,140.82540676270708,0.574615478515625,1.1784515380859375,5.2007293701171875,0.030321246819338343,74747580.0,-0.002330901676552033,0.0015103819394466367,0.004552421906609538,-0.01490049772432378,0.004019947084609621,0.008279292966326235,0.03760063314376083,1.0102007750629962,1.0087762077743005,1.0786691202371916,45.896489498955496,-0.002786096328628191
143.1163787841797,143.93446137395492,142.46385946656952,143.42803778640976,56368300,-0.00278221876417728,-0.3992919921875,1.4706019073854009,-0.3116590022300727,142.45020751953126,142.91476287841797,142.38300018310548,133.43547958374023,0.013288172898557334,141.0435945742759,1.9186248779296875,1.5095977783203125,2.317901611328125,-0.12993890711968215,62235000.0,0.012644377122227102,-0.002330901676552033,0.0015103819394466367,-0.012195946000041591,0.013588211036300146,0.010660490744845319,0.0164625474498743,1.0046765201416579,1.0051507455253161,1.072551162783988,46.450234358471405,0.0007481787472979394
143.22349548339844,143.98314564998552,142.35671440302508,143.14558074057953,46397700,0.0007484587028314671,0.10711669921875,1.6264312469604363,0.07791474281890487,142.72679748535157,142.940087890625,142.56901931762695,133.82816101074218,0.013074655933021977,141.2512041846685,1.3829498291015625,0.2532501220703125,3.7203826904296875,-0.17688310628491544,60174640.0,-0.00278221876417728,0.012644377122227102,-0.002330901676552033,0.004552421906609538,0.009750031789021563,0.0017713484468762086,0.026668814881220415,1.0034800612554755,1.0045905917632314,1.0702044652014766,51.71181715852122,-0.004778455304482089
142.54074096679688,143.48685218422662,142.0433070322341,142.74557545925379,54126800,-0.004767056650147872,-0.6827545166015625,1.4435451519925095,-0.20483449245691077,142.82398986816406,142.72572479248046,142.6298370361328,134.2081611633301,0.012843624725152105,141.37401721153788,0.4859619140625,-2.1436309814453125,1.2163543701171875,0.16658368841558957,56911880.0,0.0007484587028314671,-0.00278221876417728,0.012644377122227102,0.0015103819394466367,0.003420947308517608,-0.01481591240698854,0.008606825753211922,0.998016797446783,0.9993753335824581,1.0620869828722719,61.967897570012404,-0.00034240008660046554
142.491943359375,143.08692025442784,141.9359896381178,142.59923476284288,48908700,-0.00034234147438061413,-0.048797607421875,1.1509306163100348,-0.10729140346788313,142.97764587402344,142.4646026611328,142.71792068481446,134.61776641845702,0.012798024918659305,141.48048636847474,0.768280029296875,-2.6112213134765625,1.7616729736328125,-0.09640510800564606,54117620.0,-0.004767056650147872,0.0007484587028314671,-0.00278221876417728,-0.002330901676552033,0.005420972131573665,-0.017995619319287726,0.012518081353813049,0.9966029478826615,0.9984166156264389,1.058492850909747,50.62639610967245,-0.0033594403607214367
142.01405334472656,144.0720871817776,141.7214390067462,142.83336158468475,69023100,-0.003353803754666762,-0.4778900146484375,2.350648175031381,-0.8193082399581897,142.6773223876953,142.3719024658203,142.72659606933593,135.03086380004882,0.012712247474496109,141.53130227097492,-1.501617431640625,-0.927001953125,0.1735076904296875,0.41126425359905294,54964920.0,-0.00034234147438061413,-0.004767056650147872,0.0007484587028314671,0.012644377122227102,-0.01046309036161297,-0.006485204346598494,0.0012232587630660596,0.9953512651354189,0.99500763877068,1.0517155067231023,51.68325048780273,0.001784046524101886
142.26763916015625,143.10645895995768,141.94576488875748,142.45296206335397,48493500,0.0017856388819079694,0.2535858154296875,1.1606940712001972,-0.18532290319771505,142.50757446289063,142.47889099121093,142.57703170776367,135.45546127319335,0.01141108820323544,141.6014295937541,-0.8487396240234375,1.06988525390625,-2.9912872314453125,-0.29743086010335673,53389960.0,-0.003353803754666762,-0.00034234147438061413,-0.004767056650147872,-0.00278221876417728,-0.005930415730426963,0.007577211565395148,-0.020592794575537088,0.9983163329834313,0.997829997273042,1.0502909061246617,46.802822925577416,0.020560370127713605
145.22299194335938,145.37905487994794,142.24810732768088,142.58949314109574,72282600,0.020773190590982926,2.955352783203125,3.1309475522670596,2.633498802263631,142.9074737548828,142.8171356201172,142.60786056518555,135.92397277832032,0.012360574914380813,141.9463402937165,1.9994964599609375,3.3824462890625,0.6165771484375,0.490562652726654,58566940.0,0.0017856388819079694,-0.003353803754666762,-0.00034234147438061413,0.0007484587028314671,0.013960673513883748,0.023846822313462024,0.004263829853688783,1.016202918767203,1.0183379188763473,1.0684133856226004,52.20219876748239,0.0014096950827091285
145.4278564453125,145.75947909182239,144.61829653790267,145.30105342277125,59375000,0.0014106891698872914,0.204864501953125,1.1411825539197196,0.12680302254125309,143.48489685058593,143.154443359375,142.75070495605468,136.4261882019043,0.01188968348927658,142.27791326053517,2.887115478515625,3.373077392578125,2.8568878173828125,-0.17857132975294188,59616580.0,0.020773190590982926,0.0017856388819079694,-0.003353803754666762,-0.004767056650147872,0.020254668657770925,0.02374490612051816,0.020038355949158815,1.013541213307975,1.0187540334044722,1.065981966967267,51.351169438768444,0.01345676313693144
147.3980712890625,147.46635440777192,142.8626017681946,144.88161214330344,103296000,0.013547712879140805,1.97021484375,4.603752639577323,2.5164591457590575,144.46612243652345,143.72188415527344,143.18392105102538,136.92203384399414,0.010201832804073496,142.76554735849015,4.9061279296875,5.674407958984375,8.664321899414062,0.739722105263158,70494040.0,0.0014106891698872914,0.020773190590982926,0.0017856388819079694,-0.00034234147438061413,0.03443091457679048,0.040038535736749425,0.062452877814751506,1.0202950615901476,1.0294317281375145,1.076510968694816,68.84841382817129,-0.006172920001762033
146.49099731445312,147.94429082183916,145.4180830822368,146.53000561245062,92229700,-0.0061539066737889,-0.907073974609375,2.52620773960237,-0.03900829799749772,145.36151123046875,144.01941680908203,143.391609954834,137.39954330444337,0.008847141668173124,143.12035211620093,4.4769439697265625,2.9753265380859375,4.153778076171875,-0.10713193153655509,75135360.0,0.013547712879140805,0.0014106891698872914,0.020773190590982926,-0.003353803754666762,0.03152465452738795,0.020731718856836334,0.02918265579727386,1.0077701867187772,1.0216148445546807,1.0661680074864976,74.08846607874453,-0.025831821749529107
142.7553253173828,147.00794422226895,142.55049082276733,146.1106045300614,86326000,-0.025501034640725617,-3.7356719970703125,4.457453399501617,-3.355279212678596,145.45904846191405,143.98331146240236,143.44903717041015,137.7859780883789,0.01063888884881618,143.0855876591706,0.4876861572265625,-0.361053466796875,1.1485443115234375,-0.064010833820342,82701860.0,-0.0061539066737889,0.013547712879140805,0.0014106891698872914,0.0017856388819079694,0.0034279486192749786,-0.0025227962715668184,0.008110800226974302,0.9814124788170936,0.9951640536129689,1.0360656962192225,53.248513944805985,0.002320189875952487
143.08692932128906,144.35491465635323,140.9411159989395,141.45806146213795,86960300,0.0023228835993964747,0.33160400390625,3.413798657413736,1.6288678591511143,145.0318359375,143.96965484619142,143.4548713684082,138.17144805908202,0.010430829981919682,143.08571543651522,-2.1360626220703125,-0.136566162109375,0.1166839599609375,0.007347728378472196,85637400.0,-0.025501034640725617,-0.0061539066737889,0.013547712879140805,0.020773190590982926,-0.014708845985651031,-0.0009535178683388601,0.0008161415661422922,0.9865897952429625,0.9974351373110627,1.035575231578272,53.63501236515744,0.010105480005930471
144.54022216796875,144.8425847784855,143.16494556886403,143.8086939620168,60549600,0.010156712800904799,1.4532928466796875,1.677639209621475,0.7315282059519461,144.85430908203125,144.1696029663086,143.44766387939453,138.60585189819335,0.010328363572638641,143.22423988712984,-0.88763427734375,1.999481201171875,-0.1441497802734375,-0.3037098538068521,85872320.0,0.0023228835993964747,-0.025501034640725617,-0.0061539066737889,0.0014106891698872914,-0.006103605588641425,0.01402743656031391,-0.0009963051180469362,0.9978317047241955,1.0076164244089245,1.0428147166119235,59.19271300225104,0.010204927904046392
146.02279663085938,146.49097053616202,144.2476142953258,144.65726832283815,60131800,0.010257175758092707,1.482574462890625,2.2433562408362206,1.3655283080212257,144.57925415039062,144.52268829345704,143.49364547729493,139.04575393676757,0.010565419086940144,143.49076910081837,-1.375274658203125,3.530853271484375,0.9196319580078125,-0.006900128159393337,77239480.0,0.010156712800904799,0.0023228835993964747,-0.025501034640725617,0.013547712879140805,-0.00933034364816121,0.024779318663507244,0.0063377801585595694,1.0099844371791211,1.0176255272151729,1.0501780349025593,58.35147061962934,-0.0006011367843473565
145.93504333496094,147.14450905669656,145.47661765156835,145.76923200651873,48606400,-0.0006009561378301775,-0.0877532958984375,1.6678914051282163,0.16581132844220292,144.4680633544922,144.91478729248047,143.6433448791504,139.4229345703125,0.00994323406688184,143.72355712311764,-0.5559539794921875,3.920989990234375,2.993988037109375,-0.1916689671687859,68514820.0,0.010257175758092707,0.010156712800904799,0.0023228835993964747,-0.0061539066737889,-0.003795140928003926,0.027609873092746096,0.020945613077157477,1.010154354854672,1.015954087241136,1.046707586414804,59.58824188920402,-0.00845703279631347
144.70606994628906,146.61780402195117,144.15986446266652,146.12035519130814,58991300,-0.008421372691486018,-1.228973388671875,2.457939559284654,-1.414285245019073,144.85821228027345,145.15863037109375,143.81876068115236,139.79189666748047,0.009711014871352794,143.8171297729435,1.95074462890625,2.4384307861328125,3.5083160400390625,0.2136529345929754,63047880.0,-0.0006009561378301775,0.010257175758092707,0.010156712800904799,-0.025501034640725617,0.013664951724702501,0.01713974309637467,0.024846826121387444,0.9989497155073954,1.0061696350388103,1.035153491697003,54.68564032229752,-0.005542429323626637
143.90626525878906,145.4473535938561,143.87700531241939,144.69632845972228,48597200,-0.005527098398822261,-0.7998046875,1.5703482814367078,-0.7900632009332185,145.02207946777344,145.0269577026367,143.92204666137695,140.13492950439453,0.009793056885252433,143.82561886683357,0.8193359375,-1.3167266845703125,2.0657196044921875,-0.1761971680569847,55375260.0,-0.008421372691486018,-0.0006009561378301775,0.010257175758092707,0.0023228835993964747,0.005726141034589238,-0.009066929877631691,0.014563674970109686,0.9923059011904989,0.9998903475669365,1.0269121750567995,54.28401008351549,0.0071590971975900395
144.94020080566406,145.0865005673271,143.2137892031056,143.8477746809613,55802400,0.007184784797351629,1.033935546875,1.8727113642215159,1.0924261247027687,145.1020751953125,144.9781921386719,144.06631774902343,140.46669677734374,0.00989731482373274,143.93176952767456,0.3999786376953125,-0.4876556396484375,2.8854217529296875,0.14826368597367745,54425820.0,-0.005527098398822261,-0.008421372691486018,-0.0006009561378301775,0.010156712800904799,0.002767247979116094,-0.0033532477997557653,0.020312035766558267,0.9988844102372034,1.0060658387768542,1.0318474352352098,57.23369511802561,0.02996346944347638
149.3488311767578,149.70972863585897,144.94991248756867,145.33030665463397,90956700,0.03041689156347216,4.40863037109375,4.759816148290298,4.01852452212384,145.76728210449218,145.17326812744142,144.44757614135742,140.9125424194336,0.011828547323173354,144.44768016092058,3.3260345458984375,1.9507598876953125,7.6251678466796875,0.6299782805040643,60590800.0,0.007184784797351629,-0.005527098398822261,-0.008421372691486018,0.010257175758092707,0.02277750202460882,0.013234636455111248,0.053803067656531534,1.0245703220953124,1.0339310299717595,1.0598689698764583,67.5865843628626,-0.008460424760778254
148.09060668945312,149.03671791602926,147.5638979226051,148.90016654739884,86453100,-0.008424736085249629,-1.2582244873046875,1.4728199934241673,-0.8095598579457146,146.19839477539062,145.3332290649414,144.67632293701172,141.2973831176758,0.011833551272743357,144.79462554459036,2.1555633544921875,1.599609375,4.5749359130859375,-0.04951366969118276,68160140.0,0.03041689156347216,0.007184784797351629,-0.005527098398822261,-0.0006009561378301775,0.014770704179287275,0.01091950634731731,0.03187760533980155,1.0129427680582237,1.0235994645366255,1.04807749033908,63.32000915891557,0.004468805627509275
148.75387573242188,151.163044100905,148.5880643927795,149.06600170091482,80313700,0.004478805629850813,0.66326904296875,2.574979708125511,-0.3121259684929498,147.0079559326172,145.9330841064453,144.95819778442382,141.66276611328124,0.011802193287335127,145.17169699105048,4.0478057861328125,5.9985504150390625,5.6374969482421875,-0.07101422621051179,72424620.0,-0.008424736085249629,0.03041689156347216,0.007184784797351629,-0.008421372691486018,0.027972605348450363,0.04201980137485384,0.03939099770504639,1.0118763626684595,1.0261846380957553,1.050056269644419,59.0230606658504,0.007446713275724539
149.86573791503906,150.90939195726816,148.6465242486851,150.0803207109557,71115500,0.00747450899778368,1.1118621826171875,2.262867708583059,-0.2145827959166411,148.1998504638672,146.6109649658203,145.29030990600586,142.05584014892577,0.011860353602562356,145.6187485076208,5.95947265625,6.77880859375,6.642242431640625,-0.11452840548997245,76928280.0,0.004478805629850813,-0.008424736085249629,0.03041689156347216,-0.005527098398822261,0.04141218344825348,0.04737545648581776,0.04637676527319878,1.011240817355467,1.0314916253671234,1.0549776606011108,60.8384368914021,0.0042216492847290945
150.499755859375,150.82163009154993,149.31955034140017,149.9730471583683,57808700,0.004230572999249338,0.6340179443359375,1.5020797501497611,0.5267087010066973,149.31176147460937,147.20691833496093,145.68826065063476,142.46724365234374,0.011746853710802342,146.08360635064503,5.5595550537109375,5.95953369140625,7.959014892578125,-0.1871153264759441,77329540.0,0.00747450899778368,0.004478805629850813,-0.008424736085249629,0.007184784797351629,0.0383575779722094,0.04123097088145289,0.05583677227012651,1.0079564688878688,1.033025963706701,1.0563814670734604,58.1040264977969,0.01537063316591455
152.83090209960938,153.38685589495006,150.58754556278473,151.15326259436534,82278300,0.015489368915738044,2.331146240234375,2.7993103321653336,1.6776395052440307,150.0081756591797,147.88772888183593,146.2052085876465,142.93111267089844,0.012054369757082755,146.7262059457845,3.4820709228515625,6.80810546875,10.338958740234375,0.4232857684051017,75593860.0,0.004230572999249338,0.00747450899778368,0.004478805629850813,0.03041689156347216,0.02331501957809401,0.0466235795083465,0.07255819870572444,1.018817150652128,1.0453177665554299,1.0692626625772192,65.41748610358673,-0.010134925930802988
151.289794921875,153.17225378958634,150.18762094012845,153.113733911437,74420200,-0.010083740634665217,-1.541107177734375,2.9846328494578813,-1.8239389895620093,150.64801330566405,148.42320404052734,146.66899566650392,143.33163146972657,0.012348381575165306,147.1608334673169,3.199188232421875,5.3547515869140625,9.275741577148438,-0.09550634857550533,73187280.0,0.015489368915738044,0.004230572999249338,0.00747450899778368,-0.008424736085249629,0.02160291124426683,0.03669270563495464,0.06531565967371122,1.0042601399257007,1.0315049491842014,1.0555227298436862,73.23417912394581,-0.006727316286459186
150.2754364013672,152.26518694823613,150.15838174591684,151.66046161317462,57305700,-0.006704738551807976,-1.0143585205078125,2.1068052023192934,-1.3850252118074309,150.95232543945312,148.98014068603516,147.06938552856445,143.68167205810548,0.012545412284313,147.45746231817884,1.5215606689453125,5.569366455078125,8.007797241210938,-0.22997116374317728,68585680.0,-0.010083740634665217,0.015489368915738044,0.004230572999249338,0.004478805629850813,0.010228712774397186,0.03848744186850861,0.05628684983094612,0.9955158753857195,1.021799580254451,1.0458914783549789,68.86851245442136,-0.033662015299411346
145.30105590820312,151.65071737057013,145.03770150418336,151.18254333907822,140893200,-0.03310175376818136,-4.9743804931640625,6.613015866386775,-5.881487430875097,150.03938903808594,149.11961975097657,147.07328872680665,143.91995330810548,0.014166100496324031,147.25209027913354,-4.5646820068359375,1.3947906494140625,0.07806396484375,1.458624534732147,82541220.0,-0.006704738551807976,-0.010083740634665217,0.015489368915738044,0.00747450899778368,-0.03045847616900743,0.009692355276580855,0.000537545493307201,0.9684194053290897,0.9879500021115628,1.009596324681547,51.68549504783152,0.0038857663938653606
145.86676025390625,147.6906995642944,145.08646034770857,146.92016289482572,102404300,0.003893325772253986,0.565704345703125,2.6042392165858246,-1.0534026409194723,149.1127899169922,149.21227569580077,147.09523391723633,144.1635107421875,0.014188841042696902,147.12015408625473,-4.63299560546875,0.9265594482421875,0.43890380859375,-0.2731778396686284,91460340.0,-0.03310175376818136,-0.006704738551807976,-0.010083740634665217,0.004230572999249338,-0.030784073894430497,0.006392701563070924,0.0030180174508642743,0.9782310446683149,0.9916484468557202,1.0118147061135652,49.63969157091093,-0.009607991656521403
144.47198486328125,147.34934195867896,143.29179398463287,146.6470734676716,109296300,-0.009561982374854616,-1.394775390625,4.057547974046088,-2.1750886043903392,147.44100646972657,148.72459106445314,146.94892959594728,144.32677612304687,0.013988209369120505,146.8679474935906,-8.358917236328125,-4.8768463134765625,-2.92608642578125,0.06730186134761929,96863940.0,0.003893325772253986,-0.03310175376818136,-0.006704738551807976,0.015489368915738044,-0.054693894503613505,-0.03265406414667349,-0.01985159235932532,0.9798629860339774,0.9831441798216791,1.0010061108834758,46.813923396993054,0.006124561759562109
145.35952758789062,145.75943323857632,142.76503735858526,144.90110206305175,83281300,0.006143355235613823,0.887542724609375,2.9943958799910604,0.4584255248388729,146.25495300292968,148.45148315429688,146.89235610961913,144.4676678466797,0.014015763678236932,146.7242884549525,-5.930267333984375,-2.7310791015625,-1.1314697265625,-0.2380226961022468,98636160.0,-0.009561982374854616,0.003893325772253986,-0.03310175376818136,-0.010083740634665217,-0.039198065785248315,-0.018441946877087112,-0.007723817485751128,0.9938776404035963,0.9895649538047805,1.0061734210464133,51.44450373496553,-0.001611579852196257
145.12545776367188,145.301032298818,143.59413289330473,144.78408681235823,68034100,-0.0016102819547016978,-0.23406982421875,1.7068994055132691,0.3413709513136496,145.22495727539064,148.08864135742186,147.0108627319336,144.55420745849608,0.012711760559151191,146.57201886530672,-5.1499786376953125,-3.62841796875,2.3701324462890625,-0.1830807155988199,100781840.0,0.006143355235613823,-0.009561982374854616,0.003893325772253986,-0.006704738551807976,-0.03427026239964026,-0.024392090296032287,0.016602760289464724,0.9993148594182054,0.9871750635754063,1.0039518068357838,52.76422972364277,-0.018518223335939003
142.4627227783203,145.15475696069768,142.17010842593353,145.15475696069768,129868800,-0.018347814548758667,-2.6627349853515625,2.9846485347641476,-2.6920341823773697,144.65729064941405,147.34833984375,146.97965240478516,144.61339965820312,0.013411115558978977,146.18065733321276,-2.8383331298828125,-7.40301513671875,-0.62420654296875,0.9088780479200871,98576960.0,-0.0016102819547016978,0.006143355235613823,-0.009561982374854616,-0.03310175376818136,-0.01953415350041221,-0.04939764912054567,-0.004362428811140018,0.9848291927683589,0.9692683337280924,0.9851280940426961,44.769241474937054,-0.02159248848204272
139.41957092285156,141.27277037212733,137.79070269716544,140.2583908056045,123478900,-0.021361039548598693,-3.04315185546875,3.4820676749618826,-0.8388198827529436,143.36785278320312,146.24032135009764,146.7236198425293,144.57530334472656,0.01397815714451282,145.5367443417498,-6.4471893310546875,-11.080184936523438,-5.1206512451171875,-0.049202733835994494,102791880.0,-0.018347814548758667,-0.0016102819547016978,0.006143355235613823,0.003893325772253986,-0.04419916723887085,-0.07362261070294773,-0.03542717153960462,0.9724604799213807,0.9502189972717632,0.9643387750009998,27.75339071358829,0.003421740844381136
139.89744567871094,141.0386427665462,139.2634605258952,140.38513114487054,75834000,0.003427601682433945,0.477874755859375,1.7751822406509916,-0.4876854661596042,142.45294494628905,144.9469757080078,146.41735229492187,144.55864685058594,0.013752041117618893,144.99966827860325,-4.5745391845703125,-12.933456420898438,-6.1253509521484375,-0.3858545873019601,96099420.0,-0.021361039548598693,-0.018347814548758667,-0.0016102819547016978,-0.009561982374854616,-0.03166384949233825,-0.08462592475223962,-0.041947908775046394,0.9820607480698862,0.9554703966844164,0.9677556391580452,30.9779840057589,0.016732012670012286
142.25790405273438,142.82360628582634,140.16084691647131,140.89237536058963,76404300,0.016872776787107968,2.3604583740234375,2.6627593693550295,1.3655286921447498,141.8326202392578,144.04378662109374,146.23349533081054,144.56699401855468,0.014389269130515591,144.73854787613956,-3.10162353515625,-9.031890869140625,-3.6771392822265625,0.007520373447266415,94724020.0,0.003427601682433945,-0.021361039548598693,-0.018347814548758667,0.006143355235613823,-0.02133760054552236,-0.0596992736608879,-0.02519709590099284,1.002998490846176,0.9728134018195862,0.9840275438975791,36.02005766414249,0.0066969190309600305
143.2137908935547,143.4576337545293,142.0530964940377,143.03821629449968,64838200,0.0067193935351808065,0.9558868408203125,1.404537260491594,0.17557459905501105,141.45028686523438,143.3376220703125,146.15888137817382,144.52609130859375,0.014386340297203369,144.5933329254172,-1.9116668701171875,-7.0616455078125,-1.492279052734375,-0.15138022336439183,94084840.0,0.016872776787107968,0.003427601682433945,-0.021361039548598693,-0.0016102819547016978,-0.013172512249575274,-0.04699134919796022,-0.010312484150030943,1.0124673061285516,0.9798500750905519,0.9909199757417018,35.58762698460977,0.0006124492045011349
143.30152893066406,143.83798604484667,141.97502355876833,142.07256662788618,53477900,0.0006126367898087182,0.087738037109375,1.8629624860783451,1.2289623027778873,141.61804809570313,143.1376693725586,146.12864456176757,144.4999935913086,0.014337038871496266,144.47030397353595,0.83880615234375,-1.9995269775390625,-0.604736328125,-0.17520998423768708,78806660.0,0.0067193935351808065,0.016872776787107968,0.003427601682433945,-0.018347814548758667,0.005887899206088898,-0.01376126942120992,-0.004202293256916123,1.0118874737902281,0.9806532412616166,0.9917061265481149,34.02589891418522,-0.010606114128538876
141.78968811035156,142.3651683544505,140.2778748536838,141.88723117083788,74150700,-0.010550067620311299,-1.5118408203125,2.087293500766691,-0.09754306048631634,142.09207153320312,142.72996215820314,145.97111892700195,144.48436798095702,0.014410203858324777,144.21500722466126,2.3701171875,-4.0770721435546875,-3.1505126953125,0.3865671613881623,68941020.0,0.0006126367898087182,0.0067193935351808065,0.016872776787107968,-0.021361039548598693,0.01699988869433189,-0.02795065946798192,-0.02173663812938076,0.9978719191043611,0.971354396353285,0.9813496788042799,24.57303535824549,-0.024089070977061505
138.4149169921875,141.18496735666514,138.2003341585889,139.7219107001194,108972300,-0.02380124509151582,-3.3747711181640625,2.9846331980762386,-1.3069937079318947,141.79556579589843,142.12425537109374,145.42442321777344,144.47799133300782,0.013241465667098867,143.66261767871137,-1.4825286865234375,-6.05706787109375,-10.933914184570312,0.4696058162633663,75568680.0,-0.010550067620311299,0.0006126367898087182,0.0067193935351808065,0.003427601682433945,-0.01059725343326301,-0.04192555308785828,-0.07321057753461602,0.976158289684622,0.9517996628730706,0.9580346163115909,22.65933234136756,0.006462149095486795
139.31227111816406,140.89236770909372,138.53197117688373,138.9611368887371,74602000,0.006483073829587349,0.8973541259765625,2.3603965322099896,0.35113422942697525,141.20643920898436,141.5195297241211,144.985506439209,144.41749237060546,0.013380970894135489,143.24829895865923,-2.9456329345703125,-6.0472564697265625,-8.778335571289062,-0.3154040063392256,75208220.0,-0.02380124509151582,-0.010550067620311299,0.0006126367898087182,0.016872776787107968,-0.020706286615036706,-0.04160206468798633,-0.05927678849812046,0.986585823554286,0.9608703279356846,0.9646495644769933,26.602713567053712,-0.009355376608590971
138.01502990722656,140.82410382973063,137.80044704464729,140.12183534910463,89056700,-0.00931175122281358,-1.2972412109375,3.0236567850833467,-2.106805441878066,140.16668701171875,140.80848693847656,144.4485641479492,144.3456573486328,0.013332435904940815,142.74989238233232,-5.198760986328125,-7.1104278564453125,-10.738845825195312,0.19375754001233214,80051920.0,0.006483073829587349,-0.02380124509151582,-0.010550067620311299,0.0067193935351808065,-0.036300700888451165,-0.048995041710905185,-0.07219204052546724,0.9846492975587537,0.95546141785021,0.9561425846978124,31.555433320637718,0.008094117253616
139.1366729736328,139.40002732180153,135.68386603878685,138.40514469326044,94639600,0.008126963180461022,1.12164306640625,3.716161283014685,0.7315282803723733,139.3337158203125,140.47588195800782,143.9121109008789,144.2689859008789,0.013361865811084095,142.40577624817044,-4.16485595703125,-3.3260498046875,-10.72906494140625,0.06268927548404557,88284260.0,-0.00931175122281358,0.006483073829587349,-0.02380124509151582,0.0006126367898087182,-0.029063583536826032,-0.0233468077811696,-0.0715911794828562,0.998585820771953,0.9668169836620962,0.9644253898701951,33.42921226739402,-0.02491346645667831
135.71311950683594,138.70751560218017,134.8645515046284,138.26858674850567,98322000,-0.024605687297450718,-3.423553466796875,3.8429640975517714,-2.5554672416697315,138.11840209960937,140.10523681640626,143.17277908325195,144.0895608520508,0.014010031846213446,141.76838036804332,-6.076568603515625,-3.706451416015625,-14.786636352539062,0.03890971644005248,93118520.0,0.008126963180461022,-0.00931175122281358,0.006483073829587349,-0.010550067620311299,-0.04285620967574433,-0.026584871775760965,-0.09825023481337403,0.982585357517829,0.9478975010181343,0.9418664246342199,30.392819252317437,0.01405942143519433
137.6346435546875,138.73681787676418,135.9277437943665,136.05454682483122,80861100,0.014158719914729945,1.9215240478515625,2.8090740823976716,1.5800967298562796,137.96234741210938,139.87895660400392,142.41296615600587,143.9401904296875,0.01391009369776393,141.37469114772372,-0.7802734375,-2.2628021240234375,-15.196258544921875,-0.1775889424543846,87496280.0,-0.024605687297450718,0.008126963180461022,-0.00931175122281358,-0.02380124509151582,-0.005637206266894235,-0.016174720796691355,-0.09943184484390155,0.9976246862744153,0.9664474188671559,0.9561932851681187,33.47253725924969,0.006287272178755206
138.50271606445312,138.6490157972431,134.9621137010957,136.03502801816884,83221100,0.0063070785620968906,0.868072509765625,3.6869020961474064,2.4676880462842803,137.8004364013672,139.5034378051758,141.77361221313475,143.85142364501954,0.014084634024684312,141.10116971122176,-0.8095550537109375,-3.75518798828125,-12.787078857421875,0.029185850798467916,89220100.0,0.014158719914729945,-0.024605687297450718,0.008126963180461022,0.006483073829587349,-0.005811082162491488,-0.026397042844728102,-0.08452043222099037,1.0050963529682913,0.9769287380237985,0.9628178335324274,36.204831684376735,0.009043459557958232
139.7609405517578,140.66804355787346,139.2049866756737,139.53660933038944,61732700,0.00908447518617006,1.2582244873046875,1.4630568821997656,0.2243312213683737,138.14961853027344,139.15815277099608,141.2478874206543,143.8226873779297,0.014382722975242282,140.97352883889187,1.74591064453125,-3.452850341796875,-10.514495849609375,-0.25820855528225417,83755300.0,0.0063070785620968906,0.014158719914729945,-0.024605687297450718,-0.00931175122281358,0.012650148651961013,-0.02410976149889954,-0.06996816047518539,1.011663600946761,0.9894727850727553,0.9717586501808394,44.022429729857464,-0.002725731816914598
139.38050842285156,140.6289820985626,139.04888585839274,140.48268240335435,58773200,-0.002722020382836199,-0.38043212890625,1.5800962401698655,-1.1021739805027835,138.1983856201172,138.76605072021485,140.9518600463867,143.7734866333008,0.01258626946453417,140.82181260879278,0.24383544921875,-3.9210205078125,-5.9205474853515625,-0.04794055662558094,76582020.0,0.00908447518617006,0.0063070785620968906,0.014158719914729945,0.008126963180461022,0.0017524887149267254,-0.02736202842406288,-0.040746761600218395,1.008553810505311,0.9888518560661915,0.9694451437930718,49.90203326888959,-0.0006299030002183325
139.29273986816406,141.24348200456123,138.31736879996546,138.76604603984862,64452200,-0.000629704652972185,-0.0877685546875,2.926113204595765,0.5266938283154445,138.9143096923828,138.5163558959961,140.6231590270996,143.7182458496094,0.012515198578974374,140.6761866334948,3.579620361328125,-2.4969482421875,-6.5740203857421875,0.0966256729257553,69808060.0,-0.002722020382836199,0.00908447518617006,0.0063070785620968906,-0.024605687297450718,0.026376376685879777,-0.017610224519601037,-0.04506866659888087,1.0027241986561304,0.9905391176806151,0.9692070693231513,48.45316159250585,-0.009144635064924949
138.02476501464844,139.72191616043952,137.56633938704366,139.7024045703548,73035900,-0.009102950051206649,-1.267974853515625,2.1555767733958646,-1.6776395557063495,138.992333984375,138.4773406982422,140.30079803466796,143.64426788330078,0.012501454804890635,140.42367028884277,0.3901214599609375,-0.3901519775390625,-6.4472198486328125,0.1331793173855973,68243020.0,-0.000629704652972185,-0.002722020382836199,0.00908447518617006,0.014158719914729945,0.0028344713938677213,-0.0028187133729313807,-0.044626090343633296,0.993038688235602,0.983777476308744,0.9608790315725112,38.53058079068764,-0.004248647269080227
137.43959045410156,137.91751292510295,135.77169877629538,137.76146480887073,78762700,-0.0042396345357644805,-0.585174560546875,2.145814148807574,-0.3218743547691645,138.7797088623047,138.29007263183593,139.90480117797853,143.52274627685546,0.012351195797895793,140.1394722093436,-1.0631256103515625,-1.8726806640625,-7.9199371337890625,0.0784107541633634,67351340.0,-0.009102950051206649,-0.000629704652972185,-0.002722020382836199,0.0063070785620968906,-0.007675846658897534,-0.013442323845787474,-0.05448516010758442,0.9903435565675327,0.9823793700922324,0.9576153886365895,34.03445086861282,0.02002357760387142
140.2193603515625,140.33641501765865,138.02477512030043,138.61000380183043,69907100,0.02022539421338898,2.7797698974609375,2.3116398973582193,1.6093565497320697,138.87139282226562,138.51050567626953,139.65949630737305,143.46480590820312,0.013377325472097412,140.14708060384064,0.4584197998046875,2.2043304443359375,-4.906097412109375,-0.11243393128981105,68986220.0,-0.0042396345357644805,-0.009102950051206649,-0.000629704652972185,0.00908447518617006,0.0032800280106508595,0.015971669504529107,-0.03380590481994317,1.0097065889662538,1.0040087789158088,0.9773781065251833,42.58214821087701,0.007484153014549506
141.27272033691406,141.33124021077776,139.9754752286786,140.22908119272677,67940300,0.007512229286387839,1.0533599853515625,1.3557649820991742,1.0436391441872956,139.2498352050781,138.72411041259767,139.59999618530273,143.42579040527343,0.012918572857764123,140.25428438794285,1.8922119140625,2.13604736328125,-1.19000244140625,-0.028134481333083494,70819640.0,0.02022539421338898,-0.0042396345357644805,-0.009102950051206649,-0.002722020382836199,0.013575871802116835,0.015352152079172177,-0.00835307944561725,1.01452701993404,1.0119822650237826,0.9849882642286613,48.72773728000144,0.011737253311188476
142.94064331054688,143.22349439217342,139.63413574665708,139.91698682828363,85589200,0.011806405154902277,1.6679229736328125,3.5893586455163415,3.023656482263249,139.9794158935547,139.44686279296874,139.7760498046875,143.43378845214843,0.012186116667040866,140.51012809485752,3.6479034423828125,7.2275238037109375,3.5210723876953125,0.2597707104619791,75047040.0,0.007512229286387839,0.02022539421338898,-0.0042396345357644805,-0.000629704652972185,0.026188755033718314,0.053255896187301754,0.025255223240098212,1.0211547347736043,1.02264045600288,0.9965618621182408,62.15938328635171,0.014967659465273161
145.09622192382812,145.4961277086073,142.94065979384268,143.38932223477877,76378900,0.015080235847253931,2.15557861328125,2.5554679147646198,1.7068996890493509,141.39370727539062,140.19302062988282,140.03598861694337,143.4858740234375,0.012564928051541538,140.94689893571186,7.0714569091796875,7.461578369140625,5.1987762451171875,-0.10761053964752565,75715640.0,0.011806405154902277,0.007512229286387839,0.02022539421338898,-0.009102950051206649,0.05123324722508449,0.054212937792626814,0.03716133786357134,1.0261858516887612,1.0361352346411936,1.0112230413714982,64.55577016861419,0.003355486422835738
145.5839080810547,146.0618453536086,144.4719854463032,145.03770255984122,58418800,0.003361122369420322,0.4876861572265625,1.5898599073053958,0.5462055212134658,143.02257080078124,140.90113983154296,140.20228881835936,143.55727111816407,0.012071124920509092,141.38851885431595,8.144317626953125,7.0811920166015625,3.3260040283203125,-0.23514478475076228,71646860.0,0.015080235847253931,0.011806405154902277,0.007512229286387839,-0.0042396345357644805,0.0592574352124029,0.05112673756741559,0.023380100040609086,1.0179086228553476,1.0383846748013332,1.0141172714353317,69.85676885262964,0.001472871312754378
145.79849243164062,145.95455540585698,144.22814410067642,145.14499547046705,61421000,0.0014739565204313632,0.2145843505859375,1.7264113051805623,0.6534969611735733,144.13839721679688,141.50489501953126,140.33152389526367,143.62788818359374,0.012002268781425638,141.80851633787069,5.579132080078125,6.0375518798828125,2.5847015380859375,0.051390990571528405,69949640.0,0.003361122369420322,0.015080235847253931,0.011806405154902277,0.02022539421338898,0.039788600276666086,0.04319913601072911,0.018047853645652312,1.0115173697425455,1.0389575227620076,1.0151126934712866,68.35047516570904,-0.005299074011925478
145.02793884277344,146.481232332848,144.97916730862042,146.0033099939033,58883400,-0.005285058686244404,-0.7705535888671875,1.5020650242275906,-0.9753711511298491,144.88944091796876,142.06963806152345,140.41784439086913,143.62398712158202,0.012083517368875012,142.1151280050043,3.755218505859375,5.647430419921875,1.726409912109375,-0.04131485973852589,68138260.0,0.0014739565204313632,0.003361122369420322,0.015080235847253931,0.007512229286387839,0.02658134208008267,0.040518078774607114,0.01204739352742501,1.0009558869433632,1.032831257821275,1.009775189711193,80.05046676341269,-0.0003365270107836967
144.97914123535156,145.69115788039105,143.98425867288518,145.0181495258691,50720600,-0.0003364703919206402,-0.048797607421875,1.7068992075058702,-0.039008290517529076,145.2971405029297,142.63827819824218,140.57731704711915,143.61501281738282,0.011796861108816442,142.38789116979927,2.0384979248046875,5.6864013671875,3.189453125,-0.138626505942252,61164540.0,-0.005285058686244404,0.0014739565204313632,0.003361122369420322,0.011806405154902277,0.014261149786320315,0.040823386578291876,0.02249425305539665,0.9978113866076276,1.0313124782909109,1.0094985084860406,76.9505043186519,0.004564598978542248
145.64242553710938,147.12497895180522,145.34004798248478,145.6521738906202,60893400,0.004575032629563491,0.6632843017578125,1.7849309693204418,-0.009748353510815377,145.40638122558593,143.4000442504883,140.93869247436524,143.57989990234375,0.010237695778771363,142.6978468238288,0.54620361328125,7.6176605224609375,7.227508544921875,0.20056545072416343,58067440.0,-0.0003364703919206402,-0.005285058686244404,0.0014739565204313632,0.015080235847253931,0.003764423401513506,0.05519053426138765,0.05221625459147461,1.0016233421775158,1.0333743202818464,1.0143650025955475,76.59879986265955,-0.0031525345028779704
145.1840057373047,146.04232225315448,144.83287151805337,145.68143968000115,56094900,-0.0031475704837660157,-0.4584197998046875,1.2094507351011146,-0.49743394269646046,145.32640075683594,144.1744857788086,141.23227920532227,143.5537600708008,0.010271779315336039,142.93462386320746,-0.39990234375,7.744415283203125,5.871734619140625,-0.07880164352787,57602660.0,0.004575032629563491,-0.0003364703919206402,-0.005285058686244404,0.003361122369420322,-0.0027468856209530434,0.056347776194730415,0.04214800729334356,0.9990201710164864,1.0279803353328132,1.0113563424998402,71.48376957021097,0.02468436095162618
148.8123779296875,149.39759166799496,146.03256430303534,146.1301073675776,100077900,0.02499154210518184,3.6283721923828125,3.365027364959616,2.682270562109892,145.9291778564453,145.0337875366211,141.77214660644532,143.67490112304688,0.01109410407580461,143.494409964777,3.013885498046875,8.593017578125,10.797348022460938,0.7840819753667445,65334040.0,-0.0031475704837660157,0.004575032629563491,-0.0003364703919206402,0.0014739565204313632,0.020671582043003456,0.06128267563466494,0.07823313178078428,1.0197575297524013,1.0496587763658938,1.0357576498503434,79.71744420951012,-0.018322464188356456
146.110595703125,146.2471470636249,142.804088225394,143.59413644564216,124953200,-0.01815562834322204,-2.7017822265625,3.443058838230911,2.516459257482836,146.1457092285156,145.5175750732422,142.12084274291993,143.7353744506836,0.012072061055431522,143.74357051128632,1.0826568603515625,4.8378753662109375,6.9739227294921875,0.24855937224901803,78548000.0,0.02499154210518184,-0.0031475704837660157,0.004575032629563491,-0.005285058686244404,0.007465160637256885,0.034244936705921214,0.050122822261344346,0.9997597361867415,1.0280729615952395,1.0165249595760184,68.4433250035705,-0.005623529041316112
145.29124450683594,146.01300939156616,144.15981077896225,145.32050444092079,74588300,-0.00560774660007457,-0.8193511962890625,1.8531986126039044,-0.029259934084848283,146.2081298828125,145.75263519287108,142.59974899291993,143.75039489746095,0.010466140828675913,143.890968034672,0.312103271484375,2.3506011962890625,9.578125,-0.4030701094489777,83321540.0,-0.01815562834322204,0.02499154210518184,-0.0031475704837660157,-0.0003364703919206402,0.0021527460352226413,0.01644459645520313,0.0705762643641652,0.9937289029227618,1.0188744758172725,1.0107189243582537,70.14589844642353,0.007091094961005503
146.32518005371094,147.8370082711022,144.98891149464504,144.9986747309846,69122000,0.007116296308043113,1.033935546875,2.8480967764571687,1.326505322726348,146.3446807861328,145.8755310058594,143.0342758178711,143.75644256591798,0.010202665546027105,144.12279775077096,0.6827545166015625,1.2289581298828125,8.690536499023438,-0.07328629289043997,84967260.0,-0.00560774660007457,-0.01815562834322204,0.02499154210518184,0.004575032629563491,0.004687882078890482,0.008469952653405333,0.06314207146233763,0.9998667479247136,1.0230078015707942,1.0178686773402528,74.03667710149521,0.009751077361736568
147.7589874267578,148.2271614322934,146.13011931995035,146.6860731609645,54511500,0.009798774021809287,1.433807373046875,2.097042112343047,1.0729142657933153,146.85967712402345,146.0930389404297,143.49708938598633,143.7929214477539,0.010289659435792485,144.4691015294364,2.574981689453125,2.175079345703125,9.256271362304688,-0.2113726454674344,84650580.0,0.007116296308043113,-0.00560774660007457,-0.01815562834322204,-0.0031475704837660157,0.017735987351886973,0.014940383002303603,0.06683097361063473,1.0061236026140443,1.0297002403254856,1.0275817887213936,71.99753543480254,-0.0035046506221065522
147.24205017089844,148.6758322133497,146.92992422765454,147.84677558220335,60394600,-0.003498516502189797,-0.516937255859375,1.745907985695169,-0.6047254113049121,146.5456115722656,146.23739471435547,143.87114486694335,143.84364105224608,0.010301391073277483,144.73319187624227,-1.5703277587890625,1.4435577392578125,7.481109619140625,0.10792401603331414,76713920.0,0.009798774021809287,0.007116296308043113,-0.00560774660007457,0.02499154210518184,-0.01055240014732528,0.009901047090282056,0.05352789978091299,1.0047523674790453,1.0234300304419806,1.0236257167420977,67.97881179891982,0.003575799807987014
147.76950073242188,148.66815006608644,146.57781000839395,148.36534609443586,65463900,0.003582200607171959,0.5274505615234375,2.0903400576924867,-0.5958453620139892,146.877392578125,146.5115509033203,144.29059448242188,143.92090576171876,0.010224176104598888,145.02236414825936,1.658905029296875,2.7415618896484375,8.388992309570312,0.08393631218685105,64816060.0,-0.003498516502189797,0.009798774021809287,0.007116296308043113,-0.01815562834322204,0.011353762684449764,0.018903680983983318,0.060187700593829385,1.0060738289170155,1.024110415945537,1.02674104189613,65.6167157839052,-0.005568009534219568
146.94900512695312,148.0527879681065,146.67550378830177,147.89649723038997,55020900,-0.005552536899711691,-0.82049560546875,1.3772841798047182,-0.9474921034368435,147.20894470214844,146.70853729248046,144.67340774536132,143.96108184814454,0.010373713845935467,145.20585376527782,1.6577606201171875,1.9698638916015625,7.6562652587890625,-0.1595230348329385,60902580.0,0.003582200607171959,-0.003498516502189797,0.009798774021809287,-0.00560774660007457,0.011409914105589447,0.013587222788165043,0.054965285814863485,0.9982342134459203,1.0157292028787839,1.0207550765835474,56.55831207074232,0.0024562637086272643
147.31039428710938,147.91600218212633,146.57779832196186,146.71454897260128,56787900,0.0024592827957157226,0.36138916015625,1.3382038601644695,0.5958453145080966,147.40598754882814,146.87533416748047,145.13768920898437,143.92031311035157,0.00999483692976213,145.40628619592846,0.9852142333984375,1.66796875,9.285629272460938,0.03211506900105232,58435760.0,-0.005552536899711691,0.003582200607171959,-0.003498516502189797,0.007116296308043113,0.006733046445162705,0.01145249225181999,0.06727509567920986,0.9993514967518732,1.0149699577688365,1.0235552654346884,56.166391810334964,-0.019348972268660034
144.48748779296875,146.64621090035791,144.4191199061072,146.53876287411308,65187100,-0.019162982407329388,-2.822906494140625,2.227090994250716,-2.0512750811443254,146.7516876220703,146.80568237304686,145.49008407592774,143.8482507324219,0.011085506082259633,145.31878158612278,-3.2714996337890625,-0.6965179443359375,7.0478973388671875,0.14790474731412862,60570880.0,0.0024592827957157226,-0.005552536899711691,0.003582200607171959,0.009798774021809287,-0.02214078270812936,-0.004797483998314589,0.05127996464178097,0.9845712177775253,0.9931088342595517,1.00444382922484,46.052970080522755,-0.0003383142024787632
144.43861389160156,145.96241109507744,144.25302053135974,145.50333134171993,41000000,-0.00033825698068212784,-0.0488739013671875,1.7093905637177045,-1.0647174501183656,146.19100036621094,146.3683059692383,145.7010467529297,143.76194549560546,0.010285771880185158,145.2349560914065,-2.803436279296875,-4.3737640380859375,4.2192535400390625,-0.37104120293739096,56691960.0,-0.019162982407329388,0.0024592827957157226,-0.005552536899711691,-0.003498516502189797,-0.01903964442252082,-0.02939113062323684,0.03009037788690816,0.9880130345218268,0.9913354578469921,1.004706867270496,48.14512070018788,0.014235298735625722
146.5094451904297,146.9099196974308,144.0576809080353,144.9856329096499,63804000,0.014337103098914117,2.070831298828125,2.8522387893955,1.5238122807797936,145.9389892578125,146.40819091796874,145.96288299560547,143.69481964111327,0.01060288314011183,145.3563360055992,-1.2600555419921875,0.3988494873046875,5.236724853515625,0.5561951219512196,56359980.0,-0.00033825698068212784,-0.019162982407329388,0.0024592827957157226,0.003582200607171959,-0.008527169244984312,0.0027297779834878355,0.03706819576367493,1.003908865859071,1.00374452863363,1.0195875227537508,54.27272138567563,6.665303753375995e-05
146.5192108154297,148.35558969382197,145.96243066007273,146.88062009926887,59222800,6.665525889681945e-05,0.009765625,2.3931590337492423,-0.3614092838391798,145.8530303955078,146.53098754882814,146.1418113708496,143.61520874023438,0.010345974037793906,145.46708598748782,-0.4297943115234375,1.22796630859375,3.5785675048828125,-0.07180114099429502,57200360.0,0.014337103098914117,-0.00033825698068212784,-0.019162982407329388,-0.005552536899711691,-0.0029247854461629252,0.00845175710870838,0.02503533929890156,1.0045674773991011,1.0025824193708834,1.020220714091973,52.54077056613185,0.006644416506953457
147.49598693847656,147.97462166575806,145.87450429964008,146.46058703081326,59256200,0.006666539613548128,0.976776123046875,2.100117366117985,1.0353999076633045,145.89014892578126,146.6480682373047,146.26179962158204,143.50851043701172,0.00991783519138599,145.66031464948676,0.1855926513671875,1.170806884765625,2.3997650146484375,0.0005639719837629009,57694020.0,6.665525889681945e-05,0.014337103098914117,-0.00033825698068212784,0.0024592827957157226,0.0012598747852474723,0.008001404025854253,0.016539128192519348,1.011007172345216,1.0084382068324587,1.0277856448326457,56.50431423052157,0.01635569573313496
149.92822265625,151.40317727562876,147.48623592599793,147.49599850722544,88807000,0.016490182331455383,2.4322357177734375,3.9169413496308323,2.432224149024563,146.9782958984375,146.8649917602539,146.4790153503418,143.4812789916992,0.010508506088662413,146.06678207870232,5.44073486328125,2.1692352294921875,4.3443145751953125,0.4986954951549374,62418000.0,0.006666539613548128,6.665525889681945e-05,0.014337103098914117,-0.019162982407329388,0.037655404951583815,0.014680902104634797,0.02984062340720106,1.020070492311674,1.0235474501085262,1.0449322985539025,53.365735115431356,0.028136227986867806
154.20654296875,154.9879815498081,149.49840122848465,150.14308917571017,137827700,0.028535790238167325,4.2783203125,5.489580321323444,4.063453793039827,148.9318817138672,147.56144104003906,146.89941787719727,143.55990112304687,0.012120408972062057,146.84199740156402,9.767929077148438,6.9644927978515625,8.408050537109375,0.5519913970745549,81783540.0,0.016490182331455383,0.006666539613548128,6.665525889681945e-05,-0.00033825698068212784,0.06762685416296699,0.047299618483769734,0.05766898132401188,1.0354166025043359,1.049742369283323,1.0741616688393911,72.29910564185327,0.016833730654827215
156.8243865966797,157.28348128204507,152.89766786630707,153.9916731226482,117305600,0.016976216297516,2.6178436279296875,4.385813415737999,2.832713474031493,150.9948699951172,148.46692962646483,147.48924026489257,143.7903677368164,0.012351399643366017,147.79270113443218,10.31494140625,9.054885864257812,11.79644775390625,-0.14889677474121676,92483860.0,0.028535790238167325,0.016490182331455383,0.006666539613548128,0.014337103098914117,0.07040461720978386,0.06127709587822339,0.08133913953431371,1.038607381838542,1.063293744784508,1.0906459804297868,78.90284548306522,0.0029233396455655225
157.28350830078125,161.85490096838612,157.26396823078883,157.9281815634673,117467900,0.0029276167697205313,0.4591217041015625,4.590932737597285,-0.644673262686041,153.1477294921875,149.50037994384766,148.10445861816407,144.0187026977539,0.012312730520991003,148.69658753122732,10.764297485351562,10.334503173828125,12.304367065429688,0.0013835656609744174,104132880.0,0.016976216297516,0.028535790238167325,0.016490182331455383,6.665525889681945e-05,0.07346679951007484,0.07032713943792857,0.08486991273769107,1.0270051591512803,1.0619768626026456,1.0921047430267834,78.27699576729992,0.002418943267322252
157.6644287109375,158.04537802988585,155.36895531169498,157.3811499145866,96041900,0.0024218712710031287,0.38092041015625,2.676422718190878,0.28327879635091335,155.1814178466797,150.53578338623046,148.70555877685547,144.28255157470704,0.012318258193237838,149.55066764358068,10.168441772460938,10.354034423828125,12.022003173828125,-0.18239876596074334,111490020.0,0.0029276167697205313,0.016976216297516,0.028535790238167325,0.006666539613548128,0.06894046396463915,0.0702871951021189,0.08254465091124796,1.016000697111242,1.0602456963127083,1.0927477161318535,77.02879488505445,0.003278178257430615
158.18212890625,158.3774848564214,155.9354982175197,157.01974088138022,69463600,0.0032835573600540346,0.5177001953125,2.44198663890171,1.1623880248697844,156.8321990966797,151.9052474975586,149.35546493530273,144.53900360107423,0.01220402128244438,150.3727115733587,8.25390625,13.69464111328125,12.998123168945312,-0.2767365077117383,107621340.0,0.0024218712710031287,0.0029276167697205313,0.016976216297516,0.016490182331455383,0.055052385093127265,0.09478080989894311,0.08952861648179122,1.0086074786768637,1.059098366268491,1.0943906140575772,79.85074813289445,-0.03219110894777847
153.17115783691406,156.72668956141257,152.73160325073675,155.86712045424656,76959800,-0.03167849050954297,-5.0109710693359375,3.9950863106758163,-2.6959626173324978,156.6251220703125,152.77850189208985,149.57340393066406,144.69991760253907,0.013655814327979809,150.6392302651259,-1.0353851318359375,8.7325439453125,4.3587799072265625,0.10791551258500864,95447760.0,0.0032835573600540346,0.0024218712710031287,0.0029276167697205313,0.028535790238167325,-0.006714274971106549,0.0604585138975795,0.02929043919509211,0.9779475719620006,1.0240534333758813,1.0585435042032556,61.841505798609134,0.021637988507040806
156.52159118652344,157.44954318891868,155.10522691977297,155.67176964553224,88748200,0.02187378744748192,3.350433349609375,2.3443162691457076,0.8498215409912007,156.56456298828124,153.77971649169922,150.09395370483398,144.9810949707031,0.013551267451941006,151.1994551147828,-0.30279541015625,10.01214599609375,10.410995483398438,0.15317607374239528,89736280.0,-0.03167849050954297,0.0032835573600540346,0.0024218712710031287,0.016976216297516,-0.0019307928870462288,0.06833788758861381,0.07125421283307909,0.9997255330265188,1.0428240933297666,1.0796000072847591,68.88971592062181,0.031089500787954805
161.46420288085938,161.67909895513546,156.20904145399325,156.27742425249363,174048100,0.03157782678330889,4.9426116943359375,5.4700575011422075,5.186778628365744,157.40070190429688,155.2742156982422,150.90260162353516,145.4219876098633,0.014730530406380914,152.1770501401234,4.180694580078125,14.944992065429688,16.172958374023438,0.9611451274504723,101052320.0,0.02187378744748192,-0.03167849050954297,0.0032835573600540346,0.0029276167697205313,0.026580628988025712,0.10200022223881544,0.11131406045092063,1.0258162824396628,1.069989523995569,1.1103149223488402,73.65329927906683,-0.003211815021262519
160.94644165039062,166.3481143018466,160.7120055934647,163.59354652559932,152052500,-0.00320666266101588,-0.51776123046875,5.636108708381897,-2.647104875208697,158.0571044921875,156.6192611694336,151.63366470336913,145.84296752929689,0.014847402618254305,153.0122302839584,3.282012939453125,13.450454711914062,14.621261596679688,-0.12637655912359858,112254440.0,0.03157782678330889,0.02187378744748192,-0.03167849050954297,0.0024218712710031287,0.020816445194942412,0.09119200454941545,0.09992307264759703,1.0182803371445157,1.0614162888250407,1.1035598382078982,79.80164909306512,-0.006148490872457383
159.95989990234375,160.38969196905754,154.13821164787007,155.05640108044867,136739200,-0.00612962758250879,-0.986541748046875,6.251480321187472,4.903498821895084,158.41265869140625,157.62242889404297,152.24371032714845,146.19700744628906,0.01499601702873567,153.673913104757,1.77777099609375,10.03167724609375,12.200912475585938,-0.10071060982226532,125709560.0,-0.00320666266101588,0.03157782678330889,0.02187378744748192,0.0032835573600540346,0.011238760082356691,0.06690986572350699,0.08257306501666273,1.0097671563858517,1.0506831419085516,1.0941393582294152,77.18089134462714,-0.011793727510278818
158.08445739746094,161.13206712633752,156.0136573148525,160.2138776845153,118023100,-0.011724454103983373,-1.8754425048828125,5.118409811485009,-2.1294202870543586,159.39531860351562,158.01022033691407,152.78583068847655,146.49442077636718,0.015324077237636836,154.09396494215736,4.913299560546875,3.8779144287109375,10.8424072265625,-0.13687442957103746,133922220.0,-0.00612962758250879,-0.00320666266101588,0.03157782678330889,-0.03167849050954297,0.032077184960488614,0.025147534949258254,0.07363662224193512,0.9917760369781289,1.0346800922906787,1.0791158909647942,70.40984347556565,0.02127480045065517
161.48370361328125,163.98429560873123,160.4678287996897,160.47759138079394,107497000,0.021502722480008396,3.3992462158203125,3.516466809041532,1.006112232487311,160.3877410888672,158.4761520385742,153.47154083251954,146.85806427001953,0.015834091266644094,154.7977495775025,4.9621124267578125,4.6593170166015625,13.714202880859375,-0.08918677784264262,137671980.0,-0.011724454103983373,-0.00612962758250879,-0.00320666266101588,0.02187378744748192,0.031702414913764576,0.0297104112295008,0.0928080748252158,1.0068332063097443,1.052206179317019,1.0995903045294837,73.56915473724838,0.03483253683890806
167.20770263671875,167.598429443289,164.4336093812365,165.15644279486372,120405400,0.035446295170101116,5.7239990234375,3.164820062052513,2.0512598418550283,161.53644104003905,159.46857147216798,154.4844757080078,147.36642456054688,0.01706148005560479,155.9796498688564,5.743499755859375,9.9241943359375,20.258697509765625,0.12008149064625062,126943440.0,0.021502722480008396,-0.011724454103983373,-0.00612962758250879,0.03157782678330889,0.03557135051227034,0.0630974883708657,0.13786209367163527,1.035108249012828,1.0823592588860462,1.1346390681278957,77.00741967248074,0.022527259467204037
171.01718139648438,171.87676531869016,166.73881675330688,168.13564062689133,116998900,0.02278291430175461,3.809478759765625,5.137948565383283,2.8815407695930446,163.55058898925782,160.80384674072266,155.66981506347656,148.0184698486328,0.017402686038956696,157.4117957286305,10.07073974609375,13.352752685546875,23.706787109375,-0.0282919204620391,119932720.0,0.035446295170101116,0.021502722480008396,-0.011724454103983373,-0.00320666266101588,0.06257199378144374,0.08469096545567578,0.1609308509701648,1.0456531061940533,1.098589224421894,1.1553773091383164,77.84359721726405,-0.0029743196415421063
170.50927734375,172.6484600825667,169.8841293433167,170.85116144440897,108923700,-0.002969900735042885,-0.507904052734375,2.764330739249999,-0.341884100658973,165.66046447753905,162.03656158447265,156.9709045410156,148.64240997314454,0.01644051579980631,158.65917493007046,10.54937744140625,12.3271484375,26.02178955078125,-0.06901945231963724,114369620.0,0.02278291430175461,0.035446295170101116,0.021502722480008396,-0.00612962758250879,0.06595013780232861,0.07793009566084397,0.18009718314202394,1.0292695839137187,1.0862476574389421,1.1471105546159819,73.90431971705442,0.02762797335032709
175.28578186035156,175.46161263264923,170.63624509261138,171.14418244016858,115402700,0.028013164978536897,4.7765045166015625,4.82536754003786,4.141599420182985,169.1007293701172,164.2480239868164,158.5132629394531,149.38782501220703,0.0168605164519494,160.24266130438295,17.201324462890625,22.1146240234375,30.84716796875,0.059482004375539965,113845540.0,-0.002969900735042885,0.02278291430175461,0.035446295170101116,-0.011724454103983373,0.10881097829650965,0.1443785131335471,0.21356593737392293,1.036576143185621,1.1058114545740252,1.1733605589747913,75.45792817746984,-0.020890861293668277
171.66189575195312,177.9036129181879,171.45676231906222,176.91704079075095,153237000,-0.020674158907455165,-3.6238861083984375,6.446850599125668,-5.255145038797821,171.13636779785156,165.76205444335938,159.7708854675293,150.03832946777345,0.018140156297901295,161.33020744224677,10.178192138671875,15.140304565429688,25.152450561523438,0.32784588228871603,122993540.0,0.028013164978536897,-0.002969900735042885,0.02278291430175461,0.021502722480008396,0.06302922159282676,0.0967298150412188,0.17167801385658676,1.003070813999759,1.0744253888912725,1.14412028153662,68.235853745009,-0.008055713838713384
170.2845916748047,173.61546458889217,168.21379204713816,171.18324085105056,139380400,-0.008023353529420407,-1.3773040771484375,5.40167254175401,-0.8986491762458684,171.75174560546876,166.64409332275392,160.95915451049805,150.72975891113282,0.01841701550532267,162.18300594058564,3.0768890380859375,8.820388793945312,23.765380859375,-0.09042594151543037,126788540.0,-0.020674158907455165,0.028013164978536897,-0.002969900735042885,0.035446295170101116,0.018401598667801222,0.05462751889626993,0.1621997602028602,0.9914577058562521,1.0579366684216673,1.1297343862614482,65.6113684247085,0.02811062401474945
175.13931274414062,175.33466872556772,168.31151164367364,171.04654009777133,131063300,0.02850945597360366,4.8547210693359375,7.023157081894084,4.092772646369298,172.576171875,168.0633804321289,162.34132080078126,151.47985229492187,0.018990928459486165,163.4169399218766,4.12213134765625,14.19287109375,27.643325805664062,-0.05967194813617982,129601420.0,-0.008023353529420407,-0.020674158907455165,0.028013164978536897,0.02278291430175461,0.024103609438513418,0.0881838141198541,0.187417477447672,1.0148522292579136,1.0788338537608952,1.1561888270339429,68.94369323144626,-0.040055672056384384
168.26263427734375,176.9365751900634,166.78767978084602,175.11973661793166,150185800,-0.03926404848260967,-6.876678466796875,10.148895409217374,-6.857102340587915,172.12684326171876,168.8936538696289,163.25804138183594,152.07505065917968,0.02170092803415912,163.8784346223973,-2.24664306640625,8.302734375,18.33441162109375,0.1459027813278011,137853840.0,0.02850945597360366,-0.008023353529420407,-0.020674158907455165,-0.002969900735042885,-0.013176075234176077,0.05190509859076475,0.1222879274913451,0.9775502245254131,1.030654495503856,1.106444703112035,66.18475231005027,-0.0065229339245878185
167.16864013671875,169.44457351876034,165.75229083845704,165.98671202152144,195432700,-0.00650170577278486,-1.093994140625,3.6922826803032933,1.1819281151973087,170.5034149169922,169.80207214355468,163.90614624023436,152.6232046508789,0.02119503079598525,164.19178752852315,-8.117141723632812,9.084182739257812,12.96209716796875,0.30127282339608663,153859840.0,-0.03926404848260967,0.02850945597360366,-0.008023353529420407,0.028013164978536897,-0.0463080441407373,0.057464110569820814,0.08405672624796168,0.9804415953668908,1.019904646478007,1.0953029096664042,61.99908858756868,-0.008155246799992202
165.81088256835938,166.62162387110183,163.57402950297322,164.374993320752,107499100,-0.008122082989063806,-1.357757568359375,3.047594368128614,1.4358892476073777,169.33321228027344,170.2347900390625,164.35547103881837,153.15181213378906,0.021145276784548646,164.3459870561266,-5.85101318359375,4.327178955078125,8.986495971679688,-0.44994312620150057,144712260.0,-0.00650170577278486,-0.03926404848260967,0.02850945597360366,-0.020674158907455165,-0.03408451921123079,0.026796381667346436,0.05730292441564666,0.9791988254136226,1.0088552666993194,1.0826570071760673,55.32926644012396,0.018907178026168057
168.97572326660156,169.18084181030284,165.1955175809284,167.57889907243998,91185900,0.01908705055554738,3.1648406982421875,3.9853242293744415,1.3968241941615815,169.07143859863282,170.41159210205078,164.94008178710936,153.74547180175782,0.02144882672550737,164.78691431426708,-1.308868408203125,1.7680206298828125,11.692214965820312,-0.15175196815601244,135073360.0,-0.008122082989063806,-0.00650170577278486,-0.03926404848260967,-0.008023353529420407,-0.007686358438717011,0.010573798945878066,0.07433846747276696,0.9994338763967195,1.0244673182877468,1.0990614636409057,59.24429670319246,0.015202537653023679
171.564208984375,171.77910499631244,168.15519034473417,169.02453697313442,92135300,0.015318684055516396,2.5884857177734375,3.623914651578275,2.539672011240583,168.35641784667968,170.46629486083984,165.63507080078125,154.41626068115235,0.021598236212114718,165.43237094951544,-3.575103759765625,0.547027587890625,13.8997802734375,0.010411697422518129,127287760.0,0.01908705055554738,-0.008122082989063806,-0.00650170577278486,0.02850945597360366,-0.02041291417529123,0.003198670352439148,0.08816053428843751,1.0190535720510319,1.035796393571293,1.1110501460635076,62.88501719018861,0.00363730626660341
172.1893768310547,172.7461569911751,171.2028195021509,171.76936224404878,68356600,0.0036439292925987132,0.6251678466796875,1.5433374890241964,0.4200145870059089,169.1417663574219,170.63430480957032,166.33543319702147,155.11125640869142,0.021597357746961855,166.07589531918586,3.9267425537109375,1.6800994873046875,14.007247924804688,-0.2580845777894032,110921920.0,0.015318684055516396,0.01908705055554738,-0.008122082989063806,-0.03926404848260967,0.023336984890172108,0.00985341978734433,0.08855139339480234,1.0180180835240467,1.035193605604762,1.1101023924231868,66.1088735255287,0.022714810181440906
176.1453857421875,176.2332936859138,172.96104046356876,172.9805656257053,74919600,0.022974755957298587,3.9560089111328125,3.2722532223450287,3.16482011648219,170.93711547851564,170.72026519775392,167.48414459228516,155.8297769165039,0.020194449284636835,167.03489440709077,8.97674560546875,0.8596038818359375,22.974227905273438,0.09601121179227756,86819300.0,0.0036439292925987132,0.015318684055516396,0.01908705055554738,-0.00650170577278486,0.05369874157094978,0.00490401373524274,0.14999056108027076,1.0304689256577895,1.0517137975716258,1.1303705185727695,66.5344645539108,-0.005783652955352855
175.1295623779297,177.12223244931084,174.38720357166105,175.97938413103708,79144300,-0.0057669598325136295,-1.0158233642578125,2.735028877649796,-0.8498217531073919,172.80085144042968,171.06703186035156,168.41454315185547,156.5069137573242,0.020083297671018588,167.8058151662183,9.318679809570312,3.4676666259765625,18.60797119140625,0.056389783180903263,81148340.0,0.022974755957298587,0.0036439292925987132,0.015318684055516396,-0.008122082989063806,0.056200652606311685,0.020200561171637377,0.11888437275871744,1.0134762700420072,1.0398719677077972,1.1189893032424196,59.99514072828239,0.0005018217820958597
175.21746826171875,176.43846184720914,174.0062372592178,175.16862553735774,62348900,0.000501947715710882,0.0879058837890625,2.4322245879913282,0.048842724361009004,174.04920043945313,171.56031951904296,169.10220642089843,157.15245025634766,0.01916712930170843,168.5116868895993,6.2417449951171875,4.9328765869140625,13.753265380859375,-0.21221237663356673,75380940.0,-0.0057669598325136295,0.022974755957298587,0.0036439292925987132,0.01908705055554738,0.03693870855796999,0.028968425965013145,0.08517841809808191,1.0067122849132077,1.036163110879815,1.1149521879926363,55.848844127146016,-0.006600211120292167
174.06480407714844,176.3798175385403,173.95735606919604,175.30533745901636,59773000,-0.006578477568507046,-1.1526641845703125,2.422461469344256,-1.2405333818679196,174.5493194580078,171.45286865234374,169.75812454223632,157.73182189941406,0.019250998478620145,169.0405551931754,2.5005950927734375,-1.0745086669921875,13.118362426757812,-0.04131428140672888,68908480.0,0.000501947715710882,-0.0057669598325136295,0.022974755957298587,0.015318684055516396,0.014575272474232515,-0.006135165487156646,0.08150762633978359,0.9972241920944531,1.0253695046792333,1.1035490618256472,54.863689779186004,-0.0035413903146947726
173.449462890625,175.07093096003192,173.14664397725932,173.95738546431582,64062300,-0.0035351269878241,-0.6153411865234375,1.9242869827725997,-0.50792257369082,174.80133666992188,171.97155151367187,170.4326026916504,158.28913299560546,0.01918706312124886,169.46045116436107,1.2600860595703125,5.18682861328125,13.48956298828125,0.07175982467000153,68049620.0,-0.006578477568507046,0.000501947715710882,-0.0057669598325136295,0.0036439292925987132,0.007318024391287814,0.030825789906105516,0.08433090416108469,0.9922662274496812,1.0177011918572454,1.0957761888520827,47.16535021333186,0.02469650912240898
177.78639221191406,178.6362137085352,173.58618706197944,173.70339765267045,104487900,0.025003993953119696,4.3369293212890625,5.05002664655575,4.082994559243616,175.1295379638672,173.0333267211914,171.41769943237304,158.92889099121095,0.01933664894675929,170.2533979307947,1.6410064697265625,10.617752075195312,19.701934814453125,0.6310357261603159,73963280.0,-0.0035351269878241,-0.006578477568507046,0.000501947715710882,0.022974755957298587,0.009316204695412278,0.06351521473472288,0.1246291706269258,1.0151707945954556,1.037153064127159,1.1186537016843965,59.25049286026738,-0.012772998255467466
175.52996826171875,178.6947878000668,174.96342566446933,178.3919838905217,99310400,-0.012691769725017843,-2.2564239501953125,3.7313621355974647,-2.8620156288029364,175.209619140625,174.00523529052734,172.12001266479493,159.53893157958984,0.019411623920367924,170.75592843850174,0.4004058837890625,9.719085693359375,14.0462646484375,-0.049551192051902615,77996500.0,0.025003993953119696,-0.0035351269878241,-0.006578477568507046,-0.0057669598325136295,0.0022863409144195934,0.058615487372202235,0.08698255201079164,1.0018283763338167,1.019811499802552,1.1002328179322889,57.71770644512824,-0.02695982871956568
170.86093139648438,175.9891036993743,170.58743006603996,175.44210103848545,94537600,-0.02659965652288354,-4.669036865234375,5.4016736333343545,-4.581169642001072,174.33831176757812,174.19375610351562,172.30267410278321,160.0565673828125,0.01913771099064481,170.76592872021436,-4.356536865234375,1.8852081298828125,3.653228759765625,-0.04805941774476796,84434240.0,-0.012691769725017843,0.025003993953119696,-0.0035351269878241,0.000501947715710882,-0.024863598980480073,0.011156680341047664,0.02184844778175532,0.980053837072085,0.9916324995313839,1.0675034095154043,43.67048259895148,-0.016834391622882073
168.0086669921875,171.23209207239668,167.65702034880644,168.6924202141222,96904000,-0.01669348505234447,-2.852264404296875,3.5750717235902414,-0.683753221934694,173.12708435058593,173.83820190429688,172.15224838256836,160.50389221191406,0.018833899368688012,170.5033323651642,-6.0561370849609375,-3.5555419921875,-3.008514404296875,0.0250313102934705,91860440.0,-0.02659965652288354,-0.012691769725017843,0.025003993953119696,-0.006578477568507046,-0.03479242755058487,-0.020724264187942154,-0.017591883924937157,0.9704354903359111,0.9759307158093415,1.0467575874756037,49.57348886314948,0.0009879215758578643
168.1747283935547,170.09901499255682,167.06118311991872,168.8780217142409,86709100,0.0009884097311176898,0.1660614013671875,3.037831872638094,-0.703293320686214,172.07213745117187,173.43673706054688,172.0355209350586,160.96370666503907,0.01882979158910955,170.28156055834424,-5.2747344970703125,-4.0146484375,-2.3345489501953125,-0.10520618343928012,96389800.0,-0.01669348505234447,-0.02659965652288354,-0.012691769725017843,-0.0035351269878241,-0.030410785995898415,-0.023315308478286778,-0.013691624212850417,0.9773501444490214,0.9775581663570437,1.044799053637113,51.74397352471768,0.00011612990921611526
168.1942596435547,168.4970635759533,164.26754129298973,165.15642793014217,106765600,0.00011613665255505445,0.01953125,4.229522282963558,3.0378317134125155,170.1537109375,172.6416244506836,171.68094482421876,161.3513442993164,0.01759782375221759,170.08276999503093,-9.592132568359375,-7.9511260986328125,-7.091522216796875,0.2313079019387816,96845340.0,0.0009884097311176898,-0.01669348505234447,-0.02659965652288354,0.025003993953119696,-0.0539531313337297,-0.04513956505378092,-0.04045691636556481,0.9884842282713127,0.9796909017233448,1.0424100299501953,54.33239120968123,0.01664440866125179
171.01718139648438,171.11485190283432,166.8560422275084,168.32123396506768,76138300,0.01678369855732398,2.8229217529296875,4.258809675325921,2.6959474314166982,169.25115356445312,172.23038635253906,171.64870910644532,161.8494760131836,0.01748922909036534,170.17176155707412,-4.512786865234375,-4.1123809814453125,-0.64471435546875,-0.2868648703327663,92210920.0,0.00011613665255505445,0.0009884097311176898,-0.01669348505234447,-0.012691769725017843,-0.025709495135928684,-0.023481934892127465,-0.0037557219827069055,1.0104343621584755,0.9963208129367911,1.0566434047803406,53.75757545118486,0.0025672371903254316
171.456787109375,173.06849253983535,170.76327115991117,172.03309245435602,74805200,0.0025705353655165464,0.439605712890625,2.305221379924177,-0.5763053449810229,169.37032470703124,171.85431823730468,171.70731887817382,162.3727868652344,0.0173949636950811,170.29414494300755,0.595855712890625,-3.76068115234375,1.1721954345703125,-0.017508927832641352,88264440.0,0.01678369855732398,0.00011613665255505445,0.0009884097311176898,-0.02659965652288354,0.0034873724965711617,-0.021462935115159287,0.006883743402978482,1.0123189372515689,0.9985409371572764,1.055945336774198,49.78529096733739,-0.01921164585157718
168.1942596435547,172.52145244084235,167.80353287215138,171.70094857794888,84505800,-0.019028278324958348,-3.2625274658203125,4.717919568690974,-3.506688934394191,169.40744323730468,171.26726379394532,171.36006622314454,162.81016845703124,0.016593803282854556,170.0941558668692,0.1855926513671875,-5.87054443359375,-6.9450531005859375,0.129678150716795,85784800.0,0.0025705353655165464,0.01678369855732398,0.00011613665255505445,-0.01669348505234447,0.0011046611742704382,-0.03372620022018824,-0.03965444988774103,0.9928386641663048,0.9815254122540583,1.0330697476548856,42.77635230953445,0.005097583911355124
169.0538330078125,169.74734876331195,167.11976914653764,167.36396777404897,80440800,0.005110598697479096,0.8595733642578125,2.6275796167743124,1.689865233763527,169.58326416015626,170.82770080566405,171.39962615966797,163.23606536865233,0.014115000888404729,169.99507749934,0.8791046142578125,-4.3956298828125,0.79119873046875,-0.048103207117144664,84531140.0,-0.019028278324958348,0.0025705353655165464,0.01678369855732398,0.0009884097311176898,0.005227328877859483,-0.02534242429787359,0.004702165361114119,0.996878045985459,0.9863138957510313,1.035640209937806,35.56080683906839,-0.01907488796885341
165.85971069335938,168.5361181103695,165.478761430844,167.53002095796475,90956700,-0.018894113535453005,-3.194122314453125,3.0573566795254976,-1.6703102646053765,169.1163543701172,169.6350326538086,171.3341796875,163.60841857910157,0.014690894851465684,169.60123304162758,-2.3345489501953125,-11.926681518554688,-1.308929443359375,0.13072843631589937,81369360.0,0.005110598697479096,-0.019028278324958348,0.0025705353655165464,0.00011613665255505445,-0.013880075069998221,-0.06708433289055427,-0.007829993964710513,0.9807431771522787,0.968048004174499,1.0137602461646518,32.66339402054335,-0.021248875465950227
162.37255859375,167.11001826086033,162.08929472408371,166.0550783276264,94815000,-0.021024708683210047,-3.487152099609375,5.0207235367766145,-3.682519733876404,167.3874298095703,168.3192916870117,171.16226348876953,163.90047973632812,0.015322626884778218,168.91278785611541,-8.644622802734375,-13.15740966796875,-3.438323974609375,0.04241908512512005,85104700.0,-0.018894113535453005,0.005110598697479096,-0.019028278324958348,0.01678369855732398,-0.05054827083538915,-0.07495819544814586,-0.020736419234677506,0.9700403356361614,0.9486469463778957,0.9906777506384598,28.687125038989862,-0.010400713091745917
160.69252014160156,165.74254787630412,160.3701760430409,163.1052046845527,91420500,-0.01034681270467519,-1.6800384521484375,5.372371833263202,-2.4126845429511263,165.2345764160156,167.30245056152344,170.74810333251952,164.1753500366211,0.014699121550103533,168.1299052166379,-10.764266967773438,-10.168411254882812,-8.283203125,-0.035801297263091336,88427760.0,-0.021024708683210047,-0.018894113535453005,0.005110598697479096,0.0025705353655165464,-0.0627812240579706,-0.0595127930754803,-0.04902007794297869,0.9725114659841025,0.9411086682975597,0.9787859146075056,28.193710268662713,-0.012847454862511735
158.6412353515625,162.4702688967568,158.53378733529433,160.60458738914824,122848900,-0.012765278609305986,-2.0512847900390625,3.9364815614624717,-1.9633520375857358,163.3239715576172,166.36570739746094,170.1019546508789,164.40196685791017,0.014251240226328295,167.22622237234498,-9.553024291992188,-9.367431640625,-12.9229736328125,0.3437784741934249,96096380.0,-0.01034681270467519,-0.021024708683210047,-0.018894113535453005,-0.019028278324958348,-0.056797564389161725,-0.05575564527906518,-0.07532441474427476,0.9713285431318162,0.9326244115016865,0.9649594733174539,26.932409176911307,-0.004876099024511191
157.86956787109375,158.53379607319022,151.11014976934194,156.30670516297684,162294600,-0.0048642301527637155,-0.77166748046875,7.4236463038482725,1.56286270811691,161.08711853027344,165.33519134521484,169.38596420288087,164.66960845947267,0.014143557069231996,166.33511241984485,-11.18426513671875,-10.305160522460938,-14.319808959960938,0.32109119414174647,112467140.0,-0.012765278609305986,-0.01034681270467519,-0.021024708683210047,0.005110598697479096,-0.06615800977551267,-0.061276510572654375,-0.08316313830446675,0.9800260213942866,0.9320109172800561,0.9587049446950467,15.097650285819412,-0.011450324424711547
156.0722198486328,158.98306320756222,153.37627246633923,155.2907812885663,115798400,-0.011385018953928738,-1.7973480224609375,5.606790741222994,0.7814385600665048,159.12962036132814,164.12298736572265,168.38230590820314,164.90228057861327,0.012674783880042029,165.3576940797294,-9.787490844726562,-12.122039794921875,-20.073165893554688,-0.2864925881699083,117435480.0,-0.0048642301527637155,-0.012765278609305986,-0.01034681270467519,-0.018894113535453005,-0.05901065909141512,-0.07207166178329438,-0.11395794337147425,0.9807867290467166,0.9268920449023819,0.9464527676694505,15.34453998013916,-0.0005634950060442383
155.9842987060547,160.57522936347738,154.15769796412494,159.70588295154988,108275300,-0.0005633362725498969,-0.087921142578125,6.417531399352441,-3.721584245495194,157.85196838378906,162.61969909667968,167.42504272460937,165.09177764892578,0.01273212440381137,164.46498975842707,-6.3882598876953125,-15.032882690429688,-19.145263671875,-0.06496721889076185,120127540.0,-0.011385018953928738,-0.0048642301527637155,-0.012765278609305986,-0.021024708683210047,-0.03934322365196263,-0.08790276256265517,-0.10932057050744814,0.9881682205368928,0.9316664709629305,0.9448338428928997,18.336837551710758,-0.0029471357021229683
155.5252685546875,160.03805574105326,154.60707906202995,158.68031157129744,121954600,-0.002942797160836119,-0.4590301513671875,5.430976679023303,-3.1550430166099375,156.81851806640626,161.02654724121095,166.4404327392578,165.27189880371094,0.01266701834819094,163.6135877390233,-5.1672515869140625,-15.9315185546875,-19.69219970703125,0.12633813990817844,126234360.0,-0.0005633362725498969,-0.011385018953928738,-0.0048642301527637155,-0.01034681270467519,-0.032156142565694434,-0.09291856463240811,-0.11238719462386826,0.9917532092021739,0.934419996361883,0.9410266940745973,20.416784187802378,0.06745064185115696
166.37742614746094,166.39696621279427,159.02216399560837,161.86463986114418,179935700,0.06977745605986518,10.852157592773438,7.374802217185902,4.512786286316754,158.36575622558593,160.84486389160156,166.05606384277343,165.64952758789062,0.021124540065351336,163.87681044458878,7.7361907958984375,-1.81683349609375,-7.6873779296875,0.47543184102936675,137651720.0,-0.002942797160836119,-0.0005633362725498969,-0.011385018953928738,-0.012765278609305986,0.04876532119000698,-0.010801994669402348,-0.04416388465459298,1.050589661002614,1.001935263893716,1.0043942084844408,47.172708916811565,0.02579033586986521
170.7241668701172,170.93906288440527,165.576454917367,166.21138037947398,115541600,0.026125784148167464,4.34674072265625,5.3626079670382865,4.512786490643208,160.93667602539062,161.01189727783202,165.91979904174804,166.06544647216796,0.02203622650747651,164.52893962797242,12.854598999023438,1.6703338623046875,-2.7252960205078125,-0.35787284013122467,128301120.0,0.06977745605986518,-0.002942797160836119,-0.0005633362725498969,-0.0048642301527637155,0.08142543982586736,0.009880485006379613,-0.015712334734794497,1.0608157884606888,1.0289559646052868,1.0280535204458081,53.50285341002146,-0.0009731616783652687
170.55810546875,170.78276405312576,168.31147491088436,169.97202274767105,86213900,-0.0009726883101062178,-0.1660614013671875,2.471289142241403,0.5860827210789523,163.83385314941407,161.4817367553711,165.55838470458986,166.39247772216797,0.021199434248594353,165.10314589852265,14.485885620117188,4.698394775390625,-7.2282867431640625,-0.25382805846552237,122384220.0,0.026125784148167464,0.06977745605986518,-0.002942797160836119,-0.011385018953928738,0.09281527253323096,0.028327523035880597,-0.04065714283997757,1.0410431189285618,1.0301991395547938,1.0250349523224094,49.31389513993474,0.007019600921508646
171.7595672607422,171.79864739328102,169.30781806090394,170.69486467196293,84914300,0.007044296069601552,1.2014617919921875,2.490829332377075,1.0647025887792552,166.98890686035156,162.42043762207032,165.369864654541,166.69118133544922,0.02112816075042013,165.73709079016263,15.7752685546875,9.387008666992188,-3.7704010009765625,-0.015074135377242004,117712020.0,-0.0009726883101062178,0.026125784148167464,0.06977745605986518,-0.0005633362725498969,0.10113369541389083,0.05781154616451012,-0.021480098460194608,1.0285687264506749,1.038638857324757,1.0304058432167047,50.44243999088498,-0.016861303480562063
168.88775634765625,172.15026117501966,168.1258578604404,170.4310933846244,89418100,-0.01671994730125481,-2.8718109130859375,4.024403314579274,-1.543337036968154,169.66140441894532,163.23996124267578,165.2712059020996,166.9232662963867,0.02060412714347801,166.0371541765906,13.36248779296875,8.195236206054688,-1.973175048828125,0.05303935850616437,111204720.0,0.007044296069601552,-0.0009726883101062178,0.026125784148167464,-0.002942797160836119,0.08591843574454328,0.05099948771002594,-0.01154842732449679,0.9954400467570179,1.0218825198607127,1.0117688210568647,51.02508294445485,-0.0016804513900166827
168.60418701171875,170.27664070855118,166.93173331488632,167.90977257243412,82465400,-0.0016790402221565914,-0.2835693359375,3.3449073936648688,0.6944144392846283,170.10675659179688,164.23625640869142,165.30098190307618,167.14206146240235,0.020249084287942015,166.28163349422186,2.2267608642578125,9.96295166015625,0.59552001953125,-0.07775495117878817,91710660.0,-0.01671994730125481,0.007044296069601552,-0.0009726883101062178,0.06977745605986518,0.013383791995220662,0.06280177810061494,0.0035445791588772924,0.9911669024194975,1.0199829733048977,1.00874780134051,49.32384805442257,-0.004243698329928528
167.89019775390625,170.12990075671365,167.19578341710826,169.0638417050099,77251200,-0.004234706566112023,-0.7139892578125,2.9341173396053932,-1.1736439511036565,169.5399627685547,165.23831939697266,165.28675537109376,167.33622283935546,0.020274307705520786,166.43483009038226,-2.8339691162109375,10.0206298828125,-0.2845306396484375,-0.06322894207752583,84052580.0,-0.0016790402221565914,-0.01671994730125481,0.007044296069601552,0.026125784148167464,-0.01659969509979775,0.06347410725159341,-0.0016918751251531194,0.9902691672941996,1.015751064729702,1.0033105498926111,53.29943398602966,0.018298317495180717
170.99058532714844,171.49916986063508,167.66524328351184,167.95865801143464,74829200,0.018466757527957345,3.1003875732421875,3.8339265771232363,3.0319273157138014,169.62645874023437,166.73015594482422,165.42657165527345,167.69261138916016,0.020685879247446325,166.86871154150285,0.4324798583984375,14.918365478515625,2.79632568359375,-0.03135226378360467,81775640.0,-0.004234706566112023,-0.0016790402221565914,-0.01671994730125481,-0.0009726883101062178,0.0025356746148759157,0.09558629647854211,0.016625571464328637,1.0080419446178681,1.0336343406999309,1.0196667814441434,64.1820982306747,0.008259538238368069
172.4087371826172,172.77060688626915,171.05903840340724,172.18379236064646,71285000,0.008293742329470666,1.41815185546875,1.7115684828619067,0.2249448219707233,169.75629272460938,168.37259979248046,165.49614944458008,168.01035430908203,0.020430968441573088,167.3963330311328,0.649169921875,16.4244384765625,1.3915557861328125,-0.047363863304699216,79049780.0,0.018466757527957345,-0.004234706566112023,-0.0016790402221565914,0.007044296069601552,0.003779526999445171,0.10529545994570655,0.008136935568518355,1.0156250140447565,1.0417688735431994,1.0261792369382403,69.44820997260452,-0.023881589488582374
168.34011840820312,171.62633103104866,167.78264377127414,170.31576195955012,90865900,-0.02359868090736339,-4.0686187744140625,3.8436872597745264,-1.975643551346991,169.64676513671876,169.65408477783203,165.34031600952147,168.1478726196289,0.02112423592978144,167.48621735275853,-0.547637939453125,12.814849853515625,-3.116668701171875,0.27468471627972235,79339340.0,0.008293742329470666,0.018466757527957345,-0.004234706566112023,-0.01671994730125481,-0.003242614806995281,0.08239722054560872,-0.018177575549597202,0.9922978388213733,1.0181431998624515,1.0011433138319217,65.08900152687993,-0.020425661214618022
164.93653869628906,169.2790353586412,164.34970917619486,168.54550592037077,98670700,-0.020218470463830962,-3.4035797119140625,4.929326182446346,-3.6089672240817094,168.91323547363282,169.50999603271484,165.17742996215821,168.2276745605469,0.021180159137298406,167.24339081404716,-3.6676483154296875,-1.440887451171875,-3.257720947265625,0.08589360805318602,82580400.0,-0.02359868090736339,0.008293742329470666,0.018466757527957345,-0.0016790402221565914,-0.021753008513215488,-0.00866035425920586,-0.019368799828065164,0.9764571629559217,0.9985416211771527,0.9804364182477402,60.1622123795552,0.0014221171952292
165.1712646484375,165.8558891027738,162.9022065441299,163.69441590726865,86185500,0.0014231288834105627,0.2347259521484375,2.953682558643891,1.4768487411688511,168.36944885253905,168.95470581054687,164.98330154418946,168.33190185546874,0.021142294140486944,167.04604546494147,-2.71893310546875,-5.5529022216796875,-3.882568359375,-0.1265340166837775,84367260.0,-0.020218470463830962,-0.02359868090736339,0.008293742329470666,-0.004234706566112023,-0.016194710244216703,-0.032525578091730845,-0.022966461572010433,0.9810049612569405,1.0011392856276289,0.9812237777141911,63.69999444018907,0.022888453923964765
168.99537658691406,169.1518664311418,166.5111637354937,167.2153531108256,62527400,0.023152404545766947,3.8241119384765625,2.6407026956480877,1.7800234760884734,167.97040710449218,168.79843292236328,165.14008483886718,168.5501202392578,0.021353916684139614,167.23169604798647,-1.995208740234375,-1.5627288818359375,3.1356658935546875,-0.2745020914190902,81906900.0,0.0014231288834105627,-0.020218470463830962,-0.02359868090736339,0.018466757527957345,-0.011668529798977145,-0.009162442778905433,0.018905530948090776,1.0061020836949228,1.023345584155468,1.0026416851380717,67.60900020981435,-0.0013898240245620952
168.7606658935547,169.5333102903167,166.31556790878483,168.07604144255788,61177400,-0.0013888586664302371,-0.234710693359375,3.2177423815318775,0.6846244509968074,167.24079284667968,168.49854278564453,165.45949020385743,168.69565948486328,0.020722881185607417,167.37731222375487,-3.6480712890625,-2.9989013671875,6.3881072998046875,-0.021590534709583276,79885380.0,0.023152404545766947,0.0014231288834105627,-0.020218470463830962,0.008293742329470666,-0.02115943396301556,-0.01745987961552653,0.03934228391256367,1.0090879325612165,1.0199515644924928,1.0003853472513158,68.02201715612841,-0.021498629899402707
165.1712646484375,168.1347222265384,164.7702649952927,167.27404295611913,69589300,-0.021269181572092122,-3.5894012451171875,3.3644572312456944,-2.102778307681632,166.60702209472657,168.12689361572265,165.6834274291992,168.65493072509764,0.021207258276809655,167.167212454677,-3.168853759765625,-3.71649169921875,4.4787445068359375,0.13750012259429134,75630060.0,-0.0013888586664302371,0.023152404545766947,0.0014231288834105627,-0.02359868090736339,-0.01882411506971593,-0.0220056905224576,0.02787151824421752,0.991382371353635,0.9969087869033819,0.9793444160708328,47.952696560244284,-0.00939980389642085
163.62596130371094,166.79479876362558,162.54033719370844,166.0906242687398,82772700,-0.009355763837103903,-1.5453033447265625,4.25446156991714,-2.4646629650288503,166.34490661621095,167.6290710449219,165.93266372680665,168.5071063232422,0.021099268147016525,166.8299504402993,-1.310577392578125,-4.9782257080078125,4.9847259521484375,0.18944579123514682,72450460.0,-0.021269181572092122,-0.0013888586664302371,0.023152404545766947,-0.020218470463830962,-0.007945949411436337,-0.02952610961945923,0.031421376296659975,0.983654772677993,0.9860985632889405,0.9710330019544225,36.68548073180225,-0.017972728968601137
160.71142578125,163.0293741588099,158.58906735628025,161.3569203806229,91162800,-0.017812182732122706,-2.9145355224609375,4.440306802529648,-0.6454945993729098,165.45293884277345,166.91119384765625,166.07475662231445,168.3111492919922,0.021507733395553907,166.24723380610413,-4.4598388671875,-7.17877197265625,2.84185791015625,0.1013631305974072,73445920.0,-0.009355763837103903,-0.021269181572092122,-0.0013888586664302371,0.0014231288834105627,-0.027001299994161454,-0.04275873200875557,0.01800130290137192,0.9713422251989781,0.9677053216867769,0.9548471771316948,33.25642797984892,-0.026204590586768443
156.55474853515625,162.50121399005073,156.24176881453315,161.90460945584556,90009200,-0.02586422978881131,-4.15667724609375,6.259445175517584,-5.349860920689309,162.96481323242188,165.46761016845704,166.09888305664063,167.93652862548828,0.022183431270790217,165.32413997077578,-12.440628051757812,-14.435836791992188,0.4825286865234375,-0.01265428442303218,78942280.0,-0.017812182732122706,-0.009355763837103903,-0.021269181572092122,0.023152404545766947,-0.07361519766405922,-0.08442474633543573,0.003091701309761774,0.9606659586807642,0.942539441892395,0.9322257034637514,26.506459843534046,0.0165424805664928
159.1660919189453,159.27367681919955,148.66194638721413,149.22921086821898,141147500,0.016680065013822576,2.6113433837890625,10.611730431985421,9.936881050726328,161.0458984375,164.14334564208986,166.25797271728516,167.68661254882812,0.022477841149135494,164.73765920393475,-9.594573974609375,-13.242645263671875,3.181793212890625,0.5681452562626932,94936300.0,-0.02586422978881131,-0.017812182732122706,-0.009355763837103903,-0.0013888586664302371,-0.056853141244779914,-0.07680959492003658,0.02039816340032119,0.9883275107482218,0.9573441159997825,0.9491878302008054,34.85679869293661,0.01288202133134775
161.229736328125,161.49379611504713,157.33713033388693,160.2419073795577,91974200,0.012965352006196085,2.0636444091796875,4.1566657811602,0.9878289485673122,160.2575927734375,163.43230743408202,166.54319610595704,167.50551544189454,0.022602954840832804,164.4035713110005,-3.9415283203125,-7.110382080078125,5.7044677734375,-0.3483823659646823,99413280.0,0.016680065013822576,-0.02586422978881131,-0.017812182732122706,-0.021269181572092122,-0.02386328111431446,-0.042238191034393635,0.036678719969106766,1.006066131019838,0.9680956058123711,0.9625338956916525,39.116545196923305,0.0016365952587907141
161.4938201904297,161.78723492110947,158.86289248069977,159.479061922758,95056600,0.0016379352116984158,0.2640838623046875,2.9243424404097027,2.014758267671681,159.83116455078124,163.0880355834961,166.29901580810548,167.2326055908203,0.01603734226178405,164.12645215666043,-2.13214111328125,-3.442718505859375,-4.88360595703125,0.033513746246229825,101870060.0,0.012965352006196085,0.016680065013822576,-0.02586422978881131,-0.009355763837103903,-0.013030579599307757,-0.020872988684446314,-0.029352575467196496,1.0104025747689538,0.971105086856193,0.9656838127940666,40.432970105727485,-0.011696058660247711
159.61598205566406,162.94132403155473,158.41299811175085,161.08304074169718,83474400,-0.011627925654067228,-1.877838134765625,4.528325919803876,-1.4670586860331127,159.61207580566406,162.53250732421876,165.7436065673828,167.0596725463867,0.014805682063292015,163.69688357561316,-1.0954437255859375,-5.5552825927734375,-11.108184814453125,-0.12184530058933307,100332380.0,0.0016379352116984158,0.012965352006196085,0.016680065013822576,-0.017812182732122706,-0.0068162155880377995,-0.03363346890028185,-0.06506509897280077,1.0000244733988972,0.9630294969524054,0.9554429242122704,32.34126119296916,0.020379335623191285
162.9022216796875,163.68465609606667,159.37149924746353,160.77987821220702,79724800,0.020588412148336177,3.2862396240234375,4.313156848603143,2.1223434674804764,160.8815704345703,161.9231918334961,165.36081237792968,166.97434417724608,0.01573625392287731,163.6212014902869,6.34747314453125,-6.0931549072265625,-7.6558837890625,-0.04491916084452241,98275500.0,-0.011627925654067228,0.0016379352116984158,0.012965352006196085,-0.02586422978881131,0.04054475002465896,-0.03605515742670551,-0.0448872468888043,1.012559867731643,0.985131962870241,0.9756122863208496,36.05052466787603,-0.001983520697540719
162.5794219970703,165.2005743290728,161.9143626273284,164.77023477279693,76678400,-0.001981554820362774,-0.3227996826171875,3.2862117017444064,-2.190812775726613,161.56423645019532,161.30506744384766,164.90180511474608,166.9097149658203,0.015586629757135331,163.52198439569486,3.413330078125,-6.181243896484375,-9.180145263671875,-0.03821144737898374,85381680.0,0.020588412148336177,-0.011627925654067228,0.0016379352116984158,0.016680065013822576,0.021445083164215895,-0.0366272784227053,-0.05344765016632713,1.0062834793713022,0.9859165694635074,0.9740560759471865,40.50298821567879,-0.01857956900088069
159.58665466308594,161.91439273743828,158.54016047816125,160.87767357199544,83737200,-0.018408032807733177,-2.992767333984375,3.374232259277022,-1.291018908909507,161.2356201171875,160.7466064453125,164.43675003051757,166.72193359375,0.015671301971885744,163.14719108782734,-1.6430816650390625,-5.5846099853515625,-9.301101684570312,0.09205721559135305,83734280.0,-0.001981554820362774,0.020588412148336177,-0.011627925654067228,0.012965352006196085,-0.010190934392494189,-0.03381102637458311,-0.05507268191439496,0.9897729456251474,0.9705047967286418,0.9572025181278755,41.05914262020342,-0.024003235877202177
155.80166625976562,161.39605234966348,155.54736648605487,159.7725035009549,96418800,-0.023717449377650413,-3.7849884033203125,5.848685863608608,-3.9708372411892867,160.0971893310547,159.96417694091798,163.79662399291993,166.4066827392578,0.016354786739406914,162.4476172946786,-5.6921539306640625,-7.8242950439453125,-12.802520751953125,0.15144523580917446,84006720.0,-0.018408032807733177,-0.001981554820362774,0.020588412148336177,0.0016379352116984158,-0.035246883899037185,-0.04781817617207096,-0.07593240108007104,0.9731692786785492,0.9511897282235812,0.9362704892320391,36.00233975931299,-0.011745078730225718
153.9824676513672,159.30300237550088,152.37848423515257,155.33216629168248,131148300,-0.011676374534822509,-1.8191986083984375,6.924518140348312,-1.349698640315296,158.97048645019532,159.2912811279297,163.10123748779296,166.04254455566405,0.01644925364220783,161.64141256674418,-5.633514404296875,-6.7289581298828125,-13.907730102539062,0.3601942774645608,93541500.0,-0.023717449377650413,-0.018408032807733177,-0.001981554820362774,-0.011627925654067228,-0.035294175005183726,-0.04186981788738431,-0.08283824957383779,0.9686229883910504,0.9440913510106982,0.9273675494640842,26.14236510872486,0.034399049886799954
159.37147521972656,159.8213797915154,155.90922322313332,157.9337564869507,91454900,0.034997539983322445,5.389007568359375,3.9121565683820734,1.4377187327758634,158.26433715820312,159.5729537963867,162.52028198242186,165.70706634521486,0.01799050184385599,161.4252280575044,-3.5307464599609375,2.8167266845703125,-11.619110107421875,-0.30266042335279986,95887520.0,-0.011676374534822509,-0.023717449377650413,-0.018408032807733177,0.020588412148336177,-0.021674022757672384,0.01799195943224796,-0.0679517535143328,1.006995499310857,0.9806251458323468,0.9617663189312069,37.179481837130474,-0.027562568064887095
155.0387725830078,156.86770104560523,152.55454474714313,156.68187121650197,105342000,-0.027186186428563963,-4.33270263671875,4.313156298462104,-1.6430986334941622,156.75620727539064,159.16022186279298,161.65178375244142,165.3052505493164,0.01852240701891168,160.81699420279043,-7.5406494140625,-4.1273193359375,-17.369964599609375,0.1518464292235846,101620240.0,0.034997539983322445,-0.011676374534822509,-0.023717449377650413,-0.001981554820362774,-0.04638132748558044,-0.0259308957465596,-0.10074874906838927,0.9890439126958104,0.9590910102200854,0.9378938180596644,36.439794339307475,-0.024199228563175922
151.3319854736328,155.78206635482195,151.1070406596988,155.43974670100266,96970100,-0.02390877486720544,-3.706787109375,4.675025695123139,-4.107761227369849,155.1052734375,158.17044677734376,160.8013771057129,164.8275408935547,0.018538800299883584,159.91366003810876,-8.254669189453125,-9.897750854492188,-17.008132934570312,-0.07947352433027666,104266820.0,-0.027186186428563963,0.034997539983322445,-0.011676374534822509,-0.018408032807733177,-0.05172531003222114,-0.06138911518374557,-0.10103434104357567,0.9756727293647587,0.9411112528852611,0.9181231768261513,34.44690933434846,-0.026921582955377575
147.31224060058594,150.73537736075448,146.80367102699051,148.1240148231261,108732100,-0.02656242737096215,-4.019744873046875,3.9317063337639695,-0.8117742225401514,153.40738830566406,156.75228881835938,159.92016220092773,164.29248962402343,0.018861678090061822,158.71352485358275,-8.489425659179688,-14.18157958984375,-17.624298095703125,0.121295120867154,106729480.0,-0.02390877486720544,-0.027186186428563963,0.034997539983322445,-0.023717449377650413,-0.05448867051925754,-0.08781499857468955,-0.10685502578756167,0.9602682258501556,0.9211611504964529,0.8966462248986786,33.5098410003812,0.02924532926242579
151.68405151367188,152.1535209372103,147.07749658833347,147.5860660782992,92964300,0.029677173432854254,4.3718109130859375,5.076024348876814,4.097985435372664,152.947705078125,155.95909576416017,159.24580154418945,163.85718139648438,0.020400137307166735,158.04405120216268,-2.2984161376953125,-7.9319305419921875,-13.487213134765625,-0.14501513352542628,99092680.0,-0.02656242737096215,-0.02390877486720544,-0.027186186428563963,-0.011676374534822509,-0.014926479441147666,-0.04969383666872418,-0.08165592945887279,0.9917380024511798,0.9525152314397485,0.9257089022338469,44.03728643351251,0.028602490982240828
156.08523559570312,156.48623515497343,151.06790582915622,153.60102317904168,102300200,0.029015470236398277,4.40118408203125,5.418329325817211,2.4842124166614497,152.29045715332032,155.27739715576172,158.6002944946289,163.42315826416015,0.02084885127017581,157.85749733488083,-3.2862396240234375,-6.816986083984375,-12.910140991210938,0.1004245715828549,101261740.0,0.029677173432854254,-0.02656242737096215,-0.02390877486720544,0.034997539983322445,-0.02061999877639753,-0.04184710321132712,-0.07639345674389664,1.0249180317225155,0.9841421549251224,0.955098636286322,46.38675324796178,0.006433721587065207
157.09268188476562,157.4643416281666,154.168353662837,155.12682808541686,75615400,0.006454462430207197,1.0074462890625,3.2959879653296014,1.9658537993487641,152.70123901367188,154.72872314453124,158.01689529418945,163.0544125366211,0.020969215627082673,157.7846577682032,2.0539093017578125,-5.4867401123046875,-11.667984008789062,-0.2608479748817696,95316420.0,0.029015470236398277,0.029677173432854254,-0.02656242737096215,-0.027186186428563963,0.013247713894652735,-0.03374806014751086,-0.0691392389749671,1.0287583971122891,0.9941511734697536,0.9634371707020409,45.024780127746844,0.020702932540581722
160.3788604736328,160.86788006337628,156.25153394230247,156.98506332691767,123511700,0.020918724853635995,3.2861785888671875,4.6163461210738035,3.393797146715144,154.51061401367187,154.80794372558594,157.77727508544922,162.84477111816406,0.02119437253437901,158.03172469252982,9.046875,0.792205810546875,-4.7924041748046875,0.633419911816905,100624740.0,0.006454462430207197,0.029015470236398277,0.029677173432854254,-0.02390877486720544,0.05978164478372139,0.004964110640826247,-0.029014757409560277,1.0379795685715267,1.0164889740095626,0.984857293067507,48.750008553383374,0.008501341505161865
161.74810791015625,162.6968070121453,159.4301451412394,159.9191646814939,95811400,0.008537580529502264,1.3692474365234375,3.2666618709059208,1.8289432286623537,157.39778747558594,155.402587890625,157.6833824157715,162.71955993652344,0.021212221482748195,158.38566595135137,14.435867309570312,5.946441650390625,-1.8778533935546875,-0.22427268024000968,98040600.0,0.020918724853635995,0.006454462430207197,0.029015470236398277,-0.02656242737096215,0.09799502913482194,0.0381667397605121,-0.011476500297340597,1.0276390189744256,1.0257777670171173,0.9940299001131385,52.417918877697744,0.020587304611489672
165.11257934570312,165.6993938917205,161.28844262082922,161.87525716684658,81532000,0.020800684960195603,3.364471435546875,4.410951270891275,3.2373221788565445,160.0834930419922,156.5155990600586,157.90344009399413,162.65831695556642,0.021297561433066332,159.02632436986107,13.42852783203125,11.130111694335938,4.401153564453125,-0.1490365447117984,95754140.0,0.008537580529502264,0.020918724853635995,0.006454462430207197,0.029677173432854254,0.08852959621019152,0.07228168157127923,0.027385442839911622,1.0314153958546601,1.0456553653765723,1.015088453121073,52.502197182631484,0.008199770858061688
166.47203063964844,168.84865833026834,163.9682381752626,164.30078278901993,98062700,0.008233481054759517,1.3594512939453125,4.880420155005737,2.171247850628504,162.16085205078124,157.22565460205078,158.39930419921876,162.62387237548828,0.02032883837869861,159.73543925269797,10.386795043945312,7.100555419921875,9.917282104492188,0.20275106706569201,94906640.0,0.020800684960195603,0.008537580529502264,0.020918724853635995,0.029015470236398277,0.06654566016000074,0.0445534899525295,0.06334705396856832,1.0265858160853591,1.050964405943833,1.0236629358774276,54.305508017744145,0.022424769977386946
170.24729919433594,170.31575418142768,166.47206709718986,167.30339150441574,90131400,0.02267809517419539,3.7752685546875,3.843687084237814,2.943907689920195,164.79177551269532,158.7465072631836,158.95336456298827,162.6084747314453,0.020579747756829136,160.7365687709492,13.154617309570312,15.208526611328125,11.081207275390625,-0.08087988603209983,97809840.0,0.008233481054759517,0.020800684960195603,0.008537580529502264,0.006454462430207197,0.08373793834151866,0.09809498848544784,0.06962040181921214,1.0331055579968573,1.0710518752616416,1.046976791803173,61.590809851630944,0.00372709423395426
170.8830108642578,171.43071043053845,168.95627243907444,170.06146151483682,80546200,0.003734048486703001,0.635711669921875,2.474437991464015,0.8215493494209909,166.89260559082032,160.70160980224608,159.43602828979493,162.59699920654296,0.020461158538293354,161.70289658935954,10.504150390625,19.551025390625,9.653274536132812,-0.10634695566694852,89216740.0,0.02267809517419539,0.008233481054759517,0.020800684960195603,0.020918724853635995,0.06549585375282008,0.12919294840039908,0.05987279242637378,1.0239100184175984,1.0717967118050418,1.0509604217676203,67.60267787970912,0.0050238851938698035
171.74366760253906,171.87080253422522,168.22272096176943,168.38898581373743,90371900,0.005036526064986724,0.86065673828125,3.6480815724557942,3.354681788801628,168.89171752929687,163.1447525024414,159.9485206604004,162.66798736572267,0.02046240006681488,162.65916049537663,9.995559692382812,24.431427001953125,10.249847412109375,0.12198837437396182,88128840.0,0.003734048486703001,0.02267809517419539,0.008233481054759517,0.008537580529502264,0.0617970733724742,0.16584790851287856,0.06346897608851543,1.0168862636662304,1.0737433950213389,1.0557926632264267,71.2050385006919,0.018953710012817336
175.02989196777344,175.0787819860724,172.46741925958432,172.8097389298353,100589400,0.019134471803872177,3.286224365234375,2.611362726488096,2.2201530379381325,170.87518005371095,165.47933654785157,160.71921615600587,162.78750854492188,0.020438968974535447,163.83732539750966,9.917312622070312,23.345840454101562,15.413909912109375,0.11306058631056781,91940320.0,0.005036526064986724,0.003734048486703001,0.02267809517419539,0.020800684960195603,0.06006394340982357,0.15391097627687844,0.09656871269152711,1.024314308916933,1.089041473409605,1.0752046857420465,69.68280869627262,-0.0066718106844985935
173.8660125732422,175.66560091058673,172.8195035873902,174.628881866762,92633200,-0.006649603570260676,-1.16387939453125,2.8460973231965454,-0.7628692935197989,172.35397644042968,167.25741424560547,161.26740570068358,162.94763458251953,0.020239354772724292,164.79243846186512,7.39398193359375,17.780776977539062,10.963790893554688,-0.07909580929998583,90854420.0,0.019134471803872177,0.005036526064986724,0.003734048486703001,0.008233481054759517,0.04441576104516343,0.11391709734542332,0.06730289360394748,1.0087728531945714,1.078122462613071,1.0670054402366511,75.71460844817281,-0.017935593215064077
170.77542114257812,174.1203133341303,170.5700263491638,173.93448350287292,103049300,-0.017775707770155136,-3.0905914306640625,3.550286984966476,-3.159062360294797,172.45960083007813,168.6256881713867,161.67720565795898,163.1156918334961,0.02076403292946947,165.36224633621873,0.5281219482421875,13.6827392578125,8.195999145507812,0.11244456631099875,93438000.0,-0.006649603570260676,0.019134471803872177,0.005036526064986724,0.02267809517419539,0.0031020870859121974,0.08709978780456096,0.050412278779386366,0.9902343523967715,1.0562739530757796,1.0469588745447058,77.01087391993175,-0.0017196788841697757
170.48199462890625,171.0394840841696,168.16404671715162,170.20814487239906,78751300,-0.0017182010836729322,-0.293426513671875,2.8754373670179803,0.27384975650718957,172.3793975830078,169.63600158691406,162.22197265625,163.3114813232422,0.020200198245193604,165.8498414117128,-0.4010162353515625,10.103134155273438,10.895339965820312,-0.23579005388682894,93079020.0,-0.017775707770155136,-0.006649603570260676,0.019134471803872177,0.003734048486703001,-0.002346729691403371,0.0629954229967511,0.06827224988719882,0.9889928670090179,1.0509180220003818,1.0439069760898896,85.90478847795399,0.023417029275137613
174.5212860107422,174.57019094673097,170.60912991069844,170.73627975953104,76468400,0.023693360642737638,4.0392913818359375,3.9610610360325325,3.7850062512111435,172.93492126464844,170.91331939697267,163.15795364379883,163.62908233642577,0.019611212710033576,166.675693278287,2.777618408203125,12.773178100585938,18.719619750976562,-0.02898872780512829,90298320.0,-0.0017182010836729322,-0.017775707770155136,-0.006649603570260676,0.005036526064986724,0.016173047000668905,0.07896956734529992,0.1201503180316803,1.009173189165571,1.0696462054908547,1.0665664288938672,85.75801464379866,-0.019123542552436132
171.2155303955078,174.38438259894033,170.58958593943765,173.60194829792937,73401800,-0.0189418476725578,-3.305755615234375,3.79479665950268,-2.386417902421556,172.17204895019532,171.52361450195312,164.01960678100585,163.89600158691405,0.020016482337761893,167.10805871802233,-3.814361572265625,6.1029510498046875,17.233062744140625,-0.04010283986587926,84860800.0,0.023693360642737638,-0.0017182010836729322,-0.017775707770155136,0.019134471803872177,-0.021792629415368192,0.036962362734499266,0.11191574603907584,0.9944444027905819,1.04387233792183,1.0446595935088276,74.53221789702287,-0.018623194907580822
168.05645751953125,169.81693085468368,166.39379406221198,168.57481703992445,89058800,-0.01845085471323249,-3.1590728759765625,3.423136792471695,-0.5183595203932043,171.01013793945313,171.68205718994142,164.4538558959961,164.13568634033203,0.019431575440400552,167.19838241340412,-5.8095550537109375,1.5844268798828125,8.684982299804688,0.2133053957804849,84145920.0,-0.0189418476725578,0.023693360642737638,-0.0017182010836729322,-0.006649603570260676,-0.03341397762408349,0.009517676175360146,0.054495211817739975,0.9827280390770303,1.0219064588294817,1.023887377977447,66.61720587867984,0.0018024833787141535
168.35964965820312,169.55285855113002,166.11994669119974,167.4011755212215,77594700,0.0018041088283480278,0.303192138671875,3.4329118599302717,0.9584741369816356,170.52698364257813,171.49329223632813,165.11989974975586,164.383193359375,0.01811054685129966,167.30897929386117,-2.415771484375,-1.8876495361328125,13.320877075195312,-0.12872506703436382,79055000.0,-0.01845085471323249,-0.0189418476725578,0.023693360642737638,-0.017775707770155136,-0.014145896805361158,-0.011087691523247512,0.08591964998989732,0.987290375176531,1.019620590330767,1.024190163346777,63.29854883500493,-0.011980264039867723
166.3546905517578,168.00757925318007,165.48423622614246,168.00757925318007,76575500,-0.011908786401704341,-2.0049591064453125,2.523343027037612,-1.6528887014222562,169.70152282714844,171.04046020507812,165.87103500366212,164.59978179931642,0.01730832337449246,167.21809465175608,-4.1273040771484375,-4.5283203125,15.022705078125,-0.013134917719895833,78619840.0,0.0018041088283480278,-0.01845085471323249,-0.0189418476725578,-0.0017182010836729322,-0.024209618652881626,-0.026499534913374756,0.09926986044032615,0.9802781246765854,1.0029158529582034,1.0106616711957797,57.51679032104658,-0.025847172159208433
162.1099853515625,165.31795249524248,161.8654755697351,165.00498773482366,72246700,-0.025515993484263477,-4.2447052001953125,3.4524769255073693,-2.8950023832611578,167.2192626953125,170.07709197998048,166.61092224121094,164.51443298339845,0.017209555090910076,166.73160805173765,-12.411300659179688,-9.633682250976562,14.797744750976562,-0.05652983003702228,77775500.0,-0.011908786401704341,0.0018041088283480278,-0.01845085471323249,0.023693360642737638,-0.07111625717917147,-0.056093376748373,0.10045156254936294,0.9694456412413471,0.9729853431629638,0.9853845794059991,45.23733225935431,0.011457598552178584
163.97805786132812,166.13951616252308,162.98045368647982,164.3301525745867,79265200,0.011523488239878699,1.868072509765625,3.1590624760432604,-0.3520947132585661,165.77176818847656,168.97190856933594,167.22562255859376,164.37951080322264,0.016290239225965078,166.46936517646054,-7.2374725341796875,-11.051834106445312,12.29400634765625,0.09714630564440996,78948180.0,-0.025515993484263477,-0.011908786401704341,0.0018041088283480278,-0.0189418476725578,-0.042271121769509645,-0.063142552293183,0.08105009211563785,0.9891796392911183,0.9805797422214546,0.9975577677538224,46.10691553951536,0.0162102960480679
166.65785217285156,167.28379658301122,163.10758048377514,163.71395993382896,70618900,0.016342395723394132,2.6797943115234375,4.176216099236086,2.9438922390226026,165.49204711914064,168.25109252929687,167.75425338745117,164.3015057373047,0.015494245889270286,166.48731631897397,-1.3986053466796875,-7.208160400390625,10.572616577148438,-0.10908065582374105,75260200.0,0.011523488239878699,-0.025515993484263477,-0.011908786401704341,-0.01845085471323249,-0.008322235082916407,-0.04145813373015694,0.06773617335936866,1.007044477810294,0.9934642419344961,1.0143415997618082,44.198467182735534,-0.030447062493120867
161.6600799560547,167.5087646523774,161.41557017548345,166.8730302686766,75329400,-0.029988219286621765,-4.997772216796875,6.093194476893956,-5.212950312621899,164.15213317871093,167.33955841064454,167.9826232910156,164.09951599121095,0.017168128265874404,166.02757952250548,-6.6995697021484375,-9.115341186523438,4.5673980712890625,0.06670310639219812,74807140.0,0.016342395723394132,0.011523488239878699,-0.025515993484263477,0.0018041088283480278,-0.03979320291857125,-0.053376189181891465,0.029074543871110636,0.9848186363807825,0.9623619204707402,0.9851344105409371,36.93539392629418,-0.001331758717843173
161.44493103027344,162.94132974863555,159.977872292766,160.32017704396847,69023900,-0.0013308723207345885,-0.21514892578125,2.963457455869559,1.1247539863049667,163.17018127441406,166.43585205078125,168.03592681884766,163.95065948486328,0.016558719850191247,165.59113680895956,-4.909759521484375,-9.037063598632812,1.066070556640625,-0.08370569790812088,73296820.0,-0.029988219286621765,0.016342395723394132,0.011523488239878699,-0.011908786401704341,-0.029513802737992534,-0.05300890348159104,0.006647201217743426,0.9894266818197673,0.9607762702098838,0.9847165698359317,35.13971710467797,0.014016579161772777
163.72377014160156,164.1345597736567,160.31042259224273,161.39604679422817,67723800,0.014115271980269295,2.278839111328125,3.8241371814139598,2.327723347373393,163.49293823242186,165.3561004638672,168.13470993041992,163.85305114746095,0.016747780984541914,165.4132923644493,1.6137847900390625,-10.797515869140625,1.9756622314453125,-0.018835504803408676,72392240.0,-0.0013308723207345885,-0.029988219286621765,0.016342395723394132,-0.025515993484263477,0.009954875922906892,-0.06186933477258483,0.012214437973782744,1.001411876939,0.9737654420634279,0.9992109942112519,33.19766740471108,-0.0010160987283434487
163.5574951171875,165.17126878968486,162.45232094308298,165.05389393478876,67929800,-0.0010155826748324825,-0.1662750244140625,2.7189478466018784,-1.4963988176012606,163.40882568359376,164.59029693603514,168.05695571899415,163.76639709472656,0.016069197855207707,165.236549769472,-0.420562744140625,-7.6580352783203125,-1.555084228515625,0.003041766705353277,70125160.0,0.014115271980269295,-0.0013308723207345885,-0.029988219286621765,0.011523488239878699,-0.0025647501234359327,-0.04472745702816938,-0.009418326784537023,1.0009098005139674,0.9732265732021819,0.9987243904656569,34.21210190755333,-0.004855547920848448
162.7652587890625,167.7630389892028,162.26646424033356,165.200581424204,87227800,-0.004843778804250909,-0.792236328125,5.49657474886925,-2.435322635141489,162.63030700683595,164.0611770629883,167.87161712646486,163.60189056396484,0.015967285450693286,165.0011887237187,-3.8925933837890625,-5.29119873046875,-3.7067718505859375,0.28408739610598,73446940.0,-0.0010155826748324825,0.014115271980269295,-0.0013308723207345885,0.016342395723394132,-0.023356795572715083,-0.031484649912091656,-0.022266634439089383,1.0008298070926034,0.9695817647747116,0.9948861729407996,36.80305210561299,-0.02821551234925292
158.2369384765625,164.1834179598548,157.95331370568275,162.8043941791054,84882400,-0.02782117232012349,-4.5283203125,6.230104254172062,-4.567455702542901,161.9456787109375,163.0489059448242,167.27109909057617,163.31845458984375,0.016018002863139955,164.35697441446575,-3.4231414794921875,-10.122711181640625,-12.010360717773438,-0.02688821682995557,75357540.0,-0.004843778804250909,-0.0010155826748324825,0.014115271980269295,-0.029988219286621765,-0.021174933727749812,-0.06012551821170531,-0.070546556536346,0.9770988626316183,0.945990905403678,0.968885842533577,32.29635643249826,0.006714585489935759
159.30300903320312,159.58663379803306,154.9800781201004,157.58165071304833,96046400,0.006737178859148152,1.066070556640625,4.6065556779326755,1.721358320154792,161.51729431152344,162.34373779296874,166.69209899902344,163.13771240234374,0.016103518082015402,163.87564437815504,-2.1419219970703125,-7.0516815185546875,-11.580001831054688,0.13152314260671227,80762040.0,-0.02782117232012349,-0.004843778804250909,-0.0010155826748324825,-0.0013308723207345885,-0.013267198811393266,-0.042389436060780605,-0.06776567063330452,0.9862907233076258,0.9556722243574147,0.976494071709899,25.92822866499293,-0.03804258908676531
153.35653686523438,158.77486701882205,153.2782919448604,158.68684707978605,95623200,-0.037328059300683614,-5.94647216796875,5.496575073961651,-5.330310214551673,159.44384765625,161.46839294433593,165.7727424621582,162.90611236572266,0.017650329401258734,162.87382461501974,-10.367233276367188,-8.753448486328125,-18.387130737304688,-0.004406203668226971,86341920.0,0.006737178859148152,-0.02782117232012349,-0.004843778804250909,0.014115271980269295,-0.06332149123734909,-0.05399697290296346,-0.10706147710701885,0.9618216012690596,0.9251010424722983,0.9413798821799296,23.929185104797185,-0.0014678879063406538
153.131591796875,156.28086402556207,151.96772285920957,152.48608239761126,88063200,-0.0014668110858362393,-0.224945068359375,4.313141166352494,0.6455093992637444,157.3586669921875,160.3837463378906,164.67782745361328,162.6653189086914,0.016713474075009154,161.94599291805358,-10.4259033203125,-10.846466064453125,-21.898300170898438,-0.0790603117235148,90368600.0,-0.037328059300683614,0.006737178859148152,-0.02782117232012349,-0.0010155826748324825,-0.06374457687091895,-0.06614583808295671,-0.1251117733360103,0.9731373220419924,0.92988591217606,0.9413905362508898,26.17115365687998,0.044165393987623855
160.04627990722656,160.90695888742488,155.43971026835996,155.75268986977346,130216800,0.04515520298073894,6.9146881103515625,5.467248619064918,4.2935900374531,156.81487121582032,159.72258911132812,163.9868408203125,162.48633697509766,0.020318918648865758,161.76506786940337,-2.7189788818359375,-6.611572265625,-13.819732666015625,0.47867440656255966,98966400.0,-0.0014668110858362393,-0.037328059300683614,0.006737178859148152,-0.004843778804250909,-0.016704909278948965,-0.039671531700574914,-0.07948495776420927,1.0206065194350027,0.9759702614345515,0.9849830015661868,39.04067677554816,-0.03729145136601277
154.18783569335938,162.5500717654253,153.79662607980254,158.28582131341926,131747600,-0.036604688451759904,-5.8584442138671875,8.75344568562275,-4.097985620059887,156.0050506591797,158.9753646850586,163.15746154785157,162.19488037109375,0.021401256477567437,161.04342670978014,-4.049102783203125,-7.4722442626953125,-16.58758544921875,0.011755779592187876,108339440.0,0.04515520298073894,-0.0014668110858362393,-0.037328059300683614,-0.02782117232012349,-0.025588859479879655,-0.04622195080397429,-0.0971309883953968,0.9883515632465623,0.9450247278340896,0.9506331848489011,35.440000788836215,0.001964747207850165
154.49107360839844,154.7551334388098,149.9040675207667,153.2685246478865,123055300,0.0019666785883298843,0.3032379150390625,4.851065918043105,1.2225489605119435,155.04266357421875,158.27997894287108,162.35791549682617,161.98127655029296,0.021445708194023402,160.41939308107712,-4.8119354248046875,-6.953857421875,-15.990921020507812,-0.06597691343144008,113741220.0,-0.036604688451759904,0.04515520298073894,-0.0014668110858362393,0.006737178859148152,-0.030206180372912783,-0.04307262778396581,-0.0937982984966581,0.9964423343026724,0.9515462990248756,0.9537588349628241,39.93281188820692,0.009576578284629596
155.97767639160156,157.18067526746918,152.88708408047324,154.67688255687574,88966500,0.009622580440934447,1.486602783203125,4.29359118699594,1.3007938347258232,155.5668914794922,157.5053695678711,161.43073501586915,161.82831085205078,0.020682657268042512,159.9963724439842,2.6211395263671875,-7.74609375,-18.543609619140625,-0.27702016898093784,112409880.0,0.0019666785883298843,-0.036604688451759904,0.04515520298073894,-0.037328059300683614,0.01709180175782521,-0.04731196785476266,-0.10625414264939137,1.002640567721079,0.9662204435621784,0.9638466568077938,39.321105558956916,0.04018965774813
162.37403869628906,162.82392827829534,155.7624855158091,156.163485086847,108256500,0.041008190740248196,6.3963623046875,7.0614427624862515,6.210553609442059,157.415380859375,157.38702392578125,160.9886604309082,161.86156311035157,0.02284733188620152,160.22281684896564,9.242446899414062,-1.1834564208984375,-8.84149169921875,0.21682318625550057,116448540.0,0.009622580440934447,0.0019666785883298843,-0.036604688451759904,-0.0014668110858362393,0.06035623865044082,-0.007235721114770666,-0.05163954273771143,1.031500465900113,1.0086054400457318,1.0031661351595136,44.798093143082454,-0.057328292908369424
153.32720947265625,160.47667363266967,151.5471709663278,160.25172879543595,130525300,-0.05571598327091176,-9.046829223632812,8.929502666341875,-6.924519322779702,156.07156677246093,156.44321899414064,160.25219802856446,161.79701232910156,0.025581183042362787,159.56609233693618,-6.7190704345703125,-9.43804931640625,-14.729248046875,0.20570404548456667,116510240.0,0.041008190740248196,0.009622580440934447,0.0019666785883298843,0.04515520298073894,-0.04198204693333163,-0.057985649926914684,-0.08764464195113231,0.9824160328716011,0.9567869355859078,0.9476516733249846,40.787210876733525,0.004715859589266809
154.05198669433594,156.16765847712838,151.01560506464577,152.80804796848787,116124600,0.004726996755321178,0.7247772216796875,5.152053412482616,1.2439387258480679,156.04439697265624,156.02472381591798,159.53681488037108,161.69473022460937,0.025625979906730968,159.04093941859333,-0.1358489990234375,-4.1849517822265625,-14.307662963867188,-0.11032880215559737,113385640.0,-0.05571598327091176,0.041008190740248196,0.009622580440934447,-0.036604688451759904,-0.0008810617154884071,-0.02644737583093737,-0.0849827318654679,0.9872317730275862,0.9656202977967941,0.9527335026957469,41.91747046439546,-0.03375230188408584
148.93914794921875,152.63177739233632,148.38085428930862,151.75023984870148,131577900,-0.033189047767763546,-5.1128387451171875,4.250923103027702,-2.811091899482733,154.93401184082032,154.98833770751952,158.66603775024413,161.44891845703125,0.02639672173605153,158.07886404055768,-5.5519256591796875,-10.363861083984375,-17.415542602539062,0.133075162368697,115090160.0,0.004726996755321178,-0.05571598327091176,0.041008190740248196,0.0019666785883298843,-0.035936870199068105,-0.06505753498870981,-0.10468921882981463,0.9613069859847125,0.9386958296876584,0.9225156128181687,34.77949291838192,0.015983656522099276
151.3388671875,153.5231099451531,149.7912929478581,152.32814774676658,115366700,0.016112078465088553,2.39971923828125,3.731816997294999,-0.9892805592665752,154.00625,154.78657073974608,158.12748184204102,161.24581939697265,0.026350071528516334,157.43695957836172,-4.6388092041015625,-2.017669677734375,-10.7711181640625,-0.1232061007205617,120370200.0,-0.033189047767763546,0.004726996755321178,-0.05571598327091176,0.009622580440934447,-0.029740212262524324,-0.013156724316925938,-0.06644327393345661,0.9826800353070086,0.9570687234409867,0.9385599437770066,37.97415696251198,-0.053233228448723524
143.4932861328125,152.25959652859348,142.8174450559726,150.34962062380012,142689800,-0.051841150925011736,-7.8455810546875,9.442151472620878,-6.856334490987621,150.2300994873047,153.82274017333984,157.10324325561524,160.92336547851562,0.02824082122368724,156.1089906787856,-18.880752563476562,-9.6383056640625,-20.484771728515625,0.23683697288732364,127256860.0,0.016112078465088553,-0.033189047767763546,0.004726996755321178,0.041008190740248196,-0.11627938009715877,-0.06294132746198744,-0.12492385868991718,0.9551567004383067,0.9133693433644866,0.8916870816498668,33.34455996949028,-0.027262640442966567
139.63412475585938,143.19941752795359,135.95129962230052,139.8398213340432,182602000,-0.02689436893501218,-3.859161376953125,7.248117905653061,-0.2056965781838187,147.49148254394532,151.78152465820312,155.75205688476564,160.45800354003907,0.028073294219681796,154.5399558289831,-13.693084716796875,-20.412155151367188,-27.023727416992188,0.2797130558736505,137672200.0,-0.051841150925011736,0.016112078465088553,-0.033189047767763546,-0.05571598327091176,-0.08930629314843719,-0.1275390790913692,-0.1621509401727087,0.946726701416505,0.8965154460795902,0.8702222492816726,33.73474140571717,0.03141766076853798
144.0907440185547,145.0604308345469,140.17283922837782,141.62245981596948,113990900,0.03191640489377079,4.4566192626953125,4.887591606169082,2.4682842025852096,145.49923400878907,150.77181549072264,154.87359008789062,160.08822998046875,0.028969608443929384,153.5447927994185,-9.96124267578125,-10.097091674804688,-17.5693359375,-0.3757412295593695,137245460.0,-0.02689436893501218,-0.051841150925011736,0.016112078465088553,0.004726996755321178,-0.06466156580989746,-0.06548565669528728,-0.10868073269712597,0.990319605461639,0.9303764698473337,0.9000708174244552,37.44371118159099,-0.01072977230566247
142.55294799804688,144.49232147743598,141.22085987637433,142.56275232444813,86643800,-0.010672413630606226,-1.5377960205078125,3.2714616010616453,-0.009804326401251728,144.22199401855468,149.5780029296875,153.9289909362793,159.74755584716797,0.028976965671804595,152.4979504373831,-6.386199951171875,-11.938125610351562,-18.891983032226562,-0.23990599249589217,128258640.0,0.03191640489377079,-0.02689436893501218,-0.051841150925011736,-0.033189047767763546,-0.0428779138265869,-0.07727388600206209,-0.11701812445684046,0.988427243487612,0.9260955141131169,0.8923638752534571,40.38272208638956,0.025105047122628375
146.1770477294922,146.69616897048812,143.6695758585412,145.80484195458106,78336300,0.025422832584949262,3.6240997314453125,3.0265931119469087,0.37220577491112294,143.18963012695312,148.59794006347656,153.05165481567383,159.5550634765625,0.029491762579759516,151.89595970329827,-5.1618194580078125,-9.800628662109375,-17.546722412109375,-0.09588106708154531,120852560.0,-0.010672413630606226,0.03191640489377079,-0.02689436893501218,0.016112078465088553,-0.034107691923005,-0.06283353418795434,-0.10717272389301535,1.0208633655935169,0.9550830920811604,0.9161542388215372,44.16239493801756,-0.05807350262868252
137.92982482910156,144.33559163369299,137.02869370903522,143.8360642275501,109742900,-0.05641941076585788,-8.247222900390625,7.306897924657761,-5.906239398448548,142.07693786621093,146.1535186767578,151.77027130126953,159.23401062011717,0.03160108286694975,150.56585162004143,-5.5634613037109375,-24.4442138671875,-25.627670288085938,0.4009201353650862,114263180.0,0.025422832584949262,-0.010672413630606226,0.03191640489377079,-0.051841150925011736,-0.03877157917034246,-0.1505426240761859,-0.15668906074725553,0.970810793789668,0.9088066038658245,0.866208320018763,31.841779801838896,-0.02495000051167674
134.5310516357422,138.7525913397019,133.7964445425997,137.00912503429328,136095600,-0.024641321755976553,-3.398773193359375,4.956146797102207,-2.478073398551089,141.0563232421875,144.2739028930664,150.35856094360352,158.7372021484375,0.031806206093902764,149.03872781201292,-5.1030731201171875,-18.796157836914062,-28.234207153320312,0.24013125222679554,104961900.0,-0.05641941076585788,0.025422832584949262,-0.010672413630606226,-0.02689436893501218,-0.03654603148793001,-0.12258853403489411,-0.1734658081422078,0.9537399568026333,0.8947348976437869,0.8475080183783271,33.18197163946098,0.0017457421453240995
134.76611328125,137.81228455615957,129.88832647827988,136.2353274341848,137426100,0.0017472668402553904,0.2350616455078125,7.923958077879689,-1.4692141529347964,139.19139709472657,142.3453155517578,149.18501968383788,158.33174896240234,0.031571468461906976,147.6794311900355,-9.324630737304688,-19.285873413085938,-23.4708251953125,0.009776216130426008,109648940.0,-0.024641321755976553,-0.05641941076585788,0.025422832584949262,0.03191640489377079,-0.0647135997583852,-0.1251906828787105,-0.14832709366902286,0.9682072031329282,0.9033488319863126,0.8511629168781034,33.103929988542475,0.03933553334693515
140.1728515625,140.31976702681078,134.82490447725766,134.96203055915507,117726300,0.04011941985717438,5.40673828125,5.494862549553119,5.2108210033449325,138.7153778076172,141.46868591308595,148.22851181030273,158.1085662841797,0.033204931899757935,146.96451884455593,-2.380096435546875,-8.76629638671875,-19.130157470703125,-0.1433483159312532,115865440.0,0.0017472668402553904,-0.024641321755976553,-0.05641941076585788,-0.010672413630606226,-0.0166962273946063,-0.058858241821738155,-0.12008660468375632,1.0105069371393283,0.9456537736942805,0.8865607655347241,37.313835370440636,-0.019402999678329567
137.4792938232422,139.05625126128453,134.51148183512868,137.92005516834,104132700,-0.01921597305921119,-2.6935577392578125,4.544769426155852,-0.44076134509782605,136.9758270263672,140.08272857666014,147.4346496582031,157.9119073486328,0.03254156612804548,146.06116408062127,-8.69775390625,-13.859573364257812,-15.877243041992188,-0.11546782664536304,121024720.0,0.04011941985717438,0.0017472668402553904,-0.024641321755976553,0.025422832584949262,-0.05950150205759819,-0.09157973507946648,-0.10353157006893476,1.0036755886626483,0.932476145478418,0.8706075186573476,28.754680735916637,0.001139104463697956
137.635986328125,138.87991021944293,135.50072064953915,135.58886991195646,92482700,0.0011397534896002703,0.1566925048828125,3.3791895699037866,2.047116416168535,136.91705932617188,139.49699859619142,146.6598693847656,157.63094604492187,0.03256143521650675,145.25876619943114,-0.2938385009765625,-5.8572998046875,-15.49560546875,-0.11187648068282108,117572680.0,-0.01921597305921119,0.04011941985717438,0.0017472668402553904,-0.05641941076585788,-0.0021303478152070454,-0.04081933003657179,-0.1011914346799484,1.0052508212306872,0.9384706730307645,0.8731533355696623,34.21362889731506,0.022934473047311676
140.82907104492188,141.37757526410218,134.32535040420584,134.57021942674126,90601500,0.02319949020588652,3.193084716796875,7.0522248598963415,6.258851618180614,138.17666320800782,139.61649322509766,145.6990089416504,157.32582275390624,0.031126631452591185,144.83689047043026,6.2980194091796875,1.1949462890625,-19.217208862304688,-0.02034110163306213,108473860.0,0.0011397534896002703,-0.01921597305921119,0.04011941985717438,-0.024641321755976553,0.04681461515838192,0.008557695270778432,-0.12007282439457045,1.019195772826857,0.9665753533115737,0.8951427590193565,37.32634689291283,0.03994795860931888
146.56878662109375,146.60795908464218,142.27867700009156,142.40601366145458,90978500,0.04075661036165612,5.739715576171875,4.329282084550613,4.16277295963917,140.53719787597657,139.86429748535156,145.31805648803712,157.11534484863282,0.03190854085088467,145.00183296096964,11.80267333984375,2.4780426025390625,-7.619049072265625,0.004161079010833069,99184340.0,0.02319949020588652,0.0011397534896002703,-0.01921597305921119,0.0017472668402553904,0.08757893993137711,0.01719779170700897,-0.04941407367192041,1.0429180945420586,1.008606845998932,0.9328737862129267,47.75507703121713,-0.005360322772673011
145.7852325439453,147.56788638378129,143.82628016379354,146.01052282850958,103718400,-0.005345981877942885,-0.7835540771484375,3.7416062199877445,-0.22529028456426659,141.65967407226563,140.1875259399414,144.88276443481445,156.82347229003906,0.03190207824881007,145.07644244506255,5.6123809814453125,3.2322845458984375,-8.705841064453125,0.14003198557901042,96382760.0,0.04075661036165612,0.02319949020588652,0.0011397534896002703,0.04011941985717438,0.04003900126796567,0.022674273603536577,-0.056351741632144736,1.029123026709599,1.0062289542351803,0.9296135993872209,44.57416101889725,-0.0008737165096707534
145.6579132080078,148.62572491730577,144.6490389655957,146.8234773391278,74286600,-0.0008733349305398708,-0.1273193359375,3.976685951710067,-1.165564131119993,143.29539794921874,140.13561248779297,144.36677627563478,156.5016683959961,0.03177984898389985,145.13182061296212,8.178619384765625,-0.519134521484375,-10.31976318359375,-0.28376642910033323,90413540.0,-0.005345981877942885,0.04075661036165612,0.02319949020588652,-0.01921597305921119,0.0594898268482591,-0.0035514092639568062,-0.06616179585650894,1.0164870281432645,1.0089434492178997,0.9307115681313356,52.49040168108829,0.016671252308119115
148.1065673828125,148.16533354946895,143.84584095281429,144.79593383540592,72348100,0.016810993106209482,2.4486541748046875,4.319492596654669,3.3106335474065816,145.38951416015624,141.15328674316407,143.65340270996094,156.1615481567383,0.030451807627082533,145.41512982913832,10.4705810546875,10.176742553710938,-14.267471313476562,-0.026094881176416784,86386620.0,-0.0008733349305398708,-0.005345981877942885,0.04075661036165612,0.0011397534896002703,0.07607444342154501,0.07378203058200183,-0.0878679339876679,1.0186880961694613,1.0309993678454146,0.9484189234225504,60.07451420973714,-0.03931836159837543
142.39625549316406,144.93309527765794,141.49513917786348,143.88504856420633,88570300,-0.038555426613115285,-5.7103118896484375,3.4379560997944623,-1.4887930710422665,145.70295104980468,141.93980712890624,143.10685501098632,155.68003265380858,0.029135484358043136,145.12761798761696,1.5671844482421875,7.865203857421875,-10.930953979492188,0.22422427126628075,85980380.0,0.016810993106209482,-0.0008733349305398708,-0.005345981877942885,0.02319949020588652,0.011128273705237168,0.0584638547145071,-0.07129167756386756,0.9773052259215373,0.9950344830248159,0.9146725695376482,48.04343245199406,0.005213729117476999
143.14060974121094,145.52074398839235,141.9260542251629,144.0123427084728,71598400,0.005227344254727262,0.744354248046875,3.594689763229468,-0.8717329672618632,145.01731567382814,142.77725677490236,142.56128616333007,155.1378988647461,0.029142939698526233,144.93837910700688,-3.4281768798828125,8.374496459960938,-10.911376953125,-0.19162066742463335,82104360.0,-0.038555426613115285,0.016810993106209482,-0.0008733349305398708,0.04075661036165612,-0.023389542609404623,0.06214096597476093,-0.07082918686907258,0.987058745889089,1.0040636809155687,0.9226669356016305,50.69121810387313,0.01743338017277916
145.6579132080078,145.94195473174813,141.14252729935507,141.3873963509184,67808200,0.017586228473862153,2.517303466796875,4.79942743239306,4.2705168570894045,144.99185180664062,143.3257629394531,142.39722442626953,154.6333969116211,0.028605115063205934,145.00690616424507,-0.1273193359375,5.4850616455078125,-3.2812347412109375,-0.05293693713826009,74922320.0,0.005227344254727262,-0.038555426613115285,0.016810993106209482,-0.005345981877942885,-0.0008733349305398708,0.03913069887903475,-0.02203070707997934,1.004593785051145,1.0228985417017493,0.9419563698213063,49.37306143268233,-0.005056110924137696
144.92330932617188,146.7940975636926,144.43357121198528,145.53057980516448,53950200,-0.005043350310716566,-0.7346038818359375,2.360526351707307,-0.6072704789926036,144.84493103027344,144.0701644897461,142.07644653320312,154.09698974609375,0.028339808425448528,144.99894456061904,-0.7346038818359375,7.4440155029296875,-6.415557861328125,-0.2043705628522804,70855040.0,0.017586228473862153,0.005227344254727262,-0.038555426613115285,-0.0008733349305398708,-0.005043350310716566,0.05414644850082295,-0.04239200398784293,1.0005411186662931,1.020037542199533,0.9404681400004153,60.31800133003331,-0.036617786847456806
139.7125244140625,144.91354212801434,139.604781403511,144.06140237359568,69473000,-0.03595546455802856,-5.210784912109375,5.308760724503344,-4.3488779595331835,143.16612243652344,144.27781829833984,141.8874084472656,153.39064239501954,0.027056411222296742,144.4954759752327,-8.39404296875,2.0765380859375,-3.78076171875,0.28772460528413246,70280020.0,-0.005043350310716566,0.017586228473862153,0.005227344254727262,0.016810993106209482,-0.056675697216409304,0.015087174083869392,-0.026348004290950966,0.9758769884684683,0.9846717615255378,0.910828211112563,57.25661171347867,-0.03939490538421963
134.31556701660156,137.87105521943323,134.24699651333503,137.40091085996173,91437900,-0.038629016404185146,-5.3969573974609375,3.6240587060981966,-3.085343843360164,141.54998474121095,143.6264678955078,141.62148056030273,152.59963348388672,0.02776578807555829,143.52596083631545,-8.0806884765625,-6.5135040283203125,-5.3185577392578125,0.31616455313575065,70853540.0,-0.03595546455802856,-0.005043350310716566,0.017586228473862153,-0.038555426613115285,-0.056747900066448254,-0.04625113252534785,-0.03808924035264982,0.948891427026038,0.9484123911514236,0.8801827628949331,49.44871975352114,-0.03903690510173078
129.17332458496094,132.4251777606438,128.7423526705115,130.14299644685158,122207100,-0.03828478370645627,-5.142242431640625,3.6828250901322974,-0.9696718618906459,138.75652770996095,141.88692169189454,140.87560958862304,151.7675915527344,0.027746871315956836,142.15904309809122,-13.96728515625,-17.395462036132812,-14.91741943359375,0.33650379109756456,80975280.0,-0.038629016404185146,-0.03595546455802856,-0.005043350310716566,0.005227344254727262,-0.097577376409825,-0.11868462881597808,-0.10352795063416997,0.9309351186343353,0.9169317879948528,0.8511258778200834,36.45349634777249,0.006650446677938367
130.03524780273438,131.1420606306549,128.7815195311164,130.39766413988795,84784300,0.0066726100032095115,0.8619232177734375,2.3605410995384943,-0.3624163371535758,135.63199462890626,140.31192321777343,140.2497245788574,150.95865661621093,0.02783384987562139,141.00439592710484,-15.622665405273438,-15.749984741210938,-12.5177001953125,-0.3062244337685781,84370500.0,-0.03828478370645627,-0.038629016404185146,-0.03595546455802856,0.017586228473862153,-0.10725586451979019,-0.1080355291573396,-0.08781088270081938,0.9587357920858955,0.9271693630287323,0.8613964294431217,40.39911566529577,0.019911704770387204
132.65042114257812,134.52122379977993,129.44754553707168,131.5338191539686,91533000,0.020111265091838915,2.61517333984375,5.073678262708256,1.116601988609517,133.1774169921875,139.01117401123048,139.57339324951172,150.12123931884764,0.027560179142658882,140.20877928095945,-12.27288818359375,-13.007492065429688,-13.526626586914062,0.07959846339475596,91887060.0,0.0066726100032095115,-0.03828478370645627,-0.038629016404185146,-0.005043350310716566,-0.0846853983714363,-0.08930165055196315,-0.09253591310686304,0.9960429038082314,0.9503990556813534,0.8836219428007609,43.953370104071894,-0.04045856310812761
127.39069366455078,129.67287538890463,126.39162358728844,129.36924010699727,108123900,-0.03965104243712858,-5.259727478027344,3.281251801616193,-1.9785464424464863,130.71305084228516,136.9395866394043,139.04643669128419,149.2447425842285,0.02611405685174252,138.98800922225388,-12.321830749511719,-20.71587371826172,-10.539131164550781,0.18125594048048255,99617240.0,0.020111265091838915,0.0066726100032095115,-0.03828478370645627,-0.03595546455802856,-0.08819417443917787,-0.13987140532882103,-0.0764093710523378,0.974582819723617,0.9161737380396745,0.8535690534804329,34.47959987671054,0.011467145653635899
128.8599090576172,130.34871732723784,127.14582540730095,127.4004988291183,134520300,0.011533145403346268,1.4692153930664062,3.2028919199368886,1.4594102284988821,129.62191925048828,135.5859519958496,138.76287956237792,148.46081161499023,0.025834253030822145,138.02342825419325,-5.455657958984375,-13.536346435546875,-5.671142578125,0.24413103855854246,108233720.0,-0.03965104243712858,0.020111265091838915,0.0066726100032095115,-0.038629016404185146,-0.040618210384430364,-0.0950611123071049,-0.042154896651519946,0.9941212859886873,0.9286338642150399,0.8679725488218069,27.309183632770427,0.03223551946835956
133.08145141601562,134.24703070343926,130.58379859510612,130.68173726606173,81000500,0.032760711917861673,4.2215423583984375,3.6632321083331476,2.399714149953894,130.4035446166992,134.58003616333008,138.67864646911622,147.7552476501465,0.026966400751555333,137.55276379341444,3.9081268310546875,-10.059158325195312,-1.684661865234375,-0.3978566803672011,99992400.0,0.011533145403346268,-0.03965104243712858,0.020111265091838915,-0.03828478370645627,0.030254906294404416,-0.07027466449515363,-0.012500634055673698,1.0205355368766065,0.9596390994892852,0.9006884935222379,35.040335419342455,-0.0038346107199734355
132.57211303710938,134.93263938077834,131.16166488175563,132.0235937967665,73409200,-0.003827267988790184,-0.50933837890625,3.7709744990227136,0.5485192403428698,130.91091766357422,133.27145614624024,138.2986095428467,147.07959609985352,0.025236034497175576,137.07841610233777,2.536865234375,-13.085800170898438,-7.600738525390625,-0.0937191745729965,97717380.0,0.032760711917861673,0.011533145403346268,-0.03965104243712858,0.0066726100032095115,0.01950905833027261,-0.08983926710669787,-0.05422404153632865,1.0126895098069988,0.9585932459865898,0.9013630479859701,34.72788422702979,0.02134432510639536
135.43218994140625,135.74561458048865,132.84637315008302,134.01195231906672,72433800,0.021573744573991194,2.860076904296875,2.899241430405624,1.4202376223395277,131.46727142333984,132.32234420776368,138.19625434875488,146.54604019165038,0.025459486641294642,136.92163265843953,2.781768798828125,-9.491119384765625,-2.0471038818359375,-0.013287162916909567,93897540.0,-0.003827267988790184,0.032760711917861673,0.011533145403346268,0.020111265091838915,0.020970674460491612,-0.06549063383174902,-0.014890270562983199,1.030158977783139,0.9799989918657768,0.9241613745706836,35.348744913420106,0.02422126611445576
138.75257873535156,138.99744774415504,136.901369626622,137.02869134817942,89116800,0.024516983705143103,3.3203887939453125,2.0960781175330396,1.723887387172141,133.7396484375,132.2263496398926,138.2520839691162,146.04153060913086,0.02606524188020885,137.0960084752883,11.361885070800781,-0.9599456787109375,1.1165924072265625,0.23032065140859648,90096120.0,0.021573744573991194,-0.003827267988790184,0.032760711917861673,-0.03965104243712858,0.08918928646953805,-0.006870863458640075,0.008112648712122361,1.0374827536666829,1.0036201607373034,0.9500898693448535,45.54166313485352,0.0
138.75257873535156,140.5450216732672,138.07673787975503,139.77122723590202,70207900,0.0,0.0,2.468283793512171,-1.018648500550455,135.7181823730469,132.67005081176757,138.14825935363768,145.48342514038086,0.025523204682293372,137.2537770714848,9.892669677734375,4.43701171875,-2.0764923095703125,-0.2121810926783727,77233640.0,0.024516983705143103,0.021573744573991194,-0.003827267988790184,0.011533145403346268,0.07677073303932769,0.03303423286893903,-0.014744770338703361,1.0223580680882098,1.0043744263195304,0.9537346168573189,44.531268719642085,-0.0302421603423089
134.6192169189453,140.47648065381134,134.50168455265504,139.21296287932694,67083400,-0.029789441422130136,-4.13336181640625,5.974796101156301,-4.593745960381625,136.0257354736328,133.21464004516602,137.55078086853027,144.94260787963867,0.024380681659311537,137.00286658076675,1.5377655029296875,5.445892333984375,-11.949569702148438,-0.04450353877555091,74450220.0,0.0,0.024516983705143103,0.021573744573991194,0.032760711917861673,0.01155507012109891,0.04215957397924264,-0.08152874822550171,0.9896599084740098,0.9786874059814541,0.9287760092652261,36.77535960327103,0.01293935723276742
136.37242126464844,137.7828689094639,133.86496542747236,134.63875973471048,66242400,0.013023432952806058,1.753204345703125,3.9179034819915444,1.7336615299379616,136.78579711914062,133.8483573913574,137.08014030456542,144.44115768432619,0.024669936695166185,136.94282416970785,3.8003082275390625,6.3371734619140625,-9.412811279296875,-0.012536633503966721,73016860.0,-0.029789441422130136,0.0,0.024516983705143103,-0.003827267988790184,0.028665970093388227,0.04873427450630663,-0.06456628778542084,0.9969779329199497,0.9948371876601193,0.9441382459886409,39.99988222370216,-0.018191948904913605
133.91397094726562,135.5301005021527,131.02451949836083,134.43309207438057,98964500,-0.018027474283908718,-2.4584503173828125,4.50558100379186,-0.5191211271149427,136.4821533203125,133.97471237182617,136.49294319152833,143.84496170043946,0.02488789502132568,136.65436195804668,-1.518218994140625,1.2635498046875,-11.743942260742188,0.49397515790490676,78323000.0,0.013023432952806058,-0.029789441422130136,0.0,0.021573744573991194,-0.011210178280344318,0.009525411180786092,-0.08062687431180737,0.981183016895846,0.9811054536303473,0.9309604546744199,42.75209847628021,0.016035059517118314
136.07859802246094,136.18634098386156,132.87572215700436,133.2479128863371,71051600,0.016164311011639843,2.1646270751953125,3.310618826857194,2.830685136123833,135.94735717773438,134.8435028076172,135.89154472351075,143.29538375854492,0.024859979383606633,136.5995272975147,-2.673980712890625,8.687904357910156,-12.027969360351562,-0.28204962385501875,74709960.0,-0.018027474283908718,0.013023432952806058,-0.029789441422130136,0.024516983705143103,-0.01927157489440834,0.06819889356115305,-0.08121158685193719,1.0009653798900628,1.001376489606699,0.9496369977399665,52.39742442143477,0.01875364807675805
138.65464782714844,138.70362462604172,134.11966825992553,134.94243962271915,73353800,0.01893060218229392,2.5760498046875,4.583956366116183,3.712208204429288,135.92777099609376,135.8229766845703,135.70446434020997,142.81317153930664,0.023952552101475538,136.79525306224173,-0.097930908203125,9.79473876953125,-3.741607666015625,0.032401803759521286,75339140.0,0.016164311011639843,-0.018027474283908718,0.013023432952806058,0.0,-0.0007057952298668013,0.07601075339228847,-0.026276025679588533,1.0200612193598986,1.0217397673781932,0.9708813713235572,63.8603357612848,0.009561193123520047
139.98670959472656,141.16207781793045,138.18447732277275,138.44894003031942,74064300,0.00960704735436435,1.332061767578125,2.977600495157702,1.5377695644071423,137.00126953125,136.5135025024414,135.54676933288573,142.44816696166993,0.02403290055618615,137.09920130343076,5.36749267578125,6.9052581787109375,-3.153900146484375,0.009685933107759892,76735320.0,0.01893060218229392,0.016164311011639843,-0.018027474283908718,-0.029789441422130136,0.03987166764618033,0.05188745768277614,-0.022033580492541005,1.0217913313773752,1.0327557807810004,0.9827203296508147,64.35035804438061,0.023716201315320217
143.34634399414062,143.5422362397496,140.3393449670909,140.34913434840425,66253700,0.023999666890810456,3.3596343994140625,3.2028912726586896,2.997209645736376,138.39605407714845,137.59092559814454,135.4311908721924,142.12903366088867,0.02433257085937888,137.69416727397456,6.9739227294921875,10.77423095703125,-2.3115692138671875,-0.10545701505313632,76737580.0,0.00960704735436435,0.01893060218229392,0.016164311011639843,0.013023432952806058,0.05113880552108396,0.08127071908415107,-0.015869849862301222,1.0357690105400885,1.0584440930554753,1.0085648252288577,65.09969484730087,0.00470356519262608
144.0221710205078,144.5217134378149,142.02404618814074,142.27870461467543,64547800,0.004714644319040451,0.6758270263671875,2.4976672496741514,1.743466405832379,140.41769409179688,138.44992370605468,135.3861339569092,141.94234634399413,0.024334837883584388,138.2968342974539,10.108200073242188,8.589981079101562,-0.9011383056640625,-0.02574799596098032,69854240.0,0.023999666890810456,0.00960704735436435,0.01893060218229392,-0.018027474283908718,0.0754827894486283,0.0634264356414671,-0.006218035662130195,1.0256696775433054,1.0637881946340775,1.0146526017787059,76.96957400137822,-0.014868046706132971
141.8966827392578,143.6303594367227,140.82905749070648,142.68026652507825,63141600,-0.014758063055078874,-2.12548828125,2.801301946016224,-0.78358378582044,141.58131103515626,138.76433410644532,135.49534187316894,141.71764816284178,0.023118937474322924,138.63967700619713,5.818084716796875,3.14410400390625,2.1841583251953125,-0.021785405544418213,68272240.0,0.004714644319040451,0.023999666890810456,0.00960704735436435,0.016164311011639843,0.0427553252410533,0.02265978789412726,0.01563323212686485,1.00222749529437,1.0472439921372416,1.0012633188508062,70.69982924139376,0.006810572887662193
142.8663787841797,145.40321819395862,142.07300556646354,142.768425199881,77588800,0.006833817579116719,0.969696044921875,3.3302126274950865,0.09795358429869339,142.4236572265625,139.17571411132812,135.92288246154786,141.37405014038086,0.021166677682168105,139.04222003267165,4.21173095703125,4.113800048828125,8.550811767578125,0.22880636537560028,69119240.0,-0.014758063055078874,0.004714644319040451,0.023999666890810456,0.01893060218229392,0.030375692578886726,0.029648458330093774,0.06366210527571403,1.0031084832831734,1.051084086776898,1.010555888031198,67.32568940446413,-0.0025397252550554642
142.50399780273438,143.44428658574307,139.20315284375937,140.05530730128564,71185600,-0.0025365028814283708,-0.3623809814453125,4.2411337419837025,2.4486905014487377,142.92711486816407,139.96419219970704,136.58941612243652,141.14037338256836,0.01885266800618216,139.37191315363,2.5172882080078125,7.8847808837890625,13.330673217773438,-0.0825273750850638,68543500.0,0.006833817579116719,-0.014758063055078874,0.004714644319040451,0.00960704735436435,0.017982337146830396,0.058570990563230785,0.10319989255216133,0.997039630543022,1.0433019032382138,1.0096614766383665,67.67789904116702,0.02027524239956595
145.42279052734375,145.89293478252006,140.30992504725015,141.1228918514691,78140700,0.020482181339570582,2.918792724609375,5.583009735269911,4.299898675874658,143.3424041748047,140.86922912597657,137.358793258667,140.95900772094726,0.019163899770139752,139.94818718922178,2.076446533203125,9.050369262695312,15.387542724609375,0.09770374907284629,70920900.0,-0.0025365028814283708,0.006833817579116719,-0.014758063055078874,0.023999666890810456,0.014485521397657797,0.06636509918036793,0.11833362864776897,1.0145134049098412,1.058707543051074,1.0316672405585696,67.74531719892717,0.0113853182656129
147.0879364013672,147.76377735798872,145.1583671279135,146.7059412883577,76259900,0.011450377674538936,1.6651458740234375,2.605410230075222,0.38199511300948075,143.95555725097657,142.1866256713867,138.08066902160644,140.78121292114258,0.018919381597338046,140.6281633046642,3.065765380859375,13.173965454101562,14.437515258789062,-0.024069403012770607,73263320.0,0.020482181339570582,-0.0025365028814283708,0.006833817579116719,0.004714644319040451,0.02128675994214002,0.09837633340952445,0.10883881961649422,1.021759348580962,1.0652319216265624,1.0447980476184509,65.73022383632868,-0.020859221595824016
144.05157470703125,148.4592176926782,143.68915834296686,147.64625063740658,81420900,-0.020643172843559654,-3.0363616943359375,4.770059349711346,-3.594675930375331,144.38653564453125,142.98392333984376,138.91371307373046,140.4147636413574,0.016910603332530773,140.95420248584202,2.1548919677734375,7.9729766845703125,16.66088104248047,0.06767645905646358,76919180.0,0.011450377674538936,0.020482181339570582,-0.0025365028814283708,-0.014758063055078874,0.015186344924871475,0.05859096728241053,0.13078569998490175,0.997680109602985,1.0369859931004348,1.0259004891747912,58.97189602495467,0.02637112546755081
147.90090942382812,148.1261847699647,143.89485526545627,144.88412086859606,82982400,0.026721920427635437,3.849334716796875,4.231329504508437,3.0167885552320683,145.39344177246093,143.9085494995117,139.86576309204102,140.30623764038086,0.01748912804154803,141.6157936227931,5.0345306396484375,9.246261596679688,19.041000366210938,0.019178122570494782,77997900.0,-0.020643172843559654,0.011450377674538936,0.020482181339570582,0.006833817579116719,0.0352394361955084,0.06668555105492313,0.1477651234232762,1.0172460849732916,1.057448986472118,1.0541292526346062,72.70603395878929,0.013419534589420579
149.8990478515625,150.56509951384282,147.2838478982926,148.01845513052425,64823400,0.013509980672319344,1.998138427734375,3.281251615550218,1.880592721038255,146.87245178222656,144.8997833251953,140.70664291381837,140.2231788635254,0.016502095151032604,142.40467497791397,7.395050048828125,9.912338256835938,16.817596435546875,-0.21882953493752888,76725460.0,0.026721920427635437,-0.020643172843559654,0.011450377674538936,-0.0025365028814283708,0.051893632198760864,0.07080913813556311,0.12637070197690203,1.0206069690579114,1.0653302839680028,1.0690033492783266,72.93271322706538,0.014981299698785104
152.16163635253906,152.37712231601844,148.82161886422966,151.3290755894941,65086600,0.015094081873135545,2.2625885009765625,3.5555034517887805,0.8325607630449667,148.22022094726563,145.78131256103515,141.68611907958984,140.2876286315918,0.016445454358324726,143.33390939454492,6.7388458251953125,8.815292358398438,19.589523315429688,0.0040602621892711355,74114640.0,0.013509980672319344,0.026721920427635437,-0.020643172843559654,0.020482181339570582,0.04633968170159819,0.06149645755010513,0.14776503796048135,1.0265916173925804,1.0739346757536974,1.0846404478910219,81.14347709915513,-0.008143828536301403
150.927490234375,153.0725455912705,150.26145356507448,152.20081233549695,66675400,-0.00811075740079914,-1.2341461181640625,2.811092026196036,-1.2733221011219484,148.98813171386718,146.4718444824219,142.46088409423828,140.2794010925293,0.016404533891985335,144.05710756976683,3.8395538330078125,6.9053192138671875,15.49530029296875,0.024410554553471853,72197740.0,0.015094081873135545,0.013509980672319344,0.026721920427635437,0.011450377674538936,0.026103798359986552,0.047946223591393444,0.11441371729773175,1.0130168658281613,1.0594310936224152,1.0759062917214919,76.1740769490218,-0.0074259104504482455
149.8108673095703,151.85796878260385,149.15462011252404,150.84910958984113,53623900,-0.0073984065001723165,-1.1166229248046875,2.703348670079805,-1.038242280270822,150.139990234375,147.2632629394531,143.01379852294923,140.40575271606446,0.01601091263916694,144.60508468784334,5.7592926025390625,7.9141845703125,11.05828857421875,-0.1957468571617118,66638340.0,-0.00811075740079914,0.015094081873135545,0.013509980672319344,-0.020643172843559654,0.03998076809817719,0.05577427475774899,0.0796978958878356,0.9978078929917944,1.0475273634909457,1.0669852510425648,70.73167412038387,-0.008865517706275148
148.48858642578125,149.94799628582763,147.70500253719806,149.13502930916428,55138700,-0.008826334881679165,-1.3222808837890625,2.242993748629573,-0.6464428833830311,150.2575256347656,147.8254837036133,143.5005989074707,140.5828419494629,0.016245826887127952,144.97494199621838,0.587677001953125,5.6222076416015625,9.736007690429688,0.028248598106441314,61069600.0,-0.0073984065001723165,-0.00811075740079914,0.015094081873135545,0.026721920427635437,0.003973450901975539,0.039352909267020175,0.07016812068768519,0.9882272837815513,1.0347593498304966,1.056235486256284,65.80483750641777,0.03366175484251634
153.57205200195312,154.1009774684585,149.03708779660727,149.44846596743406,78620700,0.03423472267151473,5.083465576171875,5.0638896718512285,4.1235860345190645,150.99212646484375,148.93228912353516,144.4482406616211,140.77246810913087,0.015632730884934058,145.79371437771692,3.673004150390625,11.06805419921875,18.952835083007812,0.425871484093749,63829060.0,-0.008826334881679165,-0.0073984065001723165,-0.00811075740079914,0.013509980672319344,0.024503185330622124,0.07766837681662841,0.1407884811454474,1.0170864905178356,1.0631631877172192,1.090923914773588,67.86445076874355,0.0035653992474385973
154.12057495117188,154.40461645264705,151.24091273921562,153.7581586202447,81378700,0.003571762844008619,0.54852294921875,3.163703713431431,0.36241633092717507,151.3839141845703,149.80206756591798,145.33564834594728,141.00382064819337,0.015575008832149259,146.58674871804598,1.9589385986328125,8.697784423828125,17.748153686523438,0.03507981994563769,67087480.0,0.03423472267151473,-0.008826334881679165,-0.0073984065001723165,0.015094081873135545,0.012874063696937332,0.05981032541245779,0.13014474277083377,1.0180776192856593,1.0604457798565259,1.0930241056070744,67.72087194715407,0.03226678996026544
159.17465209960938,160.2716754702952,156.22643448443253,157.93072824104914,101786900,0.03279300735828894,5.0540771484375,4.0452409858626766,1.2439238585602368,153.0333465576172,151.0107391357422,146.59868240356445,141.2637727355957,0.015551211341781014,147.78559665914725,8.247161865234375,12.086715698242188,25.26068115234375,0.25078060966813176,74109780.0,0.003571762844008619,0.03423472267151473,-0.008826334881679165,-0.00811075740079914,0.05464320550502344,0.0821733990832565,0.18863365019838918,1.0401305054103354,1.0857850117740153,1.1267903229339455,77.49381690261907,-0.006172290761755171
158.19520568847656,160.2325181068246,157.58793518866128,157.70546755749734,67829400,-0.006153281305869562,-0.9794464111328125,2.644582918163337,0.4897381309792195,154.71021423339843,152.42510223388672,147.70451278686522,141.6690803527832,0.015793167435479042,148.77698799527386,8.38433837890625,14.143630981445312,22.116607666015625,-0.3336136575531822,76950880.0,0.03279300735828894,0.003571762844008619,0.03423472267151473,-0.0073984065001723165,0.055966156057162264,0.09818449406200735,0.16252818582364492,1.0225259299933527,1.0710248637883475,1.116653014860689,74.38464921777073,-0.009330704990030414
156.7259979248047,159.076750020311,156.35380709254014,156.81416215078264,59907000,-0.009287309038714442,-1.469207763671875,2.722942927770873,-0.08816422597794826,156.35769653320312,153.30761108398437,148.60808029174805,142.11297927856447,0.015993956486854543,149.53403655999108,8.237411499023438,8.825088500976562,18.07135009765625,-0.11679891020707833,77904540.0,-0.006153281305869562,0.03279300735828894,0.003571762844008619,-0.008826334881679165,0.05547504826669436,0.059668926549242496,0.13033353285195748,1.002355505355781,1.0546263542138457,1.1028267700840775,71.85435882910441,0.03753423962976142
162.7203826904297,163.17093336402678,157.45079605540153,157.53894532472003,82507500,0.03824754568480104,5.994384765625,5.7201373086252545,5.181437365709655,158.18736267089844,154.5897445678711,149.7447639465332,142.67206466674804,0.017518453496897332,150.7898790486043,9.148330688476562,12.821334838867188,22.733673095703125,0.37725975261655575,78681900.0,-0.009287309038714442,-0.006153281305869562,0.03279300735828894,0.03423472267151473,0.05957028358493388,0.08553313061443535,0.16239879601084306,1.0286560186793303,1.0866515689892802,1.140520276835625,74.28500917531034,-0.0019281439816949276
162.4069366455078,163.75861850349844,161.05525478751719,162.60282888470158,55474100,-0.0019262863062349256,-0.313446044921875,2.7033637159812542,-0.19589223919376764,159.84463500976562,155.61427459716796,150.69779357910156,143.1167463684082,0.017205033959258983,151.89626548640462,8.286361694335938,10.24530029296875,19.060592651367188,-0.3276477895948853,73500980.0,0.03824754568480104,-0.009287309038714442,-0.006153281305869562,0.003571762844008619,0.053765447585185866,0.06733169107902937,0.13296880911135278,1.0160299508055786,1.0776994990325461,1.134786394790189,72.35565575070055,-0.0013898881334197372
162.18136596679688,162.67178435198056,159.876393569881,160.08237587686597,56697000,-0.0013889226862476844,-0.2255706787109375,2.7953907820995596,2.0989900899309077,160.44597778320312,156.73966217041016,151.60575332641602,143.6107878112793,0.017290434524335326,152.87579886548957,3.0067138671875,11.253875732421875,18.159194946289062,0.022044521677683893,64483000.0,-0.0019262863062349256,0.03824754568480104,-0.009287309038714442,0.03279300735828894,0.018889401217638158,0.07456478415526391,0.12608610755980965,1.0108160279713503,1.0697573304992651,1.1293118604705477,78.82206766195029,-0.0029072059915639043
161.71055603027344,164.59421857415984,161.05339717997808,163.18181120847004,60276900,-0.00290298416046042,-0.4708099365234375,3.540821394181762,-1.4712551781966,161.1490478515625,157.92963104248048,152.5964469909668,144.09227920532226,0.01673209561047739,153.7172043097547,3.515350341796875,11.899688720703125,19.813873291015625,0.06314090692629248,62972500.0,-0.0013889226862476844,-0.0019262863062349256,0.03824754568480104,-0.006153281305869562,0.02222159847700711,0.07943141198237313,0.1396359161364229,1.003484402707909,1.0597268758154386,1.122270790094494,74.59621377202514,0.00030322271062841903
161.7595977783203,162.64235984823435,160.12160217379457,160.87685067478762,63135500,0.00030326868728147716,0.049041748046875,2.5207576744397784,0.8827471035326937,162.15576782226563,159.25673217773436,153.54110794067384,144.51088973999023,0.01679271791936766,154.48314654485617,5.033599853515625,13.271011352539062,18.893218994140625,0.04742446940701983,63618200.0,-0.00290298416046042,-0.0013889226862476844,-0.0019262863062349256,-0.009287309038714442,0.03211719765811094,0.08937394901508,0.13224398318852582,0.9975568550581589,1.0535263158373325,1.1193592266255135,72.70082363874145,0.02585721614742234
165.99679565429688,166.0948703368816,163.70162657940335,164.46667794890814,70170500,0.02619441402038669,4.2371978759765625,2.3932437574782455,1.530117705388733,162.81105041503906,160.49920654296875,154.71574783325195,144.8994499206543,0.017215040575466894,155.57968455527907,3.2764129638671875,12.42474365234375,23.4927978515625,0.11142701016068624,61150800.0,0.00030326868728147716,-0.00290298416046042,-0.0013889226862476844,0.03824754568480104,0.02013523388831051,0.0809049790660199,0.16485711428308947,1.0195671315376733,1.0729146708013415,1.1455999021748897,74.61927996763411,-0.004441324977752091
165.2611846923828,167.71327649760102,164.9669306824805,166.8010905635419,57149200,-0.004431476878903329,-0.7356109619140625,2.7463458151205202,-1.5399058711590783,163.38190002441405,161.61326751708984,155.7076675415039,145.28896896362303,0.01715018247355061,156.5017321873842,2.854248046875,11.140609741210938,19.838394165039062,-0.18556658424836647,61485820.0,0.02619441402038669,0.00030326868728147716,-0.00290298416046042,-0.0019262863062349256,0.01757466833516519,0.07228502582955243,0.1364187421593237,1.011502404291344,1.0613554701686891,1.1374654653496807,75.96713352090063,0.021199191703692614
168.80198669433594,168.87063747457046,166.1537158722437,166.5656804191666,68039400,0.021425490858872687,3.540802001953125,2.7169216023267495,2.2363062751693406,164.70602416992188,162.5760009765625,156.79337005615236,145.7518504333496,0.017442666655897016,157.67318499757008,6.6206207275390625,9.627334594726562,21.71405029296875,0.19055734813435699,63754300.0,-0.004431476878903329,0.02619441402038669,0.00030326868728147716,-0.0013889226862476844,0.0408223268318908,0.060482837359694175,0.14762631677499627,1.024868322485815,1.076588803684001,1.1581464399419537,81.62670686363997,0.006313525748963661
169.87109375,170.0672580774187,168.06635799154176,168.2330984181666,54091700,0.006333498062436771,1.0691070556640625,2.0009000858769355,1.6379953318333946,166.3381317138672,163.74358978271485,158.08434600830077,146.18714096069337,0.016186132382829302,158.83489059303957,8.160537719726562,11.675888061523438,25.81951904296875,-0.20499445909281977,62517260.0,0.021425490858872687,-0.004431476878903329,0.02619441402038669,-0.00290298416046042,0.050463852948467114,0.07380683890329776,0.1792380201013415,1.021239640001549,1.0745598665479523,1.1620111908179034,85.91201054610538,-0.0009241044750926401
169.7141876220703,170.3811644180383,168.37044601656845,169.46897842594916,56377100,-0.0009236776220479248,-0.1569061279296875,2.010718401469859,0.24520919612115222,167.92904968261718,165.04240875244142,159.17500991821288,146.7334996032715,0.015712653074621385,159.8710141196139,7.95458984375,12.988189697265625,21.813278198242188,0.04225047465692522,61165580.0,0.006333498062436771,0.021425490858872687,-0.004431476878903329,0.00030326868728147716,0.04917538095421814,0.0828719540423486,0.14748576113033618,1.010630310496171,1.066211258345595,1.1566151429696185,82.48681814412981,0.008746174078542423
171.20504760742188,172.7743773350279,169.26299514755854,169.45915949271176,79542000,0.00878453361053988,1.4908599853515625,3.5113821874693656,1.7458881147101124,168.9707000732422,165.89087524414063,160.24030990600585,147.2947883605957,0.015645277436672083,160.9504458803575,5.208251953125,8.484664916992188,21.305999755859375,0.41089201111798945,63039880.0,-0.0009236776220479248,0.006333498062436771,0.021425490858872687,0.02619441402038669,0.03137561741837258,0.05214260670179227,0.14213565770582903,1.0132232838782769,1.0684268378402897,1.1623292956454843,83.12681737006359,-0.0022943219753528863
170.8126983642578,171.54832585930868,169.80243780169835,170.42036968678258,62290100,-0.002291692030387593,-0.3923492431640625,1.7458880576103297,0.39232867747523414,170.08100280761718,166.73145141601563,161.1728630065918,147.79788406372072,0.015642107438794364,161.88970802168134,5.551513671875,8.40576171875,18.65106201171875,-0.21689044781373368,64068060.0,0.00878453361053988,-0.0009236776220479248,0.006333498062436771,-0.004431476878903329,0.03359236279352951,0.05175740576338561,0.12257401049832706,1.004302041642289,1.059810536202188,1.1557181582560048,77.54600987698196,-0.015216875223705907
168.23313903808594,170.41059802085272,168.0271567164156,169.71419727903458,70346300,-0.015101683603586435,-2.579559326171875,2.3834413044371274,-1.4810582409486415,169.96723327636718,167.33662872314454,162.03814544677735,148.26408065795897,0.016044893387411947,162.493844308958,-0.56884765625,6.0517730712890625,17.305648803710938,0.12933355380710587,64529440.0,-0.002291692030387593,0.00878453361053988,-0.0009236776220479248,0.021425490858872687,-0.0033699109079803335,0.03731484831943033,0.1146620060854191,0.9897974791678723,1.0382316989263702,1.1346857464836342,72.0858042994811,-0.023298936231255434
164.35879516601562,166.6049043800519,163.9370276482697,166.43816395511286,69026800,-0.023029611729429855,-3.8743438720703125,2.6678767317822007,-2.0793687890972308,168.86477355957032,167.60145263671876,162.76554183959962,148.75700607299805,0.017058182437370888,162.67145867629682,-5.512298583984375,2.6482391357421875,14.547927856445312,-0.018757205425160905,67516460.0,-0.015101683603586435,-0.002291692030387593,0.00878453361053988,0.006333498062436771,-0.03244989163428147,0.016376414754559532,0.0971086284840963,0.9733160546242339,1.0097886402023968,1.1048810372357283,65.18663030786578,-0.002030948914121383
164.02532958984375,165.47697879172844,163.45644246473458,163.87821006023856,54147100,-0.0020288879328608234,-0.333465576171875,2.020536326993863,0.1471195296051917,167.727001953125,167.8280258178711,163.54237899780273,149.3512013244629,0.016839101633347658,162.8003987633013,-5.6888580322265625,2.2657318115234375,15.5367431640625,-0.21556409974097013,67070460.0,-0.023029611729429855,-0.015101683603586435,-0.002291692030387593,-0.0009236776220479248,-0.033520226634763395,0.014006784405018458,0.10463257505537782,0.9779303730456246,1.0029530608213024,1.0982524956963793,53.35133334639575,0.0017922331868813867
164.31956481933594,164.88845187937156,163.06409508904346,164.11359750144874,53841500,0.0017938401966814954,0.2942352294921875,1.8243567903280962,0.20596731788720035,166.34990539550782,167.660302734375,164.0797546386719,150.0541261291504,0.015386939128414533,162.9450812448284,-6.8854827880859375,-1.6772308349609375,10.747512817382812,-0.005643884898729579,61930360.0,-0.0020288879328608234,-0.023029611729429855,-0.015101683603586435,0.00878453361053988,-0.04021775575142239,-0.010103995250931974,0.06998352029082833,0.9877947596582961,1.001461546436318,1.0950686199585566,54.91681742511372,0.01481233547326527
166.77163696289062,166.87952958176348,165.12383874706296,165.54559127859812,51218200,0.014922581776860566,2.4520721435546875,1.7556908347005162,1.226045684292501,165.54169311523438,167.81134796142578,164.71230773925782,150.78885391235352,0.015597653557690218,163.3095151227391,-4.0410614013671875,1.5104522705078125,12.65106201171875,-0.048722639599565354,59715980.0,0.0017938401966814954,-0.0020288879328608234,-0.023029611729429855,-0.002291692030387593,-0.023657851202313007,0.00913978847071295,0.08208548414594752,1.007429813145623,1.0125025825446679,1.1059944593771311,60.58819554239037,-0.03842789667531836
160.48452758789062,167.77215348287845,160.4256797689523,167.30135596498863,78961000,-0.03769891265382841,-6.287109375,7.3464737139261445,-6.816828377098005,163.99197082519532,166.97960205078124,164.77780151367188,151.34553604125978,0.016690917398650997,163.04046869084877,-7.7486114501953125,-8.317459106445312,1.30987548828125,0.5416590196453603,61438920.0,0.014922581776860566,0.0017938401966814954,-0.0020288879328608234,-0.015101683603586435,-0.0460587699575713,-0.049273466914263486,0.008229171359906973,0.9786121038752355,0.9739450709601497,1.0603849428643828,47.770262282580525,-0.013784980261322398
158.2874298095703,159.7782908024648,156.7573269679059,158.06182659509352,73314000,-0.013690402503861665,-2.1970977783203125,3.0209638345588985,0.22560321447679144,162.77769775390624,165.82123565673828,164.78241271972655,151.96347076416015,0.016933371232885946,162.5877983212032,-6.0713653564453125,-11.583663940429688,0.09222412109375,-0.07151631818239379,62296360.0,-0.03769891265382841,0.014922581776860566,0.0017938401966814954,-0.023029611729429855,-0.036939704688834896,-0.06819090690896135,0.000582976713436878,0.9724147226168263,0.9605844895522718,1.0416149947984845,44.142908180757715,-0.015423839485161723
155.86476135253906,159.44480926961938,154.6975633016655,159.02305667853338,77906200,-0.015305501264035182,-2.42266845703125,4.747245967953887,-3.1582953259943167,161.1455841064453,164.43629302978516,164.73935089111328,152.5035678100586,0.01716211172400754,161.94750908609234,-8.160568237304688,-13.84942626953125,-0.861236572265625,0.06263742259322913,67048180.0,-0.013690402503861665,-0.03769891265382841,0.014922581776860566,-0.0020288879328608234,-0.04975187830873884,-0.08160441070708824,-0.0054951736385103755,0.9672294913745947,0.94612951009841,1.022040097754741,31.794066407584495,-0.010691866916579997
154.2071533203125,157.50276536238007,154.1286845852179,157.23793525223348,87991100,-0.010634912072763791,-1.6576080322265625,3.3740807771621633,-3.030781931920984,159.12310180664062,162.73650360107422,164.3136894226074,152.92608184814452,0.014714304592558371,161.21033234649425,-10.112411499023438,-16.997894287109375,-8.513229370117188,0.12944926077770447,73878100.0,-0.015305501264035182,-0.013690402503861665,-0.03769891265382841,0.0017938401966814954,-0.06154112877636764,-0.09928383844199518,-0.05231814987992833,0.9691060039019239,0.9384924278810309,1.0083770633281515,30.774383360022426,0.004695709826170065
154.93296813964844,155.38414463005734,151.70600708998924,153.63825654168207,74229900,0.0047067519483243725,0.7258148193359375,3.678137540068093,1.2947115979663693,156.7553680419922,161.14853057861328,163.93999099731445,153.3732989501953,0.014804288516117196,160.61248813631846,-11.838668823242188,-15.879730224609375,-7.473968505859375,-0.15639308975566846,78480440.0,-0.010634912072763791,-0.015305501264035182,-0.013690402503861665,0.014922581776860566,-0.07098730358973737,-0.09296574772647104,-0.04602000789026095,0.988374242457486,0.9450590255442093,1.0101691050536743,23.260106451206724,-0.013704595300785653
152.82415771484375,157.286967514474,152.00025851175562,156.6886565527691,76957800,-0.01361111485906552,-2.1088104248046875,5.286709002718368,-3.864498837925339,155.22329406738282,159.60763244628907,163.4721305847168,153.72113830566406,0.01501767421703456,159.8707423818923,-7.660369873046875,-15.408981323242188,-9.357208251953125,0.03674934224618376,78079800.0,0.0047067519483243725,-0.010634912072763791,-0.015305501264035182,-0.03769891265382841,-0.04773276270419036,-0.09159302032493,-0.05769595166604291,0.9845439670189089,0.9348636808501439,0.9941648845389323,18.399883237841806,-0.008249210834523887
151.56866455078125,154.079603619405,150.74476547508485,153.47148977301632,73714800,-0.008215279461282199,-1.2554931640625,3.3348381443201447,-1.902825222235066,153.879541015625,158.32861938476563,162.96503601074218,153.97746002197266,0.015065390047702808,159.08006830273888,-6.7187652587890625,-12.790130615234375,-10.141891479492188,-0.04213997801392455,78159960.0,-0.01361111485906552,0.0047067519483243725,-0.010634912072763791,-0.013690402503861665,-0.042446612891953284,-0.07781835223551814,-0.06271632309268382,0.9849825620118721,0.9300686101820655,0.9843561812823275,17.679797661892493,0.009211457067944347
152.97128295898438,153.6676685648947,150.66631095885003,151.85312983190147,87449600,0.009254013105942427,1.402618408203125,3.001357606044678,1.1181531270829055,153.30084533691405,157.22321472167968,162.5256202697754,154.26183410644532,0.015303652158963758,158.4982792223813,-2.8934783935546875,-11.054046630859375,-8.788314819335938,0.18632350627011118,80068640.0,-0.008215279461282199,-0.01361111485906552,0.0047067519483243725,-0.015305501264035182,-0.018564031846878715,-0.06739231470225215,-0.05432947991982329,0.9978502246533254,0.9412133465792542,0.9916340217595856,17.420211460758708,-0.00966428359373464
151.5000457763672,153.36362955067995,149.75414265238146,151.67658920142858,84923800,-0.009617734480344642,-1.4712371826171875,3.609486898298485,-0.17654342506139642,152.759423828125,155.9412628173828,161.8007827758789,154.59945068359374,0.013765507262219333,157.8317807989514,-2.7071075439453125,-12.81951904296875,-14.496749877929688,-0.028882922277517542,79455180.0,0.009254013105942427,-0.008215279461282199,-0.01361111485906552,-0.010634912072763791,-0.017555006273426432,-0.0780157801480511,-0.08733150432686942,0.9917558077911136,0.9363369149222229,0.9799520315659475,16.773512351046094,0.01866474105791527
154.35430908203125,154.79569769135963,151.7845210114996,152.4907248267637,68028800,0.018840016126973946,2.8542633056640625,3.0111766798600286,1.86358425526754,152.64369201660156,154.69953002929688,161.25543899536132,154.9590884399414,0.014719266266724627,157.50059301638757,-0.5786590576171875,-12.417327880859375,-10.906875610351562,-0.1989430524776329,78214960.0,-0.009617734480344642,0.009254013105942427,-0.008215279461282199,0.0047067519483243725,-0.0037348994508102917,-0.07445707259935586,-0.0659978060223495,1.0112066017457415,0.9572037386377487,0.9960971675556509,26.345729445095472,0.037784892562418286
160.29815673828125,161.1122531071859,156.24731078742482,156.5317468843277,104956000,0.03850781809460946,5.94384765625,4.86494231976107,3.7664098539535473,154.13849182128905,154.68089294433594,160.8302474975586,155.4867721557617,0.016604666660825062,157.7670276565679,7.4739990234375,-0.186370849609375,-8.503829956054688,0.5428171597911473,83814600.0,0.018840016126973946,-0.009617734480344642,0.009254013105942427,-0.01361111485906552,0.04890587414447478,-0.0011613010450949313,-0.05037754663073546,1.0399618865100473,0.9966916001961297,1.0309440122514064,43.535320850860394,-0.06047172854294999
150.8919219970703,157.46352522744408,150.43092752735453,156.83579030622826,122656600,-0.05867961885905215,-9.406234741210938,7.032597700089553,-5.943868309157949,154.00314331054688,153.94134216308595,159.88128890991212,155.78303863525392,0.02066248538436539,157.11225568899673,-0.6767425537109375,-7.3955078125,-18.979171752929688,0.1686478143221921,93602960.0,0.03850781809460946,0.018840016126973946,-0.009617734480344642,-0.008215279461282199,-0.004464923905720619,-0.04672201590105585,-0.11172690617310921,0.9797976765499987,0.9437747407834133,0.9686030219911455,33.77754925949144,0.009509840997495597
152.33372497558594,154.0894308134101,150.66630580332588,151.82368576965968,87965400,0.00955520321719816,1.441802978515625,3.4231250100842203,0.5100392059262617,153.8756317138672,153.58823852539064,159.01226577758788,156.05662017822266,0.020921237978208985,156.65715752581474,-0.6375579833984375,-3.531036376953125,-17.380462646484375,-0.28283190631405075,93706120.0,-0.05867961885905215,0.03850781809460946,0.018840016126973946,0.009254013105942427,-0.004167827915579347,-0.02265448807230097,-0.1024101926303782,0.9899795261854818,0.9579998387587075,0.9761439457141579,35.603175313026256,-0.01911139647004723
149.45005798339844,152.26506901475514,148.47903939265456,151.68636408491093,90481100,-0.01892993158704459,-2.8836669921875,3.7860296221005854,-2.236306101512497,153.46563415527345,153.1125289916992,157.9245162963867,156.2458871459961,0.020865582660137976,155.97076709320368,-2.04998779296875,-4.7570953369140625,-21.754989624023438,0.028598744506362683,94817580.0,0.00955520321719816,-0.05867961885905215,0.03850781809460946,-0.009617734480344642,-0.013531268472319669,-0.03084873324282711,-0.12706979103740124,0.9738340365647457,0.9463385514058897,0.956505548486869,29.407643711876403,-0.011020382024213453
147.81210327148438,148.44965617349064,145.52675172371437,148.312339619677,162278800,-0.010959880069742134,-1.6379547119140625,2.9229044497762686,-0.5002363481926295,152.15719299316407,152.40044250488282,156.77448654174805,156.33520233154297,0.02086222240129363,155.19375149113517,-6.542205810546875,-7.1208648681640625,-23.000595092773438,0.7935104679319769,113667580.0,-0.01892993158704459,0.00955520321719816,-0.05867961885905215,0.018840016126973946,-0.04238434190437812,-0.04596094009988683,-0.13465389466376032,0.9714434156137797,0.9428326415352217,0.9454818944617253,33.06238589289474,0.024773547443204424
151.51966857910156,151.59813732109004,146.24277663621996,146.4487439883553,81474200,0.02508296158135015,3.7075653076171875,5.355360684870078,5.070924590746273,150.40149536132813,152.2699935913086,155.93881301879884,156.48515228271484,0.021947358763656524,154.84383883284627,-8.778488159179688,-1.3044891357421875,-16.713470458984375,-0.4979368839306182,108971220.0,-0.010959880069742134,-0.01892993158704459,0.00955520321719816,0.03850781809460946,-0.05476350032840571,-0.008535883038702896,-0.09934707605497783,1.0074345884333604,0.9716610357989288,0.9682686591591619,41.30545582000397,0.015543834085322759
153.8932647705078,155.05065980282333,150.14647654096675,150.4603364872082,107689800,0.01566526784057154,2.37359619140625,4.904183261856588,3.432928283299617,151.00176391601562,152.50245361328126,155.41553649902343,156.72508392333984,0.021978643712330312,154.7533079697664,3.0013427734375,2.3246002197265625,-10.465530395507812,0.32176566324063316,105977860.0,0.02508296158135015,-0.010959880069742134,-0.01892993158704459,-0.05867961885905215,0.01989067892909313,0.015336944655520934,-0.06367490334141712,1.0191487885936246,0.9902051508954178,0.9819312959869451,47.46402043166846,-0.020475919894561066
150.77420043945312,155.69800426701255,150.65650483896582,154.3248240736869,101696800,-0.02026771175272657,-3.1190643310546875,5.041499428046734,-3.550623634233773,150.68985900878906,152.28274536132812,154.75298004150392,156.8832403564453,0.02230983882452052,154.3743453478318,-1.5595245361328125,-2.19708251953125,-13.251129150390625,-0.055650581577828206,108724140.0,0.01566526784057154,0.02508296158135015,-0.010959880069742134,0.00955520321719816,-0.01023755269151827,-0.014362712249202603,-0.0807870905275786,1.0005597021008503,0.9742894799118976,0.9610599583288044,45.74412945540172,-0.006395381142006075
149.81301879882812,151.5098622787984,148.01808565192604,149.45991695080835,86652500,-0.006374974218556595,-0.961181640625,3.4917766268723653,0.35310184801977584,150.762451171875,152.11404266357422,154.02765274047852,157.02942077636717,0.02227362232272824,153.93993329554573,0.3629608154296875,-1.6870269775390625,-14.506546020507812,-0.14793287497738372,107958420.0,-0.02026771175272657,0.01566526784057154,0.02508296158135015,-0.01892993158704459,0.0024286428545248206,-0.011135488236282964,-0.08828252458225105,0.9937024612848429,0.9726371604925277,0.9540442679985666,43.689566884486354,-0.015239467862341862
147.54725646972656,148.5673350111051,145.7130966439831,148.29270193451399,96029900,-0.015123934803984329,-2.2657623291015625,2.8542383671219795,-0.7454454647874229,150.70948181152343,151.43333740234374,153.06643371582032,157.07191009521483,0.02191409087799754,153.331106931182,-0.2648468017578125,-6.8070526123046875,-19.224380493164062,0.10821845878653247,94708640.0,-0.006374974218556595,-0.02026771175272657,0.01566526784057154,-0.010959880069742134,-0.0017917802121479864,-0.04410017869139693,-0.11527368108428293,0.9790177412609544,0.9639426024889262,0.939361190554603,43.52118676297076,0.002257818939269599
147.88076782226562,150.82327820825114,146.77241745430226,146.7920383807957,93339400,0.0022603697318321903,0.3335113525390625,4.050860753948882,1.0887294414699227,149.98170166015626,150.19159851074218,152.43624572753907,157.08776672363283,0.02064473595214348,152.81202701604713,-3.6389007568359375,-12.417388916015625,-12.603759765625,-0.028017315440295176,97081680.0,-0.015123934803984329,-0.006374974218556595,-0.02026771175272657,0.02508296158135015,-0.02401602901432054,-0.0774643275299135,-0.07853566917049026,0.9859920656011015,0.9701155202062913,0.9413894595779363,45.367232461460375,0.006544693438761651
148.85177612304688,151.75505941669135,147.07646404392761,149.81300689014782,84442700,0.006566156742898954,0.97100830078125,4.678595372763738,-0.9612307671009432,148.97340393066406,149.98758392333986,151.9644630432129,157.18377075195312,0.02063483861040949,152.43486026433283,-5.0414886474609375,-2.0401458740234375,-9.435653686523438,-0.09531559020092262,92432260.0,0.0022603697318321903,-0.015123934803984329,-0.006374974218556595,0.01566526784057154,-0.032759644517120434,-0.01352057715894861,-0.05961088443899254,0.999183560257012,0.9795170077409421,0.9469920171208088,44.76830847865164,-0.01273218260414751
146.9685821533203,147.7532545846386,142.0643981655583,144.81074419198137,146691400,-0.012651471274147452,-1.8831939697265625,5.6888564190803095,2.1578379613389416,148.2122802734375,149.4510696411133,151.51965408325196,157.16512420654297,0.02055901225312741,151.9142623489983,-3.8056182861328125,-5.365142822265625,-8.89617919921875,0.7371708862933088,101431180.0,0.006566156742898954,0.0022603697318321903,-0.015123934803984329,-0.02026771175272657,-0.025240513795070973,-0.03521966539665122,-0.057076269979313254,0.9916086702274421,0.9699638178461583,0.9351221073714637,44.3047243091812,-0.05036623634118098
139.74964904785156,143.908403240712,137.98413948643042,143.30028910092764,128138200,-0.04911888649737284,-7.21893310546875,5.924263754281583,-3.55064005307608,146.1996063232422,148.48102874755858,150.7967788696289,156.96213623046876,0.0229943577499419,150.7557277488891,-10.063369750976562,-9.700408935546875,-14.457504272460938,-0.12647776215919948,109728320.0,-0.012651471274147452,0.006566156742898954,0.0022603697318321903,-0.006374974218556595,-0.06717286542693501,-0.06490736147204734,-0.09375378483532748,0.9558825263788331,0.9267416061232441,0.8903398768901567,33.45917845017297,-0.030500069997660882
135.55162048339844,140.35772899315157,135.35545614892226,138.5725991267457,124925300,-0.03003963582774849,-4.198028564453125,5.00227284422931,-3.020978643347263,143.80047912597655,147.25498046875,149.8277114868164,156.62993591308594,0.02355553283688477,149.30771753312806,-11.995635986328125,-12.260482788085938,-19.38134765625,-0.025073709479296546,115507400.0,-0.04911888649737284,-0.012651471274147452,0.006566156742898954,-0.015123934803984329,-0.08130029844905562,-0.08294640639520079,-0.12509505167925705,0.942636779149034,0.904716618429601,0.8654260099973233,20.818799312659138,0.03028899002361105
139.72015380859375,140.32828260431316,135.05137754414199,135.56141670515206,114311700,0.030752368067085145,4.1685333251953125,5.276905060171174,4.158737103441695,142.1683563232422,146.0750289916992,149.1725112915039,156.40578918457032,0.024890986986168043,148.39461622602954,-8.160614013671875,-11.799514770507812,-13.10400390625,-0.0849595718401317,119701860.0,-0.03003963582774849,-0.04911888649737284,-0.012651471274147452,0.0022603697318321903,-0.05518374115747038,-0.07787447584303431,-0.08574563146424075,0.982779553917877,0.9366347231063308,0.8933183006654165,34.969557396696544,0.025300326096796527
143.3002166748047,143.41791226395273,141.49546616506458,142.25071445031105,87830100,0.025623095656732264,3.5800628662109375,1.9224460988881447,1.0495022244936365,141.05804443359375,145.0157241821289,148.75908889770508,156.275576171875,0.02573753861402423,147.90943531638908,-5.5515594482421875,-10.593048095703125,-8.268447875976562,-0.23166132600599942,120379340.0,0.030752368067085145,-0.03003963582774849,-0.04911888649737284,0.006566156742898954,-0.03729588986330301,-0.06883373428655193,-0.05455248880421659,1.0158953872514978,0.9633039415382934,0.9169712899807213,38.50759016966261,0.0020514920236870825
143.59449768066406,144.55572849466822,140.26946161653336,141.30916116839794,79471000,0.002053597773178595,0.294281005859375,4.286266878134853,2.2853365122661273,140.3832275390625,144.29775390625,148.29024963378907,156.17769439697267,0.025614788534252215,147.49848887489145,-3.37408447265625,-7.1797027587890625,-9.376785278320312,-0.09517352251676814,106935260.0,0.025623095656732264,0.030752368067085145,-0.03003963582774849,-0.012651471274147452,-0.022957862307852572,-0.047618907862636894,-0.06129768344058717,1.022875027151716,0.9683340478236335,0.9194302568949148,42.02515209879293,-0.0066477610773745
142.64308166503906,144.7126478104947,142.43711432828448,143.0158044200555,68402200,-0.006625713596218885,-0.951416015625,2.2755334822102213,-0.37272275501644003,140.9619140625,143.58076019287108,147.84740142822267,155.95911499023438,0.02558185397860783,147.0360691406198,2.8934326171875,-7.1699371337890625,-8.856964111328125,-0.13928099558329454,94988060.0,0.002053597773178595,0.025623095656732264,0.030752368067085145,-0.04911888649737284,0.020704399881510627,-0.04785923941241044,-0.05846179165121901,1.0119263959610656,0.9647993829251695,0.9146184349274544,42.82601209906442,-0.03740993018254719
137.4053955078125,140.35772324812106,136.7776606833551,139.80844218113944,85925600,-0.03671882362669321,-5.2376861572265625,3.580062564765967,-2.4030466733269407,141.33266906738282,142.5665740966797,146.9999557495117,155.6248114013672,0.026131160284783104,146.11886212797145,1.8537750244140625,-10.141860961914062,-16.94891357421875,0.25618181871343326,87188120.0,-0.006625713596218885,0.002053597773178595,0.025623095656732264,-0.03003963582774849,0.01367578652179291,-0.06873635745300999,-0.10980525049813339,0.9722125564776681,0.9347308630619701,0.8829273061956325,31.209160085760004,0.002352810203251986
137.72906494140625,139.17089585032406,135.91452632499212,137.72906494140625,74899000,0.0023555802332038134,0.32366943359375,3.256369525331934,0.0,140.9344512939453,141.55140380859376,145.87150115966796,155.19589965820313,0.02410030507289232,145.31983382448905,-1.9910888671875,-10.151702880859375,-22.569091796875,-0.12832729710354074,79305580.0,-0.03671882362669321,-0.006625713596218885,0.002053597773178595,0.030752368067085145,-0.01425054877849008,-0.06864789134081628,-0.14079445613166686,0.9772561902138917,0.9441807607824014,0.8874529884148673,27.23758166830902,-0.01030774284953302
136.31668090820312,138.64127407342733,135.57125040118655,137.21904887976436,77033700,-0.010254800130996222,-1.412384033203125,3.0700236722407794,-0.9023679715612332,139.537744140625,140.2978942871094,145.14273910522462,154.75832916259765,0.020882167588608717,144.4623906896047,-6.9835357666015625,-12.53509521484375,-14.575241088867188,0.028501048078078517,77146300.0,0.0023555802332038134,-0.03671882362669321,-0.006625713596218885,0.025623095656732264,-0.04873360228372514,-0.08421192908361219,-0.09659391235768189,0.9769161867116347,0.9391904944647431,0.8808358273562212,28.612916652747018,-0.0046155841444603584
135.68894958496094,137.67024396939837,135.51240615749046,136.46381898254117,70433700,-0.00460494870517647,-0.6277313232421875,2.1578378119079105,-0.7748693975802325,137.95663452148438,139.16993103027343,144.31050033569335,154.33758819580078,0.02060600853558871,143.6268248701148,-7.905548095703125,-11.279632568359375,-16.644775390625,-0.08567678821087399,75338840.0,-0.010254800130996222,0.0023555802332038134,-0.03671882362669321,0.002053597773178595,-0.05505467286973664,-0.07674859757844199,-0.10926520304871823,0.9835623350454357,0.9402569408970445,0.8791698196865614,28.89800984023188,0.03305999919756879
140.2498016357422,140.83829449344884,131.79498172606293,132.40311046864815,113224000,0.033612553304685155,4.56085205078125,9.043312767385913,7.846691167094036,137.477978515625,139.2199462890625,143.85048751831056,153.88817657470702,0.02210718776575257,143.30520360969837,-2.393280029296875,0.500152587890625,-9.20025634765625,0.6075259428370225,84303200.0,-0.00460494870517647,-0.010254800130996222,0.0023555802332038134,-0.006625713596218885,-0.016778100987168032,0.0035789183822521053,-0.06156074123891109,1.0201619426619817,0.9749692479692845,0.9113747706774347,39.79699204489403,-0.03277103371894949
135.72816467285156,141.75050040665323,135.54180333634727,141.54451814883853,88598000,-0.03223988134139577,-4.521636962890625,6.208697070305959,-5.816353475986972,137.1425323486328,139.23760070800782,143.2462905883789,153.35460113525392,0.02300734007081725,142.5835808538082,-1.6772308349609375,0.176544189453125,-12.083938598632812,-0.21749805694905677,84837680.0,0.033612553304685155,-0.00460494870517647,-0.010254800130996222,-0.03671882362669321,-0.012206440866185497,0.0013024129761307623,-0.08175202389508263,0.9896868779396186,0.9475160865621935,0.8850609219944018,34.79001193602292,0.028706716256806146
139.68093872070312,140.1615390587515,137.58194907165392,138.36662131640782,85250900,0.02912272524555992,3.9527740478515625,2.579589987097563,1.3143174042953092,137.53290710449218,139.23367919921876,142.65435409545898,152.90459259033204,0.023292099700705587,142.30713874589344,1.951873779296875,-0.039215087890625,-11.838729858398438,-0.03777850515812997,86908060.0,-0.03223988134139577,0.033612553304685155,-0.00460494870517647,0.0023555802332038134,0.014171836424847983,-0.00028066879989518956,-0.07813328770725214,1.0156183102752199,0.979156504590346,0.9135169608341441,39.31914194867814,0.00936552954541418
140.99526977539062,143.88873492707052,137.91544326382163,142.7019309504816,99136600,0.009409523351754823,1.3143310546875,5.973291663248887,-1.7066611750909715,138.4686248779297,139.00318450927733,142.00945434570312,152.49028686523437,0.02305776353651252,142.1821988439408,4.6785888671875,-2.3049468994140625,-12.897994995117188,0.16288039187856085,91328640.0,0.02912272524555992,-0.03223988134139577,0.033612553304685155,-0.010254800130996222,0.034321469947893535,-0.016084741202064934,-0.08381130268664605,1.0182470570476767,0.992858330630272,0.9246180374753794,42.94973412043626,0.0007648369263518624
141.1031494140625,142.17225768233465,138.78837451258266,138.97473585531196,61758300,0.0007651294886965587,0.107879638671875,3.3838831697519822,2.1284135587505375,139.55146484375,138.7540496826172,141.5259017944336,152.0771578979492,0.022759915435596252,142.07943223157142,5.4141998291015625,-2.4913482666015625,-9.671051025390625,-0.37703834910618284,89593560.0,0.009409523351754823,0.02912272524555992,-0.03223988134139577,-0.00460494870517647,0.03990155311587462,-0.01734988670765092,-0.06414261191372894,1.0111190847910472,0.9970128974625073,0.9278392058638367,51.91978970031949,-0.003272126240930765
140.64219665527344,143.0942888035043,139.91637199149932,140.27929180657773,64522000,-0.0032667786700948387,-0.4609527587890625,3.1779168120049803,0.36290484869570605,139.62994384765625,138.55396118164063,141.06736068725587,151.57006591796875,0.022746708100153838,141.94255265287637,0.39239501953125,-2.000885009765625,-9.170822143554688,0.0447502602889005,79853160.0,0.0007651294886965587,0.009409523351754823,0.02912272524555992,0.033612553304685155,0.002797829408346608,-0.014027213843179509,-0.061215121469980205,1.007249539602491,0.9969860921058485,0.9279021936388839,58.076641130598055,0.02669924724231797
144.44781494140625,145.0167019837592,139.916339525803,140.13212478208789,86548600,0.027058865522846753,3.8056182861328125,5.10036245795618,4.315690159318365,141.37387390136718,139.258203125,140.91238861083986,151.15379852294922,0.023497484282733707,142.1811490613078,8.719650268554688,7.04241943359375,-3.0994415283203125,0.3413812343076781,79443280.0,-0.0032667786700948387,0.0007651294886965587,0.009409523351754823,-0.03223988134139577,0.06424348468552443,0.05125285952248748,-0.021006432803149067,1.0217433458899463,1.0250895351744427,0.9556347002386129,57.588230395830585,0.014694080989188452
146.5860137939453,147.3510650763543,143.2021308192321,144.36932866368048,75981900,0.014802569726696024,2.1381988525390625,4.1489342571221925,2.2166851302648354,142.75488891601563,140.1438980102539,140.84765090942383,150.7094790649414,0.023749391719607896,142.60065998822566,6.9050750732421875,8.856948852539062,-1.2947540283203125,-0.12208978539225357,77589480.0,0.027058865522846753,-0.0032667786700948387,0.0007651294886965587,0.02912272524555992,0.04943462677501853,0.06430704264424536,-0.008755391572462301,1.0268370835284217,1.0407416300340835,0.9726396422004798,55.5298926162639,0.01915323252860149
149.42066955566406,149.5678040506047,146.49778017936205,147.2137868289863,74732300,0.019337832364439533,2.83465576171875,3.070023871242654,2.206882726677776,144.43996887207032,141.454296875,140.8760955810547,150.3004705810547,0.02410902964698477,143.25018470893406,8.425399780273438,13.103988647460938,0.5688934326171875,-0.016446022013137385,72708620.0,0.014802569726696024,0.027058865522846753,-0.0032667786700948387,0.009409523351754823,0.05975661306719959,0.09612901781466698,0.0038218786999686394,1.0344828424049657,1.0606531146350031,0.9941463854238821,59.03288444596271,-0.019822367222699484
146.4879608154297,149.07736899312695,145.20305222207165,148.06710843299678,88194300,-0.019627195815381082,-2.932708740234375,3.8743167710553053,-1.579147617567088,145.51693115234374,142.53419799804686,140.85206451416016,149.83594604492188,0.02435800228498763,143.5585443381241,5.3848114013671875,10.79901123046875,-0.480621337890625,0.18013629983287016,77995820.0,0.019337832364439533,0.014802569726696024,0.027058865522846753,0.0007651294886965587,0.03816223396662566,0.07958651948814,-0.0032702318471660163,1.0066729668870584,1.0400128767775565,0.9776556606217279,55.61606477403618,-0.030939223942057347
142.02513122558594,146.19368643958677,141.3679725525205,145.23247083964995,109180200,-0.030465504229844398,-4.46282958984375,4.825713887066257,-3.2073396140640114,145.79351806640625,142.71173095703125,140.96583862304686,149.25234771728515,0.02267220207274888,143.41250499407286,1.3829345703125,1.77532958984375,2.275482177734375,0.23795075191934179,86927460.0,-0.019627195815381082,0.019337832364439533,0.014802569726696024,-0.0032667786700948387,0.009832998937738369,0.012658339399685303,0.01628256094550351,0.9741525762544266,1.007514534109017,0.9515772006120194,56.90415021159935,0.07283453679534552
152.7554931640625,154.48176014348397,144.98726930709842,145.35997702745019,164762400,0.07555255781762282,10.730361938476562,9.494490836385552,7.395516136612315,147.4550537109375,144.41446380615236,141.82603225708007,148.89120361328125,0.026943012399350253,144.30231339121474,8.30767822265625,17.027328491210938,17.203872680664062,0.5090868124440147,102570220.0,-0.030465504229844398,-0.019627195815381082,0.019337832364439533,0.027058865522846753,0.05751335335897023,0.125451696280225,0.12691749917346873,1.035946136261397,1.077062445681137,1.0259537800555234,67.12885270994225,-0.015530347206148333
150.40147399902344,151.2842358798015,149.0086878845991,150.22493060269468,97943200,-0.015410373246026565,-2.3540191650390625,2.275547995202402,0.1765433963287535,148.21814575195313,145.48651733398438,142.36009826660157,148.5345703125,0.02671726389970408,144.88318583005366,3.815460205078125,10.720535278320312,10.681320190429688,-0.40554883881273884,106962480.0,0.07555255781762282,-0.030465504229844398,-0.019627195815381082,0.014802569726696024,0.02602881479839869,0.07675016631837206,0.07644795614140465,1.0147305057420173,1.0564861631196867,1.0125688160176831,65.71803872273748,-0.017698156748326647
147.7630615234375,152.47108127109797,146.27220032701106,152.10817643552318,80379300,-0.017542464215497433,-2.6384124755859375,6.198880944086909,-4.345114912085677,147.88662414550782,146.16329650878907,142.5832405090332,148.20265563964844,0.026623950269470266,145.15745970561403,-1.6576080322265625,6.767791748046875,4.4628448486328125,-0.1793274060884268,108091880.0,-0.015410373246026565,0.07555255781762282,-0.030465504229844398,0.019337832364439533,-0.011093565817606343,0.04800013332949504,0.03114332240516049,0.9991644773637625,1.0363284001395392,0.9970338310449726,62.895495330471825,-0.03801872614909614
142.25074768066406,149.25392123210702,142.2213237765035,146.0956258102425,93604600,-0.03730508684607281,-5.5123138427734375,7.032597455603508,-3.844878129578433,147.0391815185547,146.2780563354492,142.51605300903321,147.76716400146483,0.02802698092999776,144.88062998895214,-4.237213134765625,1.1475982666015625,-1.34375,0.16453614301194452,109173940.0,-0.017542464215497433,-0.015410373246026565,0.07555255781762282,-0.019627195815381082,-0.028925333598604608,0.008133045019668383,-0.009357949097661966,0.9674343002427119,0.9981384179342074,0.962668185736135,52.09449923620911,-0.043330287808794506
136.21861267089844,140.0634909361085,136.09109910411752,139.33766635298934,97918500,-0.04240494414347151,-6.032135009765625,3.97239183199099,-3.1190536820909074,145.87787780761718,145.83569793701173,142.19482955932617,147.2051449584961,0.02956498548824858,144.0556759586613,-5.8065185546875,-4.423583984375,-6.424468994140625,0.04608641028325522,106921600.0,-0.03730508684607281,-0.017542464215497433,-0.015410373246026565,-0.030465504229844398,-0.0408837401140274,-0.03145275094940103,-0.04503877032905701,0.9337852642094415,0.9579716301433144,0.9253658403672285,50.49764199874281,-0.001949200547045163
135.95335388183594,140.1681172493776,132.0234984378513,139.59828641105477,140814800,-0.0019473020893507886,-0.2652587890625,8.1446188115263,-3.644932529218835,142.51744995117187,144.9862518310547,142.12222747802736,146.588779296875,0.028408916272609646,143.2840262370589,-16.802139282226562,-8.494461059570312,-1.4520416259765625,0.43808166996022213,102132080.0,-0.04240494414347151,-0.03730508684607281,-0.017542464215497433,0.07555255781762282,-0.10999368293866019,-0.058806435133795576,-0.010567573570238742,0.9539418080271233,0.9565945897017049,0.9274472066275963,45.911810333142,0.0038943855030275764
136.4838409423828,136.70980337190065,133.29083425573356,134.7055842324109,83374600,0.003901978475705281,0.530487060546875,3.4189691161670908,1.778256709971913,139.73392333984376,143.97603454589844,142.05996627807616,146.10876556396485,0.028418204889921188,142.63638954232786,-13.917633056640625,-10.1021728515625,-1.2452239990234375,-0.4079130886810193,99218360.0,-0.0019473020893507886,-0.04240494414347151,-0.03730508684607281,-0.015410373246026565,-0.0925365469272661,-0.06891634877092057,-0.009041112705972298,0.9767409207458057,0.960748087714041,0.9341249336791614,44.96557854103416,0.0041665620577587175
137.05369567871094,138.9498435557623,135.0789489012502,137.94774130575934,89908500,0.0041752542454362995,0.569854736328125,3.8708946545121137,-0.8940456270483992,137.59205017089843,142.7393371582031,142.09681701660156,145.68409088134766,0.0283291982732909,142.1047044124596,-10.709365844726562,-12.366973876953125,0.7370147705078125,0.07836799217027735,101124200.0,0.003901978475705281,-0.0019473020893507886,-0.04240494414347151,-0.017542464215497433,-0.07247661042152875,-0.08276615219118677,0.005406636705042267,0.9960873139725819,0.9645092589420815,0.9407595218501535,45.52722563438952,-0.03375340729472082
132.50486755371094,136.12034157773797,132.22977893126608,136.07121539704306,74917800,-0.033190116490281474,-4.548828125,3.890562646471892,-3.5663478433321245,135.64287414550782,141.34102783203124,141.93761291503907,145.2168930053711,0.029312107826949402,141.1904342354359,-9.745880126953125,-13.98309326171875,-3.18408203125,-0.16673284505914343,97386840.0,0.0041752542454362995,0.003901978475705281,-0.0019473020893507886,-0.03730508684607281,-0.06851197822053956,-0.09545557999361476,-0.023466037882888147,0.9768656731025129,0.933543018178174,0.9124617998045862,41.756441497396565,0.0852366145435422
144.29444885253906,144.29444885253906,137.0536956773793,138.7631880310501,118854000,0.0889747034692836,11.789581298828125,7.240753175159767,5.5312608214889565,137.25804138183594,141.56795959472657,142.1398452758789,145.01863891601562,0.03482659309207799,141.48605467516,8.075836181640625,2.269317626953125,4.044647216796875,0.5864587587996444,101573940.0,-0.033190116490281474,0.0041752542454362995,0.003901978475705281,-0.04240494414347151,0.05928584958614791,0.015978282205201033,0.02883888012406355,1.0512640818699186,1.0151583363023808,0.9950062276898354,49.86626522728258,0.019085503218805852
147.0748291015625,147.3793904835366,141.83829520447486,143.26287971945007,93979700,0.019268795654535653,2.7803802490234375,5.54109527906175,3.811949382112431,139.48233642578126,140.99989318847656,142.70717849731446,144.8614761352539,0.03405851184469743,142.01831890624595,11.121475219726562,-5.6806640625,11.346664428710938,-0.2092845003113063,92206920.0,0.0889747034692836,-0.033190116490281474,0.0041752542454362995,-0.0019473020893507886,0.0818036105927391,-0.037187952752696485,0.083598451773514,1.054433363179439,1.0306056825608827,1.015279099905361,50.421524583429495,-0.009530894237711696
145.6797332763672,147.64466090619808,144.8446330372058,146.35763570725214,73374100,-0.009485619216541341,-1.3950958251953125,2.800027868992288,-0.6779024308849557,141.32151489257814,140.52771911621093,143.00711822509766,144.71858764648437,0.03368517036684213,142.3670250367337,9.195892333984375,-4.72174072265625,5.9987945556640625,-0.21925586057414526,90206820.0,0.019268795654535653,0.0889747034692836,-0.033190116490281474,0.003901978475705281,0.06737715080766571,-0.0313942449971395,0.042946407796262465,1.0308390296205205,1.018688685461536,1.006641480168606,46.6919116547755,0.011799373384983308
147.40884399414062,150.89659305740093,145.95480194485347,149.55062261259357,89868300,0.011869260595728681,1.7291107177734375,4.941791112547463,-2.141778618452946,143.39254455566407,140.49229736328124,143.32779693603516,144.63539123535156,0.033715701781212686,142.84719827077245,10.355148315429688,-0.354217529296875,6.41357421875,0.22479594298260563,90198780.0,-0.009485619216541341,0.019268795654535653,0.0889747034692836,0.0041752542454362995,0.07555541106826347,-0.0023971994464982993,0.04548786798994753,1.0280091231445958,1.0284735211546352,1.019175477973272,50.832043124900906,-0.00836586103667051
146.1807861328125,147.2418488642614,144.70709039322372,146.51483522710427,64218300,-0.008330964601940272,-1.228057861328125,2.5347584710376907,-0.3340490942917711,146.1277282714844,140.8853012084961,143.58167877197266,144.49958129882813,0.03380516116178282,143.16468282906197,13.675918579101562,3.9300384521484375,5.07763671875,-0.2854176611775231,88058880.0,0.011869260595728681,-0.009485619216541341,0.019268795654535653,-0.033190116490281474,0.1032106882681727,0.027627541620877105,0.035985282680330855,1.0003630923573215,1.018101942971203,1.011634669241758,53.98785420951474,0.012887645555152524
148.076904296875,148.82357118211542,143.5870387733641,143.86212736220023,80389400,0.012971049166063287,1.8961181640625,5.236532408751316,4.214776934674774,146.88421936035155,142.07113037109374,143.95341415405272,144.43111846923827,0.03385941872163743,143.63251344504417,3.7824554443359375,11.858291625976562,7.4347076416015625,0.2518145139313872,80365960.0,-0.008330964601940272,0.011869260595728681,-0.009485619216541341,0.0889747034692836,0.02621345085978599,0.08705338715074107,0.05286256769598596,1.0081198983915176,1.0286446151142306,1.025242384510186,44.59368343842128,0.0037749771127496097
148.63694763183594,150.0222252429551,147.3401031595605,149.6390649453273,74829600,0.0037821113131735196,0.5600433349609375,2.682122083394603,-1.0021173134913681,147.19664306640624,143.33948974609376,144.16287078857422,144.31677124023437,0.03338969693671556,144.10912622473865,1.5621185302734375,12.68359375,4.1891326904296875,-0.06916085951630435,76535940.0,0.012971049166063287,-0.008330964601940272,0.011869260595728681,0.019268795654535653,0.010621250011412231,0.09329371720409307,0.029001011141144506,1.009784900901442,1.0310348761701846,1.029935373099569,47.87281790923974,-0.02191894477012858
145.4144287109375,147.7330433535175,145.12952086958856,147.5267343973142,58724100,-0.021680470248086725,-3.2225189208984375,2.6035224839289413,-2.1123056863766863,147.14358215332032,144.23254852294923,144.10429153442382,144.0190966796875,0.03364595646066768,144.23344074723377,-0.2653045654296875,8.930587768554688,-1.1715850830078125,-0.21522900028865588,73605940.0,0.0037821113131735196,0.012971049166063287,-0.008330964601940272,-0.009485619216541341,-0.0018211494451763066,0.06543329750167848,-0.007992475221099249,0.9882485296532941,1.0090915902820334,1.0096885209213147,47.20798278933257,0.01455492120848576
147.54640197753906,147.7821986794849,144.3533947208252,145.53236323934706,51804100,0.014661359849232003,2.1319732666015625,3.4288039586596994,2.0140387381919993,147.17109375,145.28181915283204,144.01057815551758,143.95218627929688,0.03352140735975919,144.5489608644057,0.1375579833984375,10.492706298828125,-1.874267578125,-0.11783918357199175,65993100.0,-0.021680470248086725,0.0037821113131735196,0.012971049166063287,0.011869260595728681,0.000933173205020843,0.0765590905583875,-0.012543562973573619,1.0025501490678366,1.0245525284830337,1.0249681216460906,56.845566839823015,0.005908710230639609
148.42079162597656,149.1674586072914,146.72111870836432,146.82919031011303,58301400,0.005926201091441152,0.8743896484375,2.4463398989270786,1.591601315863528,147.6190948486328,146.8734115600586,144.10721969604492,143.8739276123047,0.03322408805418742,144.91770665122198,2.2400054931640625,15.915924072265625,1.932830810546875,0.12542057481936753,64809720.0,0.014661359849232003,-0.021680470248086725,0.0037821113131735196,-0.008330964601940272,0.015323528846868495,0.12011576907402355,0.01319446867706886,1.0054308473992866,1.0299330730204215,1.0316031131500367,68.2004189581761,-0.01978777581698049
145.5127410888672,146.26924255314506,144.54009634908132,145.7092308871806,35195900,-0.019593282755408836,-2.908050537109375,1.7291462040637384,-0.19648979831342217,147.10626220703125,146.9952407836914,144.28160018920897,143.79518127441406,0.032765069293833174,144.9743765976644,-2.5641632080078125,1.218292236328125,3.48760986328125,-0.39631123780904065,55771020.0,0.005926201091441152,0.014661359849232003,-0.021680470248086725,0.012971049166063287,-0.017316429055452165,0.008443098442221686,0.02455628685701905,0.989167550760542,1.0085329030038737,1.0119444879809665,63.21653820383819,-0.026615599131328764
141.69091796875,144.06847835661756,140.86565204725017,142.59478278627932,69246000,-0.026264525645786074,-3.8218231201171875,3.2028263093673957,-0.9038648175293247,145.71705627441406,146.45684967041015,143.72837142944337,143.67275756835937,0.028292537149607163,144.6616662520535,-6.9460296630859375,-5.3839111328125,-11.0645751953125,0.9674450717271046,54654300.0,-0.019593282755408836,0.005926201091441152,0.014661359849232003,0.0037821113131735196,-0.04673151442998413,-0.0366066115167446,-0.07243323932991996,0.9723701644227424,0.9858242778344318,0.9862058776266863,56.598616199308765,-0.021375121499099134
138.69439697265625,142.2705641956943,137.88878454429147,141.75967888062996,83763800,-0.02114829262913398,-2.99652099609375,4.381779651402837,-3.065281907973713,144.3730499267578,145.75831604003906,143.143017578125,143.41625213623047,0.028449593137852544,144.09335489211088,-6.72003173828125,-6.9853363037109375,-11.707077026367188,0.20965543136065623,59662240.0,-0.026264525645786074,-0.019593282755408836,0.005926201091441152,-0.021680470248086725,-0.0462129638568376,-0.04794995258852608,-0.07783884502650018,0.9606668075725878,0.9689218469700013,0.9670758711565761,51.9586958810643,0.04745021956660683
145.43411254882812,146.11201495746124,138.0852876520207,138.92037287256267,111380900,0.04859400035821637,6.739715576171875,8.026727305440545,6.513739676265459,143.95059204101562,145.56084289550782,143.02657012939454,143.24706909179687,0.03052034485096378,144.22104609751253,-2.1122894287109375,-1.9747314453125,-2.328948974609375,0.32970209087935354,71577600.0,-0.02114829262913398,-0.026264525645786074,-0.019593282755408836,0.014661359849232003,-0.014316102598235458,-0.013396288796559519,-0.015761374666969585,1.0103057617671334,1.0168328333487653,1.015267631448918,64.6678620257008,0.0018896915787717822
145.70919799804688,146.51482547786148,144.03901260255705,145.61096061666942,71250400,0.0018914781710954731,0.27508544921875,2.4758128753044275,0.09823738137745863,143.40827331542968,145.51368408203126,143.19949264526366,143.14576904296874,0.029255454016668774,144.36277484994437,-2.7115936279296875,-0.471588134765625,3.4584503173828125,-0.36029965640428474,74167400.0,0.04859400035821637,-0.02114829262913398,-0.026264525645786074,0.005926201091441152,-0.01826963458571873,-0.0032260610114461796,0.024312352474565646,1.0160445742035835,1.0175259374626437,1.0179078220209825,52.17260081761044,-0.0033769734428968252
145.2179718017578,145.40464232225125,143.09584639700262,143.4004227674544,65447400,-0.0033712778811372246,-0.4912261962890625,2.3087959252486314,1.8175490343034255,143.3493194580078,145.22779083251953,143.64946060180665,143.05386810302736,0.02740914351109055,144.4442221786885,-0.294769287109375,-2.8589324951171875,8.999359130859375,-0.08144515679911968,80217700.0,0.0018914781710954731,0.04859400035821637,-0.02114829262913398,-0.019593282755408836,-0.0020257283651151647,-0.01930707903904716,0.0660655614853578,1.0130356554939726,1.0109190190717043,1.0151278936209671,46.9328148558518,-0.008015537773567883
144.05862426757812,148.27338598303572,143.21370507866084,145.1786320304496,68826400,-0.007983499010455475,-1.1593475341796875,5.059680904374886,-1.1200077628714666,143.82286071777344,144.76995849609375,144.05472412109376,142.98409545898437,0.027505926555572564,144.40749856810658,2.367706298828125,-4.5783233642578125,8.105270385742188,0.051629247303941694,80133780.0,-0.0033712778811372246,0.0018914781710954731,0.04859400035821637,-0.026264525645786074,0.01671036035880813,-0.030802054517413913,0.05961802452322651,1.0016392633871143,1.0000270740616677,1.0075150232978323,47.30120860211339,-0.025697168348113683
140.4038848876953,144.71689974436399,139.43124046996064,144.49093730068225,64727200,-0.02536980620538487,-3.6547393798828125,5.2856592744033435,-4.087052412986935,144.16475830078124,144.26890411376954,144.25072631835937,142.83455780029297,0.02823834368917675,144.02620202711503,1.7094879150390625,-5.0105438232421875,3.9200439453125,-0.05955854148989337,76326460.0,-0.007983499010455475,-0.0033712778811372246,0.0018914781710954731,-0.02114829262913398,0.01232557300332826,-0.03445699211322706,0.028721670772493546,0.9739126714641358,0.9733322560735387,0.982982599239071,39.04091897608266,-0.013880696884366028
138.46844482421875,140.85582456681212,137.54492649061714,139.69652452502783,69721100,-0.013784804209831192,-1.9354400634765625,3.310898076194974,-1.2280797008090758,142.77162475585936,143.3611083984375,144.32146377563475,142.6268911743164,0.028443154569845194,143.4968918173154,-6.965667724609375,-9.077957153320312,1.4147491455078125,0.07715303612700697,67994500.0,-0.02536980620538487,-0.007983499010455475,-0.0033712778811372246,0.04859400035821637,-0.0478956938130366,-0.06152611674463093,0.01032259027019844,0.9698596976885352,0.9594445704866517,0.9708438828340213,38.19551358703775,0.012059773190566806
140.14845275878906,141.0032064446931,138.62564588690643,139.86354485762612,62128300,0.012132785463886853,1.6800079345703125,2.3775605577866656,0.2849079011629385,141.65947570800782,142.53387451171875,144.70364303588866,142.49048858642578,0.027370531706554298,143.1779928593605,-5.5607452392578125,-8.2723388671875,7.643585205078125,-0.10890246998397901,66170080.0,-0.013784804209831192,-0.02536980620538487,-0.007983499010455475,0.0018914781710954731,-0.038163309630819264,-0.055735714495001254,0.05768531636756502,0.989333414219792,0.968520555657539,0.9835635637797944,37.78391978938271,-0.0034408387011996755
139.66705322265625,143.01725827820258,138.42913927736055,139.84388950557997,76097000,-0.0034349257994403803,-0.4813995361328125,4.588119000842028,-0.17683628292371623,140.5492919921875,141.94930572509764,144.47227325439454,142.48883666992188,0.018474485599887153,142.84361765586488,-5.5509185791015625,-5.8456878662109375,-4.6273956298828125,0.22483634672122044,68300000.0,0.012132785463886853,-0.013784804209831192,-0.02536980620538487,-0.0033712778811372246,-0.038224735617980676,-0.040173031051905395,-0.03206911746557728,0.9937229227054356,0.9667395000888718,0.9801964595036848,36.14569934109402,0.01625710412368757
141.95619201660156,141.96601125722427,138.58633357333804,140.19757351667832,70462700,0.016389969868527032,2.2891387939453125,3.3796776838862286,1.7586184999232444,140.1288055419922,141.9758331298828,144.2163414001465,142.61692810058594,0.018314944305521413,142.75910092831597,-2.1024322509765625,0.2652740478515625,-5.1186370849609375,-0.07404102658449085,68627260.0,-0.0034349257994403803,0.012132785463886853,-0.013784804209831192,-0.007983499010455475,-0.014594282443454731,0.0018722021965449365,-0.03480294429868935,1.013040762515183,0.9843280632305471,0.9953670571033589,44.50005994048662,0.00675957754586882
142.91900634765625,147.34009332894186,141.71058010364294,146.87833415604433,93886200,0.00678247505358609,0.9628143310546875,5.629513225298922,-3.959327808388082,140.63182983398437,142.3982940673828,144.07830505371095,142.6809051513672,0.01830807963175942,142.77433001587218,2.5151214599609375,4.224609375,-2.7607269287109375,0.3324241052358199,74459060.0,0.016389969868527032,-0.0034349257994403803,0.012132785463886853,-0.02536980620538487,0.017913474844180488,0.030459841689443934,-0.01895065886394509,1.0162635764348078,0.9919536900047338,1.0016687670717848,42.3563897759552,-0.015657790210343053
140.69863891601562,144.0881358235322,138.68458524913544,142.8011107216781,82291200,-0.015535844310584523,-2.220367431640625,5.403550574396775,-2.102471805662475,141.07786865234374,141.92474670410155,143.7427947998047,142.6288735961914,0.01833564147510324,142.5766451492192,2.230194091796875,-4.7354736328125,-6.710205078125,-0.12350057835975892,76973080.0,0.00678247505358609,0.016389969868527032,-0.0034349257994403803,-0.013784804209831192,0.016106153966183756,-0.03256095526572289,-0.04552104810205093,0.9973119119253024,0.9788222019195552,0.9864667326361939,37.787462626057874,-0.04798757561443382
134.10629272460938,139.3133532425607,133.6445335943197,138.63545090272245,98931900,-0.04685437074726273,-6.59234619140625,5.668819648240998,-4.529158178113079,139.86943664550782,140.76445617675782,143.13907012939453,142.43910949707032,0.020865965801211736,141.76994491830396,-6.0421600341796875,-11.6029052734375,-12.074493408203125,0.20221724801679897,84333800.0,-0.015535844310584523,0.00678247505358609,0.016389969868527032,0.012132785463886853,-0.04311257038690908,-0.0796305616450722,-0.0825997296062757,0.9587962598612244,0.9368950951223889,0.9414990952844147,33.843544986878726,-0.01468599818772395
132.1511993408203,135.23613504981998,131.38487878191776,134.2929782040358,160156900,-0.014578684892914695,-1.9550933837890625,3.8512562679022153,-2.141778863215478,138.36626586914062,139.45777893066406,142.3427848815918,142.22927185058595,0.02058757766907474,140.85387391092456,-7.5158538818359375,-13.0667724609375,-15.925704956054688,0.6188600441313672,101145780.0,-0.04685437074726273,-0.015535844310584523,0.00678247505358609,-0.0034349257994403803,-0.05381264735251634,-0.08998040875254343,-0.1075502289278395,0.9550825015817209,0.928401108990179,0.9291420649305383,35.73318375724129,-0.016037674364785454
130.0487060546875,132.82907992971283,129.01713123497163,132.74066180080095,79592600,-0.015909755617960375,-2.1024932861328125,3.8119486947412042,-2.6919557461134502,135.98476867675782,138.056787109375,141.4133728027344,142.08213806152344,0.02059258884517557,139.82481030556863,-11.907485961914062,-14.009918212890625,-18.588241577148438,-0.5030335876880734,102971760.0,-0.014578684892914695,-0.04685437074726273,-0.015535844310584523,0.016389969868527032,-0.08388141293985607,-0.09725150635111057,-0.12505801466799693,0.9563475918675817,0.9196351340555315,0.915306510930844,36.71496701039629,-0.0005288348305462624
129.97994995117188,130.91328746393052,127.61220884643005,129.08590439011405,77432800,-0.0005286950220535491,-0.068756103515625,3.3010786175004654,0.8940455610578226,133.39695739746094,137.01439361572267,140.6416488647461,141.92715576171875,0.020310798268856265,138.88720455753085,-12.939056396484375,-10.423934936523438,-15.434478759765625,-0.027135688493653887,99681080.0,-0.015909755617960375,-0.014578684892914695,-0.04685437074726273,0.00678247505358609,-0.09053418944860003,-0.07424249652964532,-0.106141315525484,0.9743846672896146,0.9241924493943648,0.9158215653204168,20.1290979424315,0.023530584772725193
133.07472229003906,134.41087369361549,130.42207295695286,130.64803543949063,85928000,0.023809613252119055,3.0947723388671875,3.9888007366626255,2.4266868505484354,131.87217407226564,136.4750213623047,139.9180648803711,141.86231658935546,0.02088134657605337,138.33363481776973,-7.6239166259765625,-5.3937225341796875,-14.4716796875,0.10971061359010648,100408440.0,-0.0005286950220535491,-0.015909755617960375,-0.014578684892914695,-0.015535844310584523,-0.05418614341057948,-0.0389527198130003,-0.09808222697089575,1.0091190444552347,0.9510903570873207,0.9380554715967766,27.97946697317633,-0.02405981687307556
129.9111785888672,132.20032094511618,128.0150307307424,131.99401195090732,77852100,-0.023772686853907987,-3.163543701171875,4.185290214373765,-2.082833362040134,131.03315124511718,135.4512939453125,138.99258422851562,141.7467611694336,0.021122429895090063,137.5314961293028,-4.1951141357421875,-10.237274169921875,-18.509613037109375,-0.09398449865003256,96192480.0,0.023809613252119055,-0.0005286950220535491,-0.015909755617960375,-0.04685437074726273,-0.031282008103504566,-0.0730459307142074,-0.12471037806989993,0.9914374900886633,0.9346626606731923,0.9165019187534096,25.595238674481536,-0.002802065713453515
129.54766845703125,130.0978457490201,127.3665977700706,128.62415014924704,63814900,-0.002798143591525304,-0.3635101318359375,2.7312479789495114,0.9235183077842066,130.51244506835937,134.43935546875,138.19433059692383,141.53271850585938,0.02090414342365911,136.77113158908648,-2.6035308837890625,-10.119384765625,-15.965072631835938,-0.1803059904614005,76924080.0,-0.023772686853907987,0.023809613252119055,-0.0005286950220535491,-0.014578684892914695,-0.019701152140696898,-0.07245362834062763,-0.10971597753138185,0.9926077807306208,0.9374311369898914,0.915319579985797,26.261688308446537,-0.013975412437136178
127.7497787475586,129.1055837164495,126.4627534469259,129.07611099897005,69007800,-0.013878209703704458,-1.7978897094726562,2.6428302695236,-1.3263322514114577,130.0526596069336,133.0187141418457,137.49727363586425,141.37315078735352,0.02043756587424042,135.9119551279886,-2.2989273071289062,-14.206413269042969,-13.941139221191406,0.0813744125588225,74807120.0,-0.002798143591525304,-0.023772686853907987,0.023809613252119055,-0.015909755617960375,-0.017677433146948585,-0.10007603801728882,-0.09839119839894139,0.982292704614153,0.929107722425682,0.9036353652449429,27.960334424819663,-0.03116604317989376
123.82972717285156,128.73221899747332,123.66271014073895,127.39606774936588,85438400,-0.03068538836731216,-3.9200515747070312,5.069508856734373,-3.566340576514321,128.82261505126954,131.10978622436522,136.75404014587403,141.0561265563965,0.020940056131416033,134.76126675130888,-6.1502227783203125,-19.089279174804688,-14.864669799804688,0.2380977222864662,76408240.0,-0.013878209703704458,-0.002798143591525304,-0.023772686853907987,-0.0005286950220535491,-0.04731670369646013,-0.13356711372852148,-0.10717570517816433,0.9612421477670603,0.9054922767968226,0.8778755676616603,26.15236921951056,0.027930783916863124
127.33714294433594,128.1918817150827,125.49011356491995,125.74554877459363,75703700,0.028324505363630736,3.507415771484375,2.7017681501627493,1.591594169742308,127.6750991821289,129.77363662719728,135.8491916656494,140.7829640197754,0.018539978453076787,134.05420734112099,-5.737579345703125,-13.361495971679688,-18.096969604492188,-0.1139382291803217,74363380.0,-0.03068538836731216,-0.013878209703704458,-0.002798143591525304,0.023809613252119055,-0.043115471120037,-0.09496535342929147,-0.12443414607020964,0.9973529980398851,0.9373419258742206,0.9044925558354435,30.302167225662117,0.0024655724453722674
127.6514892578125,127.67114272748928,125.19533773599038,126.1581553688859,77034200,0.002468614468709829,0.3143463134765625,2.4758049914989044,1.4933338889265997,127.22316131591796,129.12815628051757,134.9463062286377,140.5139308166504,0.018554101479225933,133.44442466652018,-2.2596893310546875,-6.454803466796875,-18.057708740234375,0.017575098707196535,74199800.0,0.028324505363630736,-0.03068538836731216,-0.013878209703704458,-0.023772686853907987,-0.017394110003466134,-0.04813199541688906,-0.12392977923381632,1.0033667449972488,0.9459428184831848,0.9084614494514323,31.43026125147152,-0.038121951121379
122.87675476074219,128.60451337209517,121.99253578697103,127.99539057563403,112117500,-0.03740445587302921,-4.7747344970703125,6.611977585124137,-5.118635814891846,125.88897857666015,128.20071182250976,133.82924537658693,140.15862197875975,0.019779124644809732,132.43797991358895,-6.6709136962890625,-9.274444580078125,-22.341217041015625,0.4554249930550327,83860320.0,0.002468614468709829,0.028324505363630736,-0.03068538836731216,-0.002798143591525304,-0.05149389236983215,-0.07018055550263425,-0.1538460891845701,0.9760723786150695,0.9181607085579454,0.8766977944415254,22.61702243214644,0.010261345061452105
124.14412689208984,126.4037966398773,122.886574422074,124.66483150899292,89113600,0.010314173203999522,1.2673721313476562,3.517222217803294,-0.5207046169030747,125.1678482055664,127.61025390625,132.8335205078125,139.75254821777344,0.020204882387409816,131.64808914963666,-3.60565185546875,-5.904579162597656,-19.91449737548828,-0.20517671193167886,87881480.0,-0.03740445587302921,0.002468614468709829,0.028324505363630736,-0.013878209703704458,-0.028224329551237326,-0.04540282899942649,-0.13823884183774093,0.991821211851503,0.9345843309542369,0.8883138695878281,23.28764803614588,-0.010661407640996098
122.82760620117188,125.5293813261351,122.57217104073682,124.90060516942826,80962700,-0.010604776269942495,-1.3165206909179688,2.9572102853982756,-2.0729989682563854,124.96742401123046,126.89501953125,131.95470657348633,139.27738006591798,0.019771752304018727,130.80804315454478,-1.0021209716796875,-7.15234375,-17.576278686523438,-0.09146639794599254,86986340.0,0.010314173203999522,-0.03740445587302921,0.002468614468709829,-0.03068538836731216,-0.008092733421602771,-0.05502651564865846,-0.12518370628121978,0.9828769951290163,0.9308315663054313,0.8818919923898578,23.902401958752648,0.03613348887239405
127.34695434570312,128.00520329992693,122.699904718632,123.80026688503307,87754700,0.0367942377475734,4.51934814453125,5.3052985812949345,3.546687460670057,124.96938629150391,126.3222427368164,131.39863204956055,138.83590576171875,0.021907279678100633,130.47841564894082,0.0098114013671875,-5.7277679443359375,-11.121490478515625,0.08389048290138534,89396540.0,-0.010604776269942495,0.010314173203999522,-0.03740445587302921,0.028324505363630736,7.705058508711282e-05,-0.04304174260722593,-0.08031786948018371,1.0190252038899614,0.9691649932677441,0.9172479816875767,39.49298892183712,0.004080481720699737
127.8676528930664,131.07049435820306,127.61221771125115,128.1820484933381,70790800,0.004088818221358981,0.5206985473632812,3.4582766469519157,-0.3143956002716948,125.01261901855469,126.11789016723633,130.78459205627442,138.4634996032715,0.021669047751145736,130.22977157695277,0.21616363525390625,-2.0435256958007812,-12.280799865722656,-0.19331044377110285,88147860.0,0.0367942377475734,-0.010604776269942495,0.010314173203999522,0.002468614468709829,0.0016933890588406442,-0.015730175940193547,-0.08762708131255126,1.022837965454415,0.9776966145832156,0.923475524303773,43.03068023524137,0.004446399844600805
128.43746948242188,128.958174020526,125.87323874198964,127.9757103650532,63896200,0.004456299747927606,0.5698165893554688,3.0849352785363635,0.4617591173686719,126.12476196289063,126.00687026977539,130.2231128692627,138.1917463684082,0.021758259940995648,130.0590761393784,5.5607147216796875,-1.110198974609375,-11.229583740234375,-0.09739401165123152,78503600.0,0.004088818221358981,0.0367942377475734,-0.010604776269942495,-0.03740445587302921,0.04525440741421893,-0.008569810540261513,-0.08040252501305556,1.0183366650889039,0.986287815215771,0.9294149097733942,47.24091763514393,0.020892628247468445
131.1490936279297,131.1687321095965,128.17222961380043,128.94836939344688,69458900,0.021112407122587662,2.7116241455078125,2.9965024957960793,2.2007242344828057,127.5257553100586,126.3468017578125,129.6827579498291,137.75961837768554,0.022014789527464457,130.16288732876424,7.004966735839844,3.3993148803710938,-10.807098388671875,0.08705838531868881,74572660.0,0.004456299747927606,0.004088818221358981,0.0367942377475734,0.010314173203999522,0.05642608241893554,0.02660916452222084,-0.07612981325540202,1.0284126003336465,1.011307098193176,0.9520140602332953,51.83587202064047,-0.0005994824798909022
131.07049560546875,131.90558081812333,129.13504077259947,131.5322547782573,71379600,-0.0005993028261706002,-0.0785980224609375,2.770540045523859,-0.46175917278856105,129.17433319091796,127.07087860107421,129.09033241271973,137.37299880981445,0.021890974510449433,130.24932621225992,8.242889404296875,7.2407684326171875,-11.8485107421875,0.02765232389225858,72656040.0,0.021112407122587662,0.004456299747927606,0.004088818221358981,-0.010604776269942495,0.06710941993607156,0.05847358786884782,-0.0829036742206668,1.014679095821213,1.0153393608625791,0.9541212373686974,46.52351429723901,0.010068543253059056
132.3968505859375,132.55404843254638,129.35122101175244,129.71472791472513,57809700,0.010119401581124565,1.32635498046875,3.2028274207939376,2.682122671212369,130.18431243896484,127.57684936523438,128.67524299621581,137.06567459106446,0.02193653957767251,130.45385234308634,5.049896240234375,5.0597076416015625,-8.301788330078125,-0.19010893868836476,66667040.0,-0.0005993028261706002,0.021112407122587662,0.004456299747927606,0.0367942377475734,0.039654629089327376,0.039734735086787376,-0.059004041503440186,1.0169954282933282,1.028922483479057,0.965937321513527,54.60509503003329,0.008718035858257634
133.55613708496094,134.88245427698436,131.77787992946924,132.4656016206527,63646600,0.008756148608466852,1.1592864990234375,3.1045743475151255,1.090535464308232,131.32200927734374,128.1673141479492,128.6477352142334,136.89178237915038,0.019442028553876525,130.7493080327887,5.688484191894531,5.9046478271484375,-0.5501556396484375,0.1009674846954749,65238200.0,0.010119401581124565,-0.0005993028261706002,0.021112407122587662,0.004088818221358981,0.04448728089700471,0.046256004230573966,-0.004102384969944639,1.0170125923286695,1.0381538148538234,0.9756329763831207,57.213612718413756,-0.005384219068840219
132.83897399902344,136.17934585306614,132.66212267032995,134.42074175730406,69672800,-0.005369750140955976,-0.7171630859375,3.5172231827361884,-1.5817677582806198,132.20231018066406,129.16353607177734,128.68212394714357,136.8241896057129,0.01918660171380843,130.94832383909676,4.4015045166015625,9.96221923828125,0.687774658203125,0.09468219826353641,66393520.0,0.008756148608466852,0.010119401581124565,-0.0005993028261706002,0.004456299747927606,0.03426962968313507,0.08107488888096892,0.005204452639353985,1.0048158297497929,1.0323032440277975,0.9708734572580062,59.529139365936395,0.0004431728006011445
132.89785766601562,133.86066781311564,131.42416224055012,131.72872356322017,58280400,0.0004432710161750286,0.0588836669921875,2.4365055725655225,1.1691341027954536,132.55206298828125,130.0389091491699,128.82458152770997,136.76307968139648,0.01879792448852538,131.13399372737476,1.7487640380859375,8.753730773925781,2.849151611328125,-0.16351287733520115,64157820.0,-0.005369750140955976,0.008756148608466852,0.010119401581124565,0.021112407122587662,0.013334167928351626,0.07051264520580025,0.021908342633797595,1.0026087461027668,1.0316187802824688,0.9717378255565371,69.84954415010448,0.019038260095232754
135.45223999023438,135.5996185121786,131.86625415764433,132.90766308475472,80223600,0.01922064335030993,2.55438232421875,3.733364354534274,2.5445769054796585,133.42841186523438,131.30137252807617,129.0981960296631,136.74244766235353,0.019213570829392918,131.54525527621854,4.381744384765625,12.6246337890625,5.4722900390625,0.3765107995140733,65926620.0,0.0004432710161750286,-0.005369750140955976,0.008756148608466852,-0.0005993028261706002,0.0334304403483372,0.10278335774439329,0.04210103205239135,1.0151678948786718,1.0492186889978796,0.990564687891905,68.53681982759463,0.02322873664506757
138.6354522705078,140.806703627411,135.4817372209474,135.6978804326285,81760300,0.02350062487340887,3.1832122802734375,5.324966406463602,2.937571837879318,134.67613220214844,132.43022232055665,129.37623252868653,136.77408279418944,0.01919542957562374,132.22051213281753,6.2386016845703125,11.288497924804688,5.56072998046875,0.01915521118473862,70716740.0,0.01922064335030993,0.0004432710161750286,-0.005369750140955976,0.010119401581124565,0.04712046893079913,0.08864364273809255,0.04178652327636678,1.029398825193587,1.071568166430942,1.0136090803044848,72.18265805465505,0.010012757055558345
140.03054809570312,140.64950501564115,137.83965827143598,137.84947751147084,66435100,0.010063052432455644,1.3950958251953125,2.809846744205174,2.1810705842322875,135.97101440429688,133.64651184082032,129.88220100402833,136.9245964050293,0.01825143715495956,132.9643250816638,6.4744110107421875,12.162895202636719,10.119369506835938,-0.18744060381383143,71274440.0,0.02350062487340887,0.01922064335030993,0.0004432710161750286,0.008756148608466852,0.04847707602252327,0.09512097021760724,0.0778945246802889,1.0298558756010718,1.0781350101339908,1.0226836651136535,90.11953160910515,-0.004711725959605851
139.372314453125,139.93231102042415,136.37579688239575,138.41932337339787,65799300,-0.004700643192000253,-0.658233642578125,3.5565141380284047,0.952991079727127,137.27768249511718,134.73999633789063,130.373433303833,136.82615371704102,0.01829318317056856,133.5746097837077,6.5333404541015625,10.934844970703125,9.82464599609375,-0.009570242236408122,70499740.0,0.010063052432455644,0.02350062487340887,0.01922064335030993,-0.005369750140955976,0.049182406769790354,0.08513749931985148,0.07583807654054708,1.0152583575125718,1.0690238871620437,1.0186087284259226,86.66047329005316,0.014694917009090988
141.4355010986328,141.72040901629467,139.41161299424252,140.65934626942868,54105100,0.0148034181221961,2.0631866455078125,2.3087960220521495,0.7761548292041311,138.98521118164064,135.76863708496094,131.0577194213867,136.71336715698243,0.01795372868067292,134.32326609941487,8.537643432617188,10.286407470703125,13.685722351074219,-0.17772529494994627,69664680.0,-0.004700643192000253,0.010063052432455644,0.02350062487340887,0.0004432710161750286,0.06424214492661773,0.07843292840349836,0.10712912762156757,1.017629860732376,1.0791848181325259,1.0345403967428302,93.2422264221862,0.013591475264519903
143.37094116210938,144.64814715401417,140.57092820918845,140.64952711543583,70555800,0.013684259244974406,1.9354400634765625,4.077218944825717,2.7214140466735444,140.56895141601564,136.998681640625,132.0347801208496,136.66719131469728,0.01590314921931872,135.18494943871912,7.918701171875,12.300445556640625,19.541213989257812,0.3040508196085028,67731120.0,0.0148034181221961,-0.004700643192000253,0.010063052432455644,0.01922064335030993,0.058461205015479356,0.09384602919077856,0.15780713109365574,1.0199332051485623,1.085857385689467,1.0490516398480427,92.31989980060061,-0.020282406073813562
140.49232482910156,142.99761054282715,140.34496125408572,142.41796049282078,64015300,-0.020078101668823956,-2.8786163330078125,2.6526492887414292,-1.9256356637192198,140.94032592773436,137.8082290649414,132.6925392150879,136.52886093139648,0.01624237998017159,135.6904137616127,1.85687255859375,8.095474243164062,13.155181884765625,-0.09269967883575836,64182120.0,0.013684259244974406,0.0148034181221961,-0.004700643192000253,0.02350062487340887,0.013393922897662502,0.06114551975622229,0.10330985587226715,0.9968213419709097,1.0587808904716987,1.029030227533332,79.64944746639412,0.008980327971719763
141.75967407226562,141.8088002532181,139.78492752410364,140.19756045993424,65874500,0.009020772093462748,1.2673492431640625,2.0238727291144585,1.5621136123313875,141.28615112304686,138.6285827636719,133.39794845581054,136.44043869018554,0.01625357516132285,136.26843855310344,1.7291259765625,8.203536987304688,14.108184814453125,0.029043056894211272,64070000.0,-0.020078101668823956,0.013684259244974406,0.0148034181221961,0.010063052432455644,0.012348205445719795,0.061423886362377056,0.11052111414038746,1.0033515170839806,1.0626825653111525,1.0389857686851802,80.29505165971764,0.00786972091430433
142.8796844482422,144.0389993752098,138.8417731528238,141.44529588395375,77663600,0.007900768559933491,1.1200103759765625,5.197226222386007,1.4343885642884402,141.9876251220703,139.63265380859374,134.39809494018556,136.3364942932129,0.01275790566626628,136.8980810193071,3.5073699951171875,10.04071044921875,20.0029296875,0.17896302818237708,66442860.0,0.009020772093462748,-0.020078101668823956,0.013684259244974406,-0.004700643192000253,0.025165471412881057,0.07558557663425325,0.1627885577418482,1.0062826554455357,1.063107959319151,1.0479929470751768,78.75735041072524,0.03639245836790137
148.17520141601562,148.52887400177488,145.57166328269082,146.28885767804982,118339000,0.037062770597675376,5.2955169677734375,2.9572107190840597,1.8863437379658023,143.33556518554687,141.16038818359374,135.59964866638182,136.32725936889648,0.014354453826954832,137.9720924856603,6.7397003173828125,15.27734375,24.03107452392578,0.5237382763611267,79289640.0,0.007900768559933491,0.009020772093462748,-0.020078101668823956,0.0148034181221961,0.04765211184625251,0.11495553064815645,0.19357399440099465,1.0337643781862784,1.0927403048113618,1.0869080923504746,83.39102180683874,0.024106696966284855
151.79061889648438,154.62011872552648,145.23758879873273,145.43407851103754,154357300,0.02439961239072752,3.61541748046875,9.382529926793751,6.356540385446834,145.01950073242188,142.79422607421876,137.04779930114745,136.45478317260742,0.013969199242962945,139.2881426200245,8.419677734375,16.33837890625,28.9630126953125,0.3043654247543075,96049940.0,0.037062770597675376,0.007900768559933491,0.009020772093462748,0.013684259244974406,0.058726529003215955,0.12062095767059988,0.23580214245872178,1.0466910872666428,1.1075742891933726,1.112387674270663,84.75362195199314,-0.018091343264182175
149.0692138671875,150.41519933800663,148.1358763450209,149.8944947732861,69858300,-0.017928677339096755,-2.721405029296875,2.279322992985726,-0.8252809060986124,146.73487854003906,143.8376022338867,138.13391227722167,136.4852394104004,0.013955395410989332,140.2196732149924,8.576889038085938,10.433761596679688,21.722259521484375,-0.5474247087763261,97218540.0,0.02439961239072752,0.037062770597675376,0.007900768559933491,-0.020078101668823956,0.06104880852757666,0.07526041445965181,0.17057541448942648,1.0159085239336023,1.0791644963187585,1.0922002592452367,76.32555424877016,0.019061945937897545
151.93801879882812,152.50784959474223,147.99834440627268,147.99834440627268,83322600,0.019244784736012432,2.868804931640625,4.5095051884695465,3.939674392555446,148.77054748535156,145.02834930419922,139.33743057250976,136.55558395385742,0.014142206028240713,141.33570612773866,10.1783447265625,11.907470703125,24.07036590576172,0.19273729821653252,100708160.0,-0.017928677339096755,0.02439961239072752,0.037062770597675376,0.009020772093462748,0.07180000090416283,0.08503480751205017,0.18824437112247128,1.021290983780163,1.0904321844786793,1.112645959978967,80.20513939237156,-0.017810451863795963
149.25588989257812,151.8692470443083,148.51904208604415,151.18152542311802,64120100,-0.01765278320366437,-2.68212890625,3.3502049582641575,-1.9256355305398927,150.04578857421876,146.01670684814454,140.37835159301758,136.63044692993165,0.015311700800613049,142.09000934343766,6.3762054443359375,9.883575439453125,20.81842041015625,-0.23045968320719712,97999460.0,0.019244784736012432,-0.017928677339096755,0.02439961239072752,0.007900768559933491,0.04462639646048272,0.07091491217775014,0.1620899297849019,0.9947356157800462,1.063240080816009,1.0924057795779676,73.88815058243021,-0.006935519398645599
148.22430419921875,151.62363543992853,147.782198500911,151.0832773681269,56007100,-0.006911524189107898,-1.031585693359375,3.841436939017541,-2.858973168908136,150.05560913085938,146.69558715820312,141.23211212158202,136.76111465454102,0.015297157444611537,142.6742279011311,0.049102783203125,6.7888031005859375,17.075210571289062,-0.12652818694917822,85533080.0,-0.01765278320366437,0.019244784736012432,-0.017928677339096755,0.037062770597675376,0.00033138327286796887,0.04799928623190319,0.13019693921584752,0.9877958248795379,1.049508514548146,1.0838190707470745,69.51959725308245,0.002453127310597152
148.58836364746094,148.9130734935689,146.8270751036462,147.0632318137508,57450700,0.0024561386893264814,0.3640594482421875,2.0859983899227075,1.5251318337101338,149.4151580810547,147.2173294067383,142.10800552368164,136.95899398803712,0.015240316398227061,143.2374789245911,-3.2022552490234375,5.2174224853515625,17.517868041992188,0.0257753034883077,66151760.0,-0.006911524189107898,-0.01765278320366437,0.019244784736012432,0.02439961239072752,-0.021096529365936978,0.03639107369360306,0.13365226064851532,0.9944664621433841,1.0456016401039376,1.084911325067411,66.64541779801155,0.018631786515987465
151.38278198242188,151.7861955840658,148.4997612819392,148.52927898415484,62199000,0.01880644127416975,2.7944183349609375,3.2864343021266222,2.8535029982670324,149.87787170410155,148.3063751220703,143.05730209350585,137.07796737670898,0.01547384982627652,144.01322207295595,2.313568115234375,10.890457153320312,18.985931396484375,0.08264999382078897,64619900.0,0.0024561386893264814,-0.006911524189107898,-0.01765278320366437,-0.017928677339096755,0.015520093352713538,0.0775163850877103,0.1434016844997441,1.0100409103839652,1.0581968188067343,1.1043553160253778,68.13677642311703,-0.004233209782086364
150.74330139160156,151.30416815127361,148.44082893569765,149.68061833177643,61707600,-0.004224262379420196,-0.6394805908203125,2.8633392155759623,1.0626830598251331,149.63892822265626,149.2047378540039,143.9166603088379,137.1786494445801,0.01566017411336884,144.65418200806505,-1.1947174072265625,8.983627319335938,17.187164306640625,-0.007900448560266282,60296900.0,0.01880644127416975,0.0024561386893264814,-0.006911524189107898,0.019244784736012432,-0.00786318932332808,0.06337223458031027,0.12868868987807813,1.0073802531337437,1.0474346824621559,1.0988831133849408,68.1776292969499,0.013807308926075214
152.83909606933594,153.00636811059493,150.42838780610393,150.6546952720313,65573800,0.013903070042826648,2.095794677734375,2.577980304491007,2.1844007973046473,150.3555694580078,150.20067901611327,144.91666641235352,137.33107192993165,0.015503795161698369,145.43369763294797,3.5832061767578125,9.95941162109375,20.0001220703125,0.06265354672682144,60587640.0,-0.004224262379420196,0.01880644127416975,0.0024561386893264814,-0.01765278320366437,0.024007134186374124,0.06970488253493823,0.15055914290981742,1.0165176895028272,1.0546688648939766,1.112924365341856,68.21077091173498,-0.010484298552182063
151.24505615234375,153.8230360580732,150.89082864502956,151.0482514150965,68167900,-0.010429529864983245,-1.5940399169921875,2.932207413043642,0.19680473724724834,150.9597198486328,150.5076644897461,145.83402633666992,137.47480056762694,0.01593597257468045,145.9871603490809,3.020751953125,3.069854736328125,18.347198486328125,0.03956000719799668,63019800.0,0.013903070042826648,-0.004224262379420196,0.01880644127416975,-0.006911524189107898,0.020379599482315713,0.02071773621355999,0.13805488522197473,1.0018901486038598,1.0371040281311443,1.1001656705655152,62.713051104672935,-0.007574928014591881
150.1037139892578,150.54649479465752,148.43097816102596,149.90692418842454,59144100,-0.007546310551376334,-1.1413421630859375,2.1155166336315574,0.19678980083327247,151.26278991699218,150.33897399902344,146.56660003662108,137.6687971496582,0.015944872397940034,146.3792130767168,1.515350341796875,-1.6869049072265625,14.651473999023438,-0.1323760890389758,63358480.0,-0.010429529864983245,0.013903070042826648,-0.004224262379420196,0.0024561386893264814,0.01019831098882129,-0.011113367344374403,0.10816708531420205,0.9923373360469523,1.0241331514257201,1.0903248746052583,66.44020533422143,-0.02704232766840971
146.0989532470703,148.87373860585663,146.0300835825423,147.79137232815333,58867200,-0.02667995771559728,-4.0047607421875,2.8436550233143407,-1.6924190810830169,150.20602416992188,150.0419479370117,146.9397750854492,137.82140731811523,0.016847534042458156,146.35252166436953,-5.2838287353515625,-2.9702606201171875,7.4635009765625,-0.004681785672619898,62692120.0,-0.007546310551376334,-0.010429529864983245,0.013903070042826648,0.01880644127416975,-0.034903762938939153,-0.019925379245398944,0.05383544291397846,0.9726570825268273,0.9942777791929385,1.0600599434444107,56.78674815820687,0.0028917678142476285
146.5220489501953,147.54536466728035,144.80011234851025,146.4826819914061,51011300,0.0028959530080239215,0.423095703125,2.745252318770099,0.039366958789202044,149.3617736816406,149.50035095214844,147.26435012817382,137.94887924194336,0.016760007854338437,146.36866712016246,-4.22125244140625,-5.4159698486328125,6.4915008544921875,-0.13345122580995872,60552860.0,-0.02667995771559728,-0.007546310551376334,-0.010429529864983245,-0.004224262379420196,-0.028002918885531525,-0.03564591595605682,0.04635774795407932,0.9809876070600362,0.9949593966405825,1.0621474400905846,55.82371115509078,0.003285209813109678
147.0041961669922,147.92912460701393,144.87884561858363,147.68313363952294,48394200,0.00329061202905212,0.482147216796875,3.050278988430307,-0.6789374725307482,148.19479370117188,149.27518157958986,147.64594421386718,138.09562210083007,0.016676834727918664,146.429193696051,-5.83489990234375,-2.2516937255859375,7.6318817138671875,-0.051304318847000596,57116940.0,0.0028959530080239215,-0.02667995771559728,-0.007546310551376334,0.013903070042826648,-0.03817674961710538,-0.01508612978158863,0.05475895082759785,0.991965996210498,0.9956534664714839,1.0645101845419658,47.78708903143802,-0.018169339615635615
144.3573455810547,144.8296440334222,143.38321594733068,144.75092512234477,55469600,-0.018005272332027533,-2.6468505859375,1.4464280860915153,-0.3935795412900802,146.81725158691407,148.88848571777345,147.7920364379883,138.14364517211914,0.017043649195234278,146.23187482795612,-6.8877105712890625,-3.8669586181640625,2.921844482421875,0.14620347066383999,54577280.0,0.00329061202905212,0.0028959530080239215,-0.02667995771559728,-0.010429529864983245,-0.04554007083941514,-0.026088559761203056,0.020658494223344093,0.9832451160931647,0.9767599734078043,1.0449799945643075,35.41918710906329,0.008213746173634956
145.54794311523438,146.77789803104127,145.08547886576312,145.34131909727375,44998500,0.008247571534288012,1.1905975341796875,1.692419165278153,0.20662401796062113,145.90609741210938,148.58444366455078,147.90088653564453,138.1962239074707,0.01687592035114881,146.16673847436357,-4.5557708740234375,-3.0404205322265625,2.177001953125,-0.18877186783391264,51748160.0,-0.018005272332027533,0.00329061202905212,0.0028959530080239215,-0.007546310551376334,-0.030350820462373584,-0.020462036579393494,0.015184401633127731,0.9975453095982453,0.9840910796714996,1.0531976851457678,42.651498168367524,-0.003454042606739885
145.04608154296875,146.68929899478212,144.47538083886278,144.69185403745792,50547000,-0.0034480842636730458,-0.501861572265625,2.2139181559193446,0.3542275055108348,145.69552307128907,147.95077362060547,148.1285743713379,138.28317276000976,0.016183996835646988,146.06000924280215,-1.0528717041015625,-6.336700439453125,4.5537567138671875,0.12330411013700449,50084120.0,0.008247571534288012,-0.018005272332027533,0.00329061202905212,-0.02667995771559728,-0.007206565691959654,-0.041858792370382814,0.032412850448638286,0.9955424743696307,0.9791904239850324,1.0489062309460893,34.040651164894314,-0.014348259296679471
142.9797821044922,144.86899086128216,142.68458995191014,144.4754113339038,55479000,-0.014245813582109301,-2.0662994384765625,2.184400909372016,-1.4956292294116054,144.98706970214843,147.17442169189454,148.18957977294923,138.46064254760742,0.01646536623155277,145.76665427724882,-3.542266845703125,-7.763519287109375,1.2201080322265625,0.09757255623479133,50977660.0,-0.0034480842636730458,0.008247571534288012,-0.018005272332027533,0.0028959530080239215,-0.024175657323132205,-0.051501587237639646,0.008606876674988495,0.9861554026729427,0.9648436976713254,1.0326384413197485,35.04002676937961,0.004120704867214891
143.57017517089844,144.35734928778834,141.59239813777418,142.0647116163666,52238100,0.0041292066452778275,0.59039306640625,2.7649511500141557,1.5054635545318433,144.30026550292968,146.24752960205078,148.22410430908204,138.68902206420898,0.016398289726191846,145.55746579092974,-3.43402099609375,-9.2689208984375,0.69049072265625,-0.05841669821013351,51746440.0,-0.014245813582109301,-0.0034480842636730458,0.008247571534288012,0.00329061202905212,-0.02336002022821726,-0.06064496020201937,0.004832672505701074,0.9949404782486945,0.9686020761611144,1.0351949493481152,38.66789122530913,0.03448834492280051
148.60804748535156,148.6867663889097,144.96738452683869,145.66599039801153,70732300,0.035089964252368544,5.037872314453125,3.7193818620710033,2.9420570873400322,145.15040588378906,145.98382873535155,148.24574661254883,139.06020889282226,0.016170292783531232,145.84799738087466,4.250701904296875,-2.6370086669921875,0.4328460693359375,0.35403661312337165,54798980.0,0.0041292066452778275,-0.014245813582109301,-0.0034480842636730458,-0.018005272332027533,0.02944569178095735,-0.017435337948078278,0.002921177533079078,1.0238210949567084,1.0024439208616867,1.0686597457931917,50.03904136205324,0.018369690874965924
151.3631591796875,153.79355106354063,150.99909736370918,151.32379221822697,87558000,0.018539451536818685,2.7551116943359375,2.7944536998314504,0.03936696146053009,146.31344909667968,146.10977325439453,148.224373626709,139.48787307739258,0.01575787422859909,146.3732508855235,5.815216064453125,1.2594451904296875,-0.427459716796875,0.2378785929483418,63310880.0,0.035089964252368544,0.0041292066452778275,-0.014245813582109301,0.008247571534288012,0.039953955651912176,0.008390499854785904,-0.0028161141966775993,1.0345129590901183,1.0211759070129942,1.0851348998325188,49.96101891582874,-0.014602656860472085
149.16891479492188,151.55993956940895,148.7064506179963,151.23522972088062,56182000,-0.01449655515025805,-2.194244384765625,2.8534889514126576,-2.06631492595875,147.1380157470703,146.4167694091797,148.2293586730957,139.80975692749024,0.015570190893618574,146.6395045911805,4.122833251953125,3.0699615478515625,0.099700927734375,-0.3583453253843166,64437880.0,0.018539451536818685,0.035089964252368544,0.0041292066452778275,-0.0034480842636730458,0.028424299423295718,0.021012892150294116,0.0006688230597580169,1.0138026806841183,1.0063385292241482,1.066942093836023,47.054403563755166,0.008342412078280457
150.41854858398438,151.00893289820618,149.39523278864294,150.35951315538156,47204800,0.008377306966270481,1.2496337890625,1.61370010956324,0.059035428602811635,148.62576904296876,146.8064193725586,148.15338516235352,140.21990432739258,0.015049599778779335,146.99941354287608,7.4387664794921875,3.8964996337890625,-1.51947021484375,-0.15978783240183692,62783040.0,-0.01449655515025805,0.018539451536818685,0.035089964252368544,-0.014245813582109301,0.052026701747634574,0.026593264711398668,-0.010000592523557783,1.0120623735208214,1.0152893126211635,1.0727332136297816,45.32320100096877,-0.015026880167914885
148.1751251220703,152.06177965604292,147.82089750549494,151.09749920529256,53833600,-0.014914540015398936,-2.2434234619140625,4.240882150547975,-2.922374083222252,149.54675903320313,146.92351226806642,148.09934692382814,140.59245346069335,0.014896009492994019,147.1113860742279,4.604949951171875,1.170928955078125,-1.0807647705078125,0.1404263973155273,63102140.0,0.008377306966270481,-0.01449655515025805,0.018539451536818685,0.0041292066452778275,0.03207455828266825,0.00796527572415684,-0.0072410192407526,0.9908280599325574,1.000511671386918,1.0539337032303582,44.21371112702507,-0.013975977579071193
146.11863708496094,148.5195113692859,145.24290982690115,147.80122193638456,68572400,-0.01387876700232371,-2.056488037109375,3.2766015423847534,-1.682584851423627,149.048876953125,147.09964141845703,147.99406356811522,140.95983062744142,0.015139275150755234,147.01683855144057,-2.489410400390625,1.76129150390625,-2.1056671142578125,0.27378440230636625,62670160.0,-0.014914540015398936,0.008377306966270481,-0.01449655515025805,0.035089964252368544,-0.01675151812108966,0.01220091362041087,-0.014205950404919565,0.9803404096155277,0.9873276911388333,1.0365977061305807,42.73929796662756,0.013178712529774284
148.05703735351562,150.6842189540097,145.33145336527863,145.43968998615728,84457100,0.013265934498332355,1.9384002685546875,5.352765588731074,2.6173473673583487,148.3876525878906,147.35055084228514,147.96749725341797,141.44437683105468,0.015444265055437818,147.11590510401916,-3.306121826171875,2.50909423828125,-0.5313262939453125,0.23164859331159482,62049980.0,-0.01387876700232371,-0.014914540015398936,0.008377306966270481,0.018539451536818685,-0.021842315158387304,0.017238953602351614,-0.0035758270762434874,0.997771949157433,1.0006051335716268,1.0467509608413723,53.85807804727284,0.013990825280708082
150.14303588867188,150.94004418166887,147.6929755826584,148.85404568502526,73695900,0.014089154912478197,2.08599853515625,3.2470685990104755,1.2889902036466196,148.5824768066406,147.86024627685546,147.90550994873047,141.9004946899414,0.015174539238777828,147.4042032739861,0.97412109375,5.096954345703125,-1.23974609375,-0.12741616749805518,65552760.0,0.013265934498332355,-0.01387876700232371,-0.014914540015398936,-0.01449655515025805,0.006530322320097426,0.03514024158035034,-0.00818947886618937,1.0105029820176044,1.0151280769777746,1.0580867685961262,56.695779857103275,0.0026178704271576916
150.53660583496094,150.7924309816341,147.51583019026035,148.7654682431246,77167900,0.0026213000420538535,0.3935699462890625,3.2766007913737667,1.7711375918363501,148.60608825683593,148.61592864990234,147.89517517089843,142.3581970214844,0.015158609208527248,147.70252732741227,0.1180572509765625,7.55682373046875,-0.206695556640625,0.047112525934278615,71545380.0,0.014089154912478197,0.013265934498332355,-0.01387876700232371,0.008377306966270481,0.000784858330890259,0.05285239366882011,-0.0013711757320723494,1.0129908377292625,1.0178601544033485,1.0574495110544444,56.55345467557144,0.018521622747166965
153.35076904296875,153.9509875803486,149.20827470890512,149.71994010489203,76161100,0.01869421189881937,2.8141632080078125,4.742712871443473,3.630828938076718,149.64121704101564,149.59398803710937,147.92075881958007,142.9676773071289,0.01542474112843131,148.2404551098462,5.1756439208984375,9.780593872070312,0.5116729736328125,-0.013046875708682015,76010880.0,0.0026213000420538535,0.014089154912478197,0.013265934498332355,-0.014914540015398936,0.03492923604170817,0.06812413414156526,0.003347788535733587,1.0247896406839323,1.0367089127092142,1.0726254488525717,66.58198332328949,-0.0054688595075369035
152.514404296875,154.2265068856699,151.80594908869074,153.5770871091514,98944600,-0.005453932518978077,-0.83636474609375,2.4205577969791534,-1.0626828122763925,150.92037048339844,149.98462371826173,147.98422622680664,143.5350828552246,0.01528239154244762,148.64749788956323,6.3957672119140625,3.9063568115234375,1.26934814453125,0.29914877805073714,82085320.0,0.01869421189881937,0.0026213000420538535,0.014089154912478197,-0.01387876700232371,0.043771057132125035,0.026286307354307148,0.008392658754099669,1.0105620852133537,1.0306125739585599,1.062558374322376,63.014696743546445,0.015365106811768107
154.8759002685547,155.28917828804447,151.67801783277878,152.58327776546486,73641400,0.015483756977360263,2.3614959716796875,3.61116045526569,2.292622503089831,152.28414306640624,150.33589782714844,148.22283554077148,144.17604873657226,0.015507914747030603,149.2406790685148,6.8188629150390625,3.5127410888671875,4.772186279296875,-0.255730984813724,79922180.0,-0.005453932518978077,0.01869421189881937,0.0026213000420538535,0.013265934498332355,0.046055648802141524,0.02320737164779385,0.03179259295102055,1.0170192191383858,1.0448855583116485,1.0742137936623053,67.17091350292958,0.011873431301405687
156.72576904296875,156.84383990664745,154.02970254755692,154.79720820376127,73938300,0.011944200299765173,1.8498687744140625,2.814137359090523,1.9285608392074778,153.60068969726564,151.09158325195312,148.7541763305664,144.76362503051757,0.014134471678536398,149.95354478036757,6.582733154296875,7.556854248046875,10.626815795898438,0.004031699560301583,79970660.0,0.015483756977360263,-0.005453932518978077,0.01869421189881937,0.014089154912478197,0.04384308013578364,0.05065971190067353,0.07273711111350156,1.0203454773013219,1.0535890346680932,1.082632249710032,74.19469372605326,-0.009145122552574448
155.2990264892578,159.5399085601911,155.27934300701256,156.7454546452784,75701800,-0.009103433101162683,-1.4267425537109375,4.260565553178537,-1.4464281560205734,154.553173828125,151.57963104248046,149.19302520751953,145.3122525024414,0.0144182551463959,150.46263827645234,4.762420654296875,4.8804779052734375,8.7769775390625,0.02385096763111938,79677440.0,0.011944200299765173,0.015483756977360263,-0.005453932518978077,0.0026213000420538535,0.031636296220987514,0.03244598456252534,0.05990209393021728,1.0048258644106671,1.0409268548127177,1.0687263036312002,70.05385876501569,0.006945001361701806
156.38133239746094,158.9593273158035,155.15137786083926,156.28294504298728,67622100,0.006969173810487339,1.082305908203125,3.8079494549642448,0.0983873544736582,155.15928649902344,152.40025177001954,149.66188201904296,145.87112976074218,0.014445442927862784,151.0263234308341,3.0305633544921875,8.206207275390625,9.37713623046875,-0.1067306193511911,77969640.0,-0.009103433101162683,0.011944200299765173,0.015483756977360263,0.01869421189881937,0.01976229642280458,0.05538181438099099,0.06378822152679642,1.0078760732020071,1.0448975402939473,1.072051287009003,65.36962773538524,0.008271508267225499
157.68020629882812,157.76875944157217,155.31869907440637,156.31249715364865,59196500,0.00830581170689837,1.2988739013671875,2.450060367165804,1.3677091451794752,156.19244689941405,153.55640869140626,150.32802505493163,146.40175201416017,0.013585572990188593,151.66002656111925,5.165802001953125,11.561569213867188,13.322860717773438,-0.12459831918854936,70020020.0,0.006969173810487339,-0.009103433101162683,0.011944200299765173,-0.005453932518978077,0.03387091223133054,0.07912453499785044,0.0922908402350251,1.0095251686553843,1.0489075888624888,1.0770377002290048,63.2535250405615,-0.012369620605881882
155.7417755126953,158.19185056660328,155.33834678641222,157.37515888196728,52390300,-0.012293431316668824,-1.9384307861328125,2.853503780191062,-1.633383369271968,156.3656219482422,154.32488250732422,150.83771667480468,146.89517761230468,0.014056483799372292,152.04876455650745,0.865875244140625,7.6847381591796875,10.193832397460938,-0.11497639218534883,65769800.0,0.00830581170689837,0.006969173810487339,-0.009103433101162683,0.015483756977360263,0.0055907681094296,0.05190390336415307,0.07003762594838037,0.9960103350866127,1.0325121524377316,1.060223882391423,63.93987033521654,-0.003988271972065562
155.1218719482422,155.9484128704115,153.4786543640599,155.4367475403247,45992200,-0.003980329377987535,-0.619903564453125,2.4697585063515817,-0.31487559208250104,156.0448425292969,154.82276611328126,151.34150619506835,147.34967803955078,0.014070794660643655,152.34144145095837,-1.6038970947265625,4.9788360595703125,10.075790405273438,-0.12212375191590807,60180580.0,-0.012293431316668824,0.00830581170689837,0.006969173810487339,0.011944200299765173,-0.010233780344614751,0.03316061933942782,0.06946613309431982,0.9940852221316997,1.0249790414289999,1.0527465957991795,60.24866487430767,0.01959754692180981
158.19186401367188,158.46737267599337,156.7946372221569,156.8143056879684,51305700,0.019790839466236054,3.0699920654296875,1.6727354538364807,1.3775583257034612,156.6234100341797,155.58829193115236,152.10211029052735,147.842392578125,0.013873922732720364,152.89862455216917,2.8928375244140625,7.6552581787109375,15.212081909179688,0.11553045951270002,55301360.0,-0.003980329377987535,-0.012293431316668824,0.00830581170689837,-0.009103433101162683,0.018627531606672187,0.050853133935434114,0.1063932374583032,1.010014173354736,1.0400372730628957,1.070003408731889,71.06782518946238,0.0098412973924548
159.75636291503906,159.86459953343115,158.68384597812414,158.93967116064357,49501700,0.009889882208050649,1.5644989013671875,1.1807535553070068,0.8166917543954924,157.2984161376953,156.22885131835938,152.9114196777344,148.3807403564453,0.013911167040147004,153.55174249149013,3.375030517578125,6.4055938720703125,16.186187744140625,-0.035161785142781454,51677280.0,0.019790839466236054,-0.003980329377987535,-0.012293431316668824,0.006969173810487339,0.02158205500513377,0.04177086239636307,0.11274060037102718,1.0156260109777082,1.0447641075580267,1.0766650882807758,79.28988187856471,0.015522852515825943
162.25558471679688,162.35398707823882,159.3135432872467,159.83504277188575,68749800,0.015643957812728537,2.4992218017578125,3.0404437909921285,2.420541944911122,158.21349182128907,157.20296936035157,153.59379653930665,148.96789489746095,0.012318697942098505,154.38067984628125,4.57537841796875,9.741180419921875,13.647537231445312,0.38883715104733785,53587940.0,0.009889882208050649,0.019790839466236054,-0.003980329377987535,0.00830581170689837,0.029016821612331656,0.06387056006172576,0.09183578858870733,1.025548345144127,1.0563941277099271,1.0891983459152876,79.77704560465723,0.00767241182945503
163.50526428222656,163.62333513475417,161.58653785817188,161.63573905142377,56976200,0.007701920199609136,1.2496795654296875,2.0367972765822913,1.8695252308027932,159.7661895751953,158.06590576171874,154.2009017944336,149.52895538330077,0.011898653537395762,155.24968788779987,7.76348876953125,8.629364013671875,12.142105102539062,-0.17125286182650712,54505120.0,0.015643957812728537,0.009889882208050649,0.019790839466236054,-0.012293431316668824,0.04984846707939594,0.05571792640887674,0.08021836468228583,1.0234034166864288,1.0603392222711945,1.0934689128476762,79.04186810978317,-0.0032548888831878207
162.97393798828125,164.16452584406122,162.4622725801105,163.92838412805693,46278300,-0.003249597474905719,-0.5313262939453125,1.7022532639507233,-0.9544461397756834,161.33660278320312,158.69072265625,154.89115295410156,150.01572509765626,0.01122872642044095,155.98533075451238,7.8520660400390625,6.2481689453125,13.805023193359375,-0.18776085453224334,54562340.0,0.007701920199609136,0.015643957812728537,0.009889882208050649,-0.003980329377987535,0.050618690590963134,0.03986688968550833,0.09254624673202572,1.010148566269728,1.0521836456119276,1.0863790304795684,76.87076668879818,-0.011354532938765415
161.1339111328125,162.40323287933546,159.20535043705326,162.0982064947886,51511700,-0.011290313519951023,-1.84002685546875,3.197882442282207,-0.9642953619760988,161.92501220703124,159.27421112060546,155.42692108154296,150.43779235839844,0.011721261429668759,156.47567174292192,2.942047119140625,5.8348846435546875,10.715362548828125,0.11308539855612665,54603540.0,-0.003249597474905719,0.007701920199609136,0.015643957812728537,0.019790839466236054,0.018597967332165455,0.03757193316313723,0.0712369760890581,0.9951143985513042,1.0367181567488906,1.0710999450785077,67.55432425921464,0.00548074908010605
162.01947021484375,162.31466233453045,159.40212310856722,159.8252203026454,45390100,0.0054957958619978875,0.88555908203125,2.9125392259632292,2.1942499121983587,162.37763366699218,159.83802490234376,156.11913833618163,150.89073547363282,0.010891689184279865,157.0036525497716,2.2631072998046875,5.6381378173828125,13.844345092773438,-0.11883902103793897,53781220.0,-0.011290313519951023,-0.003249597474905719,0.007701920199609136,0.009889882208050649,0.014165991629442987,0.036053777845125756,0.0934323158584689,0.9977942562404687,1.037793776865182,1.0737535986306834,71.39053372287398,-0.0161011738818226
159.43165588378906,159.43165588378906,157.51292944566782,158.8314373555464,47716900,-0.015972242889222832,-2.5878143310546875,1.91872643812124,0.6002185282426638,161.81284790039064,160.01316986083984,156.78478927612304,151.25065856933594,0.01108626167276125,157.23489096253516,-2.8239288330078125,1.7514495849609375,13.313018798828125,0.051262279660102106,49574640.0,0.0054957958619978875,-0.011290313519951023,-0.003249597474905719,0.015643957812728537,-0.017404201143133124,0.011107605869323134,0.09111102501652302,0.9852842833711981,1.0168821645255681,1.0540890029295495,60.149050993061415,-0.007619990860685729
158.22140502929688,159.75638637804428,157.93604707794614,159.74655214369014,47644200,-0.0075910323315863115,-1.2102508544921875,1.8203393000981407,-1.5251471143932633,160.75607604980468,160.2611328125,157.29300765991212,151.5476678466797,0.011191587179476154,157.3288446831791,-5.2838592529296875,2.4796295166015625,10.16436767578125,-0.001523569217614762,47708240.0,-0.015972242889222832,0.0054957958619978875,-0.011290313519951023,0.007701920199609136,-0.03231614147792339,0.0159214154868772,0.06865170246188157,0.98423281357202,1.0059023435510375,1.0440372146760382,53.42962991991536,-0.004362780956172931
157.53262329101562,159.46118408911326,157.2177476424543,158.6346580327857,50133100,-0.0043532778523469595,-0.68878173828125,2.2434364466589614,-1.102034741770069,159.66781311035157,160.50220794677733,157.6624870300293,151.88847381591796,0.011021674220811451,157.34825216963975,-5.441314697265625,2.4107513427734375,7.38958740234375,0.05223930719793812,48479200.0,-0.0075910323315863115,-0.015972242889222832,0.0054957958619978875,-0.003249597474905719,-0.03338763709358783,0.015541015025771543,0.04921698404861741,0.9866272996558157,0.999176318086439,1.037159827426656,55.30125848800362,0.033534913497797685
162.90504455566406,163.14120127307194,158.83143501847854,159.03807402297244,68445600,0.03410354726794451,5.3724212646484375,4.309766254593399,3.8669705326916244,160.02203979492188,160.97352600097656,158.28090896606446,152.31138122558593,0.01309807649056691,157.87747049211825,1.7711334228515625,4.7131805419921875,12.368438720703125,0.3652776309464205,51865980.0,-0.0043532778523469595,-0.0075910323315863115,-0.015972242889222832,-0.011290313519951023,0.01099168642031989,0.029794076777455825,0.08216233288973651,1.0180162980326768,1.029214739919083,1.0695526706201162,62.8638413462175,-0.0021162028722822857
162.5606689453125,163.65286938363687,161.19295983913122,161.9506011686896,49386500,-0.0021139652936523756,-0.3443756103515625,2.459909544505649,0.6100677766229126,160.13027954101562,161.25395660400392,158.74140396118165,152.70500091552734,0.012692672357549003,158.32348939242246,0.54119873046875,2.8043060302734375,9.20989990234375,-0.2784561754152203,52665260.0,0.03410354726794451,-0.0043532778523469595,-0.0075910323315863115,0.0054957958619978875,0.003340331441345379,0.017553642178025797,0.06005773534636227,1.0151775754795604,1.024059664894137,1.0645405714986182,60.00001250603417,0.00012117262641655002
162.5803680419922,162.73780588588528,161.39961424099232,162.44261368211053,41516200,0.00012117996811578102,0.0196990966796875,1.3381916448929587,0.1377543598816544,160.76002197265626,161.28643493652345,159.2447021484375,152.99310424804688,0.01255782362576987,158.72890640666722,3.148712158203125,0.3247833251953125,10.065963745117188,-0.1593613639354885,51425120.0,-0.0021139652936523756,0.03410354726794451,-0.0043532778523469595,-0.015972242889222832,0.019749604560955314,0.00200167732754597,0.06600008564124482,1.0113233753454298,1.0209467935105645,1.062664679176661,65.20799032495816,0.007476532620827444
163.8004608154297,164.7253892225956,162.99360326395418,163.43639900098648,49923000,0.007504551675774129,1.2200927734375,1.7317859586414102,0.36406181444320396,161.8758331298828,161.31595458984376,159.69093017578126,153.23330108642577,0.012273063516551662,159.21191158845411,5.5790557861328125,0.295196533203125,8.924560546875,0.2024944479504387,51880880.0,0.00012117996811578102,-0.0021139652936523756,0.03410354726794451,-0.0075910323315863115,0.03526106840664056,0.001805425253425419,0.057623946213709365,1.0118895306874043,1.0257342770508309,1.0689612483323314,68.7980560755571,0.0069440878073986365
164.94186401367188,165.46336364998885,162.8853681685066,163.1412083770297,47720200,0.006968253889885645,1.1414031982421875,2.5779954814822474,1.8006556366421762,163.35768127441406,161.51274719238282,160.10173492431642,153.55075408935548,0.012129154887485094,159.75762134323676,7.40924072265625,1.967926025390625,8.216094970703125,-0.04412395088436194,51398300.0,0.007504551675774129,0.00012117996811578102,-0.0021139652936523756,-0.0043532778523469595,0.047033056187789635,0.012075096482801584,0.052423382707731836,1.009697632378833,1.0302315842588683,1.0741846563494413,65.95356110396241,-0.005863424886391773
163.97756958007812,165.17800667808302,162.90505258707114,163.42655222639002,52456400,-0.00584626855868331,-0.96429443359375,2.272954091011883,0.5510173536881098,163.5721862792969,161.79711303710937,160.53566207885743,153.79154510498046,0.011984358130029009,160.15952117531688,1.0725250244140625,2.843658447265625,8.678543090820312,0.09924937447873217,48200460.0,0.006968253889885645,0.007504551675774129,0.00012117996811578102,0.03410354726794451,0.006583743476695103,0.017647796340782618,0.05588279132851248,1.0024783143760703,1.0214401426863644,1.0662326688254842,60.26810403766937,-0.009828784429918788
162.37376403808594,163.78082552943172,161.85226425319965,162.4032817606945,58337300,-0.009780639791767243,-1.6038055419921875,1.9285612762320739,-0.029517722608574104,163.53480529785156,161.8325424194336,160.83528366088868,154.05390258789063,0.012259061303256262,160.37040144796157,-0.1869049072265625,0.3542938232421875,5.992431640625,0.11211024774860645,49990620.0,-0.00584626855868331,0.006968253889885645,0.007504551675774129,-0.0021139652936523756,-0.001149754786561763,0.002186736092720132,0.03831935403513853,0.9929003415655097,1.0095655651059816,1.0540061712844222,50.300564961227316,0.0018764814996246365
162.67874145507812,162.9444158925364,161.26183114076272,162.35403159020615,41949600,0.0018782431927897303,0.3049774169921875,1.6825847517736747,0.32470986487197706,163.55447998046876,162.1572509765625,161.08521041870117,154.3429913330078,0.012167656312695674,160.59024335340126,0.0983734130859375,3.2470855712890625,4.99853515625,-0.2809128979229413,50077300.0,-0.009780639791767243,-0.00584626855868331,0.006968253889885645,0.00012117996811578102,0.0006050755959694509,0.020366630160674637,0.03170046053070874,0.9946455852172609,1.009892472637525,1.054007960128784,47.79179694984489,-0.009480312600082239
161.14378356933594,163.64304544690907,161.10441660264104,162.54101060503098,48714100,-0.009435516109927877,-1.5349578857421875,2.5386288442680325,-1.397227035695039,163.02314453125,162.4494888305664,161.3553108215332,154.5940997314453,0.012011294966435373,160.64296146920455,-2.65667724609375,2.9223785400390625,5.402008056640625,0.16125302744245484,49835520.0,0.0018782431927897303,-0.009780639791767243,-0.00584626855868331,0.007504551675774129,-0.016218985177870127,0.018470184482927143,0.03468567145107637,0.9884718150461524,0.9986890592499231,1.0423669716326074,45.35928665007054,-6.126664481479382e-05
161.1339111328125,162.6295403559192,160.1893142654478,160.44513945575562,45498800,-6.126476805223824e-05,-0.0098724365234375,2.4402260904714126,0.6887716770568773,162.2615539550781,162.8096176147461,161.65591278076172,154.78912231445312,0.011944254092036205,160.68971858002436,-3.807952880859375,3.601287841796875,6.0120391845703125,-0.06600347743261192,49391240.0,-0.009435516109927877,0.0018782431927897303,-0.009780639791767243,0.006968253889885645,-0.023086636637886793,0.02286058447172623,0.038756876184270705,0.9930504620794042,0.9967709090315975,1.0409898882007353,50.0,0.02799958821286787
165.7093505859375,165.85693915334915,162.5409858833323,162.5409858833323,64902300,0.028395260941402656,4.575439453125,3.3159532700168484,3.168364702605203,162.60791015625,163.09004821777344,162.031787109375,155.08844329833985,0.012747849594197783,161.1677787710637,1.731781005859375,2.8043060302734375,7.517486572265625,0.4264617967946407,51880420.0,-6.126476805223824e-05,-0.009435516109927877,0.0018782431927897303,-0.00584626855868331,0.010561084728199166,0.017214359677580227,0.04752132240894458,1.0190731215148594,1.0226965556707714,1.0684829060226393,58.55002446702891,0.007512826051893761
166.958984375,167.12627144742981,165.18786139778672,165.7880799666726,55275900,0.007541118136326519,1.2496337890625,1.938410049643096,1.1709044083274023,163.52495422363282,163.52987976074218,162.39191818237305,155.37084106445312,0.01268589069598831,161.71932216191476,4.5852203369140625,4.3983154296875,7.2026214599609375,-0.1483214000120181,51268140.0,0.028395260941402656,-6.126476805223824e-05,-0.009435516109927877,-0.009780639791767243,0.02823867737548147,0.027056455034440985,0.045085036542747314,1.0210000373806611,1.0281237283464928,1.0745837715182331,68.59517403232239,-0.0005303995773641971
166.87045288085938,167.71666253016707,165.93569007402044,166.56542643996343,52472900,-0.0005302589403740621,-0.088531494140625,1.7809724561466282,0.30502644089594355,164.36329650878906,163.9588882446289,162.62266159057617,155.68334899902345,0.0122989583033392,162.2099060399095,4.19171142578125,4.2900848388671875,4.6148681640625,-0.05070926027436917,53372800.0,0.007541118136326519,0.028395260941402656,-6.126476805223824e-05,0.0018782431927897303,0.025766805104886714,0.026387471565811227,0.028441968096921677,1.015253748405662,1.026120537253151,1.071858062880611,72.6198305420229,-0.006210987869948736
165.8372344970703,167.61822139630092,164.85327080237903,167.36238122666072,48425700,-0.006191739555754361,-1.0332183837890625,2.7649505939218955,-1.5251467295904035,165.30198669433594,164.16256561279297,162.73926010131837,155.99801940917968,0.012321046708948943,162.55536589297242,4.693450927734375,2.036773681640625,2.33197021484375,-0.07712933723884141,53315120.0,-0.0005302589403740621,0.007541118136326519,0.028395260941402656,-0.009435516109927877,0.029125857813279588,0.01243448077924314,0.014262355558280593,1.0032379998174137,1.0190364291555905,1.0630726923659368,71.33465933991842,-0.006488246655340949
164.7647247314453,168.17908009941613,164.47938185396285,166.7818533947913,65136000,-0.0064672434322579075,-1.072509765625,3.699698245453277,-2.017128663346,166.0281494140625,164.1448516845703,162.82879943847655,156.3713348388672,0.012397198834245693,162.765781020446,3.6308135986328125,-0.1771392822265625,1.7907867431640625,0.34507090243403815,57242560.0,-0.006191739555754361,-0.0005302589403740621,0.007541118136326519,-6.126476805223824e-05,0.022532895609045145,-0.001073949802167129,0.010988178633155599,0.992390298349551,1.0118893297724045,1.0536760135815626,56.132372623803725,-0.009962948985658446
163.13133239746094,164.3612870012041,161.67507035057545,162.2457710884036,81235400,-0.009913483220675312,-1.633392333984375,2.686216650628637,0.8855613090573513,165.51254577636718,164.0602279663086,162.92867050170898,156.7035205078125,0.012331234861976199,162.80059543730457,-2.5780181884765625,-0.8462371826171875,1.9974212646484375,0.2471659297469908,60509180.0,-0.0064672434322579075,-0.006191739555754361,-0.0005302589403740621,0.028395260941402656,-0.015557469625949616,-0.005160688652626533,0.012396032905836352,0.9856130943564627,1.0012438688361471,1.0410189373462606,51.73434663931211,0.04585935083531587
170.78662109375,171.50491053581004,168.02166992672903,168.23814318555767,113453200,0.046927151171899606,7.6552886962890625,3.483240609081008,2.548477908192325,166.2780731201172,164.901513671875,163.3670280456543,157.17916900634765,0.016089030692673336,163.56116930934698,3.82763671875,8.412857055664062,8.76715087890625,0.39659803484687717,72144640.0,-0.009913483220675312,-0.0064672434322579075,-0.006191739555754361,0.007541118136326519,0.02292561094018697,0.05181167724664415,0.05411171180402374,1.02711450697637,1.0454167106842527,1.0865728720505756,67.03431473470363,-0.000403559695046983
170.71771240234375,171.06210572406735,169.35000337616833,169.7140651629481,55962800,-0.0004034782757861288,-0.06890869140625,1.7121023478990196,1.0036472393956615,167.04752502441406,165.70541076660157,163.93133087158202,157.70637634277344,0.01550093385270063,164.24274484201334,3.847259521484375,8.038970947265625,11.286056518554688,-0.5067322913765324,72842620.0,0.046927151171899606,-0.009913483220675312,-0.0064672434322579075,-0.0005302589403740621,0.023055366933241395,0.04941623518451843,0.070789307531129,1.0219709174224119,1.0413977089960793,1.0825035509743137,65.07931016818692,-0.010021214572235818
169.0154571533203,170.75706217667226,168.84818511789587,170.27492954930042,45326900,-0.009971169511758693,-1.7022552490234375,1.9088770587763975,-1.2594723959801115,167.68316955566405,166.492578125,164.4710334777832,158.17572662353516,0.015599691282656702,164.6972888716616,3.17822265625,7.871673583984375,10.794052124023438,-0.19005303523054595,72222860.0,-0.0004034782757861288,0.046927151171899606,-0.009913483220675312,-0.006191739555754361,0.01916471090396854,0.04884875736206973,0.06822118740523608,1.0079452672631763,1.0276305412536424,1.0685296711522885,58.668294472710976,0.010367145616553178
170.7767791748047,171.23924342814053,169.14339542958015,170.24544525293916,53724500,0.010421070659156317,1.761322021484375,2.095847998560373,0.5313339218655244,168.88558044433594,167.4568649291992,165.13324127197265,158.69034057617188,0.015562060666399962,165.27628794815143,6.012054443359375,9.642868041992188,13.244155883789062,0.18526746810392947,69940560.0,-0.009971169511758693,-0.0004034782757861288,0.046927151171899606,-0.0064672434322579075,0.03648872325771557,0.05984381545883388,0.08407246452896722,1.0111981065849023,1.0341756623885145,1.0761636691606398,63.993533227940524,0.0010941091108696865
170.96372985839844,171.7902559418124,169.40906507439723,171.06213225532295,49514700,0.0010947078665910492,0.18695068359375,2.381190867415171,-0.09840239692451291,170.45205993652343,167.9823028564453,165.5361755371094,159.25001953125,0.013878224775208895,165.81794908246067,7.8323974609375,5.2543792724609375,8.058685302734375,-0.07835903544937595,63596420.0,0.010421070659156317,-0.009971169511758693,-0.0004034782757861288,-0.009913483220675312,0.04801283325421668,0.03170840543325881,0.04946860500676986,1.003001840646957,1.0327877233098957,1.0735554718399882,68.77402813609696,-0.005432391059081522
170.03750610351562,171.50563041723674,168.49053896760506,171.07208510437357,45533100,-0.00541766230562446,-0.9262237548828125,3.015091449631683,-1.0345790008579456,170.30223693847657,168.29015502929687,165.91001739501954,159.77936614990233,0.013955563716108559,166.2198116558945,-0.749114990234375,3.078521728515625,7.476837158203125,-0.08041248356548658,50012400.0,0.0010947078665910492,0.010421070659156317,-0.009971169511758693,0.046927151171899606,-0.004386262726183698,0.01843879046126129,0.04599413380070683,0.998445523442792,1.0248778752079137,1.0642019066716617,65.65794241291223,-0.00290156932869828
169.5448455810547,170.66811525184778,168.95364468701064,170.6188460048669,37266700,-0.0028973638448979155,-0.4926605224609375,1.7144705648371428,-1.0740004238122083,170.06766357421876,168.5575942993164,166.25824127197265,160.1981021118164,0.01399710224932403,166.5364815535288,-1.1728668212890625,2.6743927001953125,6.9644775390625,-0.18154705038752028,46273180.0,-0.00541766230562446,0.0010947078665910492,0.010421070659156317,-0.0004034782757861288,-0.0068702116774203015,0.016026760004689056,0.04283713724441607,0.9969258236270417,1.019768068541671,1.0583449076239015,68.70543388893041,0.0
169.5448455810547,170.5991352991019,169.27880367524853,169.46601779285794,42110300,0.0,0.0,1.3203316238533773,0.0788277881967474,170.1735412597656,168.92835540771483,166.54546051025392,160.56173583984375,0.013947655887344989,166.82299241329318,0.529388427734375,3.707611083984375,5.744384765625,0.12997126120638525,45629860.0,-0.0028973638448979155,-0.00541766230562446,0.0010947078665910492,-0.009971169511758693,0.0031321894260485372,0.02235692783486365,0.0350694054035523,0.9963055615223331,1.0180094075312014,1.0559480108646269,68.73565218691772,0.003596795432110233
170.15576171875,170.3922300756776,167.91906995533154,169.19014751327734,57951600,0.0036032716630318706,0.6109161376953125,2.4731601203460514,0.9656142054726615,170.0493377685547,169.46745910644532,166.8061553955078,160.98147277832032,0.013902449603988962,167.1403990138129,-0.6210174560546875,5.3910369873046875,5.213897705078125,0.3761858737648509,46475280.0,0.0,-0.0028973638448979155,-0.00541766230562446,0.010421070659156317,-0.0036364279678738898,0.0327196066760751,0.031610517658791304,1.000625841603336,1.0200808316413748,1.0569897192645463,62.02915397977583,0.013573369596044443
172.48109436035156,172.6683084617715,170.04734111161662,170.4611756877155,65496700,0.013665905979987292,2.3253326416015625,2.6209673501548707,2.0199186726360665,170.35281066894532,170.40243530273438,167.2313316345215,161.42272369384764,0.014032937822567615,167.64903666586417,1.517364501953125,9.349761962890625,8.503524780273438,0.13019657783391647,49671680.0,0.0036032716630318706,0.0,-0.0028973638448979155,0.0010947078665910492,0.00887535913734383,0.057314323529893185,0.05185785349819305,1.012493387593952,1.0313922198341592,1.0685056627310854,64.11761998125957,0.0006281798049509623
172.5894775390625,173.80142270664055,172.37270490292832,173.80142270664055,55809500,0.0006283771512054503,0.1083831787109375,1.4287178037122317,-1.211945167578051,170.8632049560547,170.5827209472656,167.74211730957032,161.9110107421875,0.01373864624026131,168.11955484426403,2.551971435546875,1.8028564453125,10.215713500976562,-0.14790363483961788,51726960.0,0.013665905979987292,0.0036032716630318706,0.0,-0.00541766230562446,0.015008285489633622,0.010556192480222881,0.06291480376460568,1.010103243606204,1.02889769312108,1.0659526906040901,64.60621875540716,-0.005495753417499361
171.64356994628906,172.1460951955022,170.9045763773169,171.42679729660153,43570900,-0.0054806793917048235,-0.9459075927734375,1.241518818185284,0.21677264968752752,171.28294982910157,170.67530670166016,168.19035873413085,162.42150939941405,0.013872203408367654,168.4551753301712,2.098724365234375,0.9258575439453125,8.964828491210938,-0.2192924143738969,52987800.0,0.0006283771512054503,0.013665905979987292,0.0036032716630318706,-0.0028973638448979155,0.012378579590796468,0.005423324451321543,0.055107559912408455,1.002105405806867,1.020531564580446,1.056778566958129,64.8956392390198,-0.015271004811176728
169.0423126220703,170.83561089353927,168.76642289336164,170.58927970470205,50747300,-0.015154994300297653,-2.60125732421875,2.0691880001776326,-1.5469670826317383,171.18244323730468,170.67799224853516,168.58528518676758,162.84121490478515,0.014192434784443651,168.51109316749492,-0.502532958984375,0.02685546875,7.898529052734375,0.16470626037102742,54715200.0,-0.0054806793917048235,0.0006283771512054503,0.013665905979987292,0.0,-0.0029640120126455116,0.00015889356631815232,0.049015412681655546,0.9874979549610261,1.0027109568595884,1.0380806402169807,60.175624034474346,0.0016306806734173555
169.3181915283203,169.88968165407772,168.0175707525213,168.57919800904358,45143500,0.0016320109561371865,0.27587890625,1.8721109015564252,0.7389935192767325,171.01492919921876,170.53213348388672,168.99449920654297,163.2247180175781,0.014181464632696768,168.5879596780497,-0.8375701904296875,-1.458587646484375,8.184280395507812,-0.11042557929190322,52153580.0,-0.015154994300297653,-0.0054806793917048235,0.0006283771512054503,0.0036032716630318706,-0.004922373371135658,-0.0085409014828145,0.05079179384382981,0.9900784236859118,1.00191540152666,1.0373318060202499,65.73360796323229,0.006670123659330229
170.4513397216797,171.3479738482291,169.17041449607095,169.8798495430277,56058300,0.006692418476309081,1.133148193359375,2.1775593521581413,0.5714901786519988,170.60897827148438,170.48089447021485,169.2315986633301,163.6230126953125,0.01287151029670802,168.7654244441097,-2.029754638671875,-0.51239013671875,4.7419891357421875,0.24178010123273563,50265900.0,0.0016320109561371865,-0.015154994300297653,-0.0054806793917048235,0.013665905979987292,-0.011767983303904939,-0.0029970692447055525,0.028616303901830564,0.9990760243018756,1.0072075254738695,1.0417320700425095,48.72411266225132,0.01400629920737991
172.85552978515625,173.19055165787438,170.56958397024448,170.77650880236848,54835000,0.01410484697510861,2.4041900634765625,2.6209676876299,2.0790209827877675,170.6621887207031,170.7626968383789,169.52642593383788,164.01310791015624,0.013115315359631395,169.15495828611412,0.26605224609375,2.818023681640625,5.89654541015625,-0.021821924674847448,50071000.0,0.006692418476309081,0.0016320109561371865,-0.015154994300297653,0.0006283771512054503,0.0015415322526457498,0.016572953498418475,0.035317329176561385,1.0128519450084086,1.0196376690712374,1.0539128974974594,56.90758205046285,0.010603124089774731
174.69808959960938,176.36329091292328,173.978806707213,174.36308277683443,55964400,0.010659536416007365,1.842559814453125,2.3844842057102653,0.3350068227749432,171.2730926513672,171.27802124023438,169.91780776977538,164.45678161621095,0.01324791304999908,169.68287555406604,3.0545196533203125,5.1532440185546875,7.82763671875,0.020596334457919196,52549700.0,0.01410484697510861,0.006692418476309081,0.0016320109561371865,-0.0054806793917048235,0.017795712675261477,0.03039457791178357,0.04690846452210873,1.019997285593563,1.0281329066833942,1.0622735522533715,68.19638297435716,-0.0002820727992772479
174.64881896972656,176.71800704198733,174.16600441023556,174.72764675708407,99625300,-0.00028203302048546153,-0.0492706298828125,2.552002631751776,-0.07882778735751117,172.39439392089844,171.78841857910157,170.3583869934082,164.85223999023438,0.013111952690709684,170.1558225460337,5.60650634765625,5.103973388671875,8.81158447265625,0.7801548841763692,62325300.0,0.010659536416007365,0.01410484697510861,0.006692418476309081,-0.015154994300297653,0.03316628991104009,0.030103972616683405,0.05313393279488099,1.0130771366606186,1.0251847417203144,1.0594264232022115,63.925516339123234,0.015895572817859388
177.4471435546875,177.47670209655325,174.33351350934285,175.09221783191245,68901800,0.016022579491052902,2.7983245849609375,3.1431885872104033,2.35492572277505,174.0201843261719,172.5175567626953,170.9925079345703,165.26666748046875,0.013250546529077553,170.8502340706674,8.128952026367188,7.2913818359375,12.682418823242188,-0.30839053935094796,67076960.0,-0.00028203302048546153,0.010659536416007365,0.01410484697510861,0.0016320109561371865,0.04800991525477949,0.04285121915524326,0.07697290086766828,1.0196928835685655,1.037748061000351,1.0737019524863247,69.629988958342,0.004764036766198372
178.29452514648438,179.11234656032465,176.62932377666553,178.37335293714096,61996900,0.004775402831636466,0.847381591796875,2.4830227836591234,-0.07882779065658951,175.5888214111328,173.0988998413086,171.75066757202148,165.7265774536133,0.012851720420047754,171.55921417312618,7.8431854248046875,5.8134307861328125,15.163192749023438,-0.100213637379575,68264680.0,0.016022579491052902,-0.00028203302048546153,0.010659536416007365,0.006692418476309081,0.046014219880063045,0.03370474200486728,0.09295083002251903,1.0154093165704228,1.0381009149307603,1.075835438624133,75.11990552391704,-0.007599983198185027
176.9446258544922,182.23581511366768,175.42721727327233,179.9498694414483,121946500,-0.007571176349263298,-1.3498992919921875,6.80859784039535,-3.0052435869561123,176.406640625,173.53441467285157,172.0585678100586,166.1378433227539,0.00839389734432238,172.07211052373248,4.0890960693359375,4.3551483154296875,6.1580047607421875,0.966977381127121,81686980.0,0.004775402831636466,0.016022579491052902,-0.00028203302048546153,0.01410484697510861,0.02365614842879671,0.025234147397218853,0.03605671639444097,1.0030496880819573,1.0283976445150205,1.0650470856946428,71.39598580401278,-0.002062275026675751
176.58009338378906,177.47672767437876,174.82620111609043,177.3289349437502,64848400,-0.0020601499985813954,-0.364532470703125,2.650526558288334,-0.7488415599611358,176.78304138183594,174.02806701660157,172.35168685913087,166.51584106445313,0.0084249663243254,172.50144222469024,1.8820037841796875,4.9365234375,5.8623809814453125,-0.46822254021230625,83463780.0,-0.007571176349263298,0.004775402831636466,0.016022579491052902,0.010659536416007365,0.010772892757402452,0.028760316736856195,0.03433961771716443,0.9988519939669522,1.024533595241886,1.0604402095019918,69.92199922569583,-0.007786567760199847
175.21047973632812,178.55073052308683,174.71781728969785,175.82137635899298,61944600,-0.00775633097262074,-1.3696136474609375,3.832913233388979,-0.6108966226648533,176.89537353515624,174.64488372802734,172.66143798828125,166.90521514892578,0.008276405424207718,172.7594457972272,0.5616607666015625,6.1681671142578125,6.1950225830078125,-0.04477828288747299,75927640.0,-0.0020601499985813954,-0.007571176349263298,0.004775402831636466,-0.00028203302048546153,0.0032159436858196777,0.036488894517481274,0.036653585934380395,0.9904751957885815,1.0147632371057855,1.0497603659657473,63.723951644308926,0.015346694307153982
177.9201202392578,178.18614713091944,174.85575927069235,175.2892895872439,50214900,0.015465059550133109,2.7096405029296875,3.3303878602270913,2.6308306520139126,176.9899688720703,175.50507659912108,173.01860504150392,167.3611801147461,0.008621499719759507,173.2509386012301,0.4729766845703125,8.6019287109375,7.143341064453125,-0.1893579101326024,72190260.0,-0.00775633097262074,-0.0020601499985813954,-0.007571176349263298,0.016022579491052902,0.0026654511033283868,0.050803334439694536,0.04182852668243209,1.0052553903089267,1.0283294111438368,1.0630907365571411,64.46550375139196,0.0021575016518280794
178.3043975830078,179.5557493602978,177.97923856717878,178.83646640490514,48900000,0.002159830733214685,0.38427734375,1.576510793119013,-0.532068821897326,176.991943359375,176.2903823852539,173.38563842773436,167.7634307861328,0.008618342008383888,173.73222040901845,0.0098724365234375,7.853057861328125,7.340667724609375,-0.026185454914776307,69570880.0,0.015465059550133109,-0.00775633097262074,-0.0020601499985813954,0.004775402831636466,5.537150686674153e-05,0.046072139263621636,0.04293698862729145,1.0074153331429778,1.0283688960624242,1.0628323273283127,64.97943858251404,0.01551769315825773
181.0928497314453,181.19138823156914,178.31424143935143,178.60984190485868,54274900,0.015638717755905862,2.7884521484375,2.877146792217701,2.483007826586629,177.82158813476562,177.1141143798828,173.93840560913085,168.19016052246093,0.008927169064855637,174.43323272544006,4.148223876953125,8.237319946289062,11.055343627929688,0.10991615541922295,56036560.0,0.002159830733214685,0.015465059550133109,-0.00775633097262074,-0.007571176349263298,0.02344362738862915,0.04765436174664073,0.0650170887662831,1.01839631301797,1.0411320553230303,1.0767148872972345,72.58601950529211,-0.0026150387687471025
180.61990356445312,181.44757286544584,179.7626757194867,180.1173932820357,54929100,-0.0026116225333775445,-0.4729461669921875,1.6848971459591269,0.5025102824174326,178.62955017089843,177.7062957763672,174.49215850830078,168.55744689941406,0.008917133281857193,175.02243947201273,4.0398101806640625,5.92181396484375,11.075057983398438,0.012053453806455616,54052700.0,0.015638717755905862,0.002159830733214685,0.015465059550133109,-0.0020601499985813954,0.022878061186000886,0.03389741684305747,0.06532229243208554,1.01114235238039,1.0351175955901815,1.0715628818953178,80.80766329199653,0.0034851447881635586
181.25048828125,181.68403358526143,179.34881869349235,180.67899811094975,57462900,0.003491224966643003,0.630584716796875,2.335214891769084,0.5714901703002511,179.83755187988282,178.36646270751953,175.07744064331055,168.91235137939452,0.008885173065540947,175.6155869776544,6.040008544921875,6.6016693115234375,11.705642700195312,0.04612855480974565,53156360.0,-0.0026116225333775445,0.015638717755905862,0.002159830733214685,-0.00775633097262074,0.0344728725930743,0.03779967909584192,0.06904157221694573,1.007856737297619,1.0352589552100886,1.0730446104213112,81.16324944706797,0.011136459104880606
183.28025817871094,183.78278344228747,181.08298811392547,181.26035439367692,65433200,0.011198700299837494,2.0297698974609375,2.6997953283620006,2.0199037850340176,180.90957946777343,178.94977416992188,175.7336654663086,169.31847778320312,0.009055851687459322,176.3455556634693,5.360137939453125,5.8331146240234375,13.124496459960938,0.1387034068938393,56200020.0,0.003491224966643003,-0.0026116225333775445,0.015638717755905862,0.015465059550133109,0.03012665421001892,0.03287240643705114,0.07713224828468856,1.0131042187921278,1.0429433523302294,1.0824586930989577,82.00597516742346,-0.005877059106740629
182.20626831054688,184.245897953939,181.56581317602513,183.98970387223915,101256200,-0.0058598229773162425,-1.0739898681640625,2.680084777913862,-1.7834355616922721,181.68995361328126,179.34094848632813,176.21992416381835,169.73992492675782,0.008984039287053137,176.90371877271477,3.9018707275390625,3.9117431640625,9.725173950195312,0.5474743708087026,66671260.0,0.011198700299837494,0.003491224966643003,-0.0026116225333775445,0.002159830733214685,0.021883199631812733,0.02193978284441811,0.056383999569699306,1.0028417349831271,1.0339708700655408,1.0734437898989777,74.98695219610849,0.0004866051400874725
182.29495239257812,183.3689679486228,181.70376647980103,181.70376647980103,49799100,0.0004867235515744195,0.08868408203125,1.6652014688217776,0.5911859127770924,181.9303741455078,179.87598114013673,176.70519790649413,170.1454345703125,0.008985884283445744,177.41716959365414,1.2021026611328125,5.3503265380859375,9.705474853515625,-0.5081871529842124,65776100.0,-0.0058598229773162425,0.011198700299837494,0.003491224966643003,0.015638717755905862,0.006638045968769601,0.030237293233679186,0.05623445294524965,1.0020039438097277,1.0316332204842207,1.0714066636753916,72.39988914064202,-0.005691453971408446
181.2603759765625,182.68909408055805,179.91047063421516,182.18656875714527,49515700,-0.005675288330461492,-1.034576416015625,2.778623446342891,-0.9261927805827668,182.0584686279297,180.34400939941406,177.1860382080078,170.58200897216796,0.008995397728355054,177.7831892491692,0.640472412109375,4.6802825927734375,9.616806030273438,-0.005690865899182884,64693420.0,0.0004867235515744195,-0.0058598229773162425,0.011198700299837494,-0.0026116225333775445,0.003545968076994477,0.026505154137624443,0.05602776750263794,0.9956162838379232,1.022994688575697,1.0625996086500353,68.42411413983099,0.016390130416880887
184.2557373046875,184.3050065515812,180.97460392176268,181.0435838743865,51245300,0.016525185452072044,2.995361328125,3.330402629818508,3.2121534303009867,182.65951843261718,181.24853515625,177.94670944213868,171.10269561767578,0.008445755695318686,178.39962239731378,3.0052490234375,9.045257568359375,15.213424682617188,0.034930335227008724,63449900.0,-0.005675288330461492,0.0004867235515744195,-0.0058598229773162425,0.003491224966643003,0.016580639599570013,0.05162509446907215,0.08999773161309021,1.0087387664533845,1.0354545913342683,1.0768722061305325,68.76709701515136,-0.0017126328335971325
183.94044494628906,184.80753566864925,182.29495416898448,182.82703803401998,53117000,-0.0017111671148511975,-0.3152923583984375,2.512581499664776,1.1134069122690846,182.79155578613282,181.85056762695314,178.6778221130371,171.63085205078124,0.008535031247194368,178.92731978293045,0.660186767578125,6.02032470703125,14.62225341796875,0.03652432515762416,60986660.0,0.016525185452072044,-0.005675288330461492,0.0004867235515744195,0.011198700299837494,0.003602061532095746,0.033837233804335565,0.08635961254950586,1.0062852419807644,1.0294531395727593,1.0717213295186911,66.03260327939316,-0.007581642629812315
182.5511474609375,185.29034946556595,182.51172604562308,184.08825189117624,48088700,-0.007552974473652219,-1.3892974853515625,2.7786234199428748,-1.5371044302387418,182.86053161621095,182.2752426147461,179.2828125,172.02377410888673,0.008901283923627478,179.27244622845495,0.344879150390625,4.2467498779296875,12.099807739257812,-0.0946646083174878,50353160.0,-0.0017111671148511975,0.016525185452072044,-0.005675288330461492,-0.0058598229773162425,0.0018927952017699923,0.023817415248845286,0.07098687378471125,0.9983080867558518,1.0182300518123426,1.0611972002508632,65.88518090988876,0.014946579407340867
185.30015563964844,185.62531458599346,182.94523027205378,183.16200290295046,50730800,0.015058838122609775,2.7490081787109375,2.6800843139396875,2.1381527366979753,183.461572265625,182.69597320556642,179.9050437927246,172.47856384277344,0.008963597261071488,179.84651379142576,3.0052032470703125,4.207305908203125,12.444625854492188,0.054942221353457166,50539500.0,-0.007552974473652219,-0.0017111671148511975,0.016525185452072044,0.0004867235515744195,0.01648538924214704,0.023232865982518947,0.0719943751291019,1.010021626607241,1.0299886636482507,1.074337306104675,71.76588075418348,0.006308130800236907
186.47274780273438,187.11320300977505,184.84696764032918,185.1721116449177,51216800,0.006328068959457589,1.1725921630859375,2.266235369445866,1.3006361578166832,184.50404663085936,183.28125762939453,180.49377670288087,172.9564114379883,0.008833400031124462,180.4775836972647,5.212371826171875,5.85284423828125,11.774658203125,0.009579979026548058,50879720.0,0.015058838122609775,-0.007552974473652219,-0.0017111671148511975,-0.005675288330461492,0.02875626732036496,0.03240420420329082,0.06740003986369492,1.010670233026454,1.0331256357369916,1.0781488020731294,78.3906415400901,0.0017948516283135128
186.8077392578125,187.2807060224463,186.16728410364277,186.30522898461155,46347300,0.0017964633386133855,0.334991455078125,1.1134219188035388,0.5025102732009543,185.0144470214844,183.83698272705078,181.10172271728516,173.41655700683594,0.008801164156962145,181.0804556554121,2.552001953125,5.5572509765625,12.158920288085938,-0.09507622498867563,49900120.0,0.006328068959457589,0.015058838122609775,-0.007552974473652219,0.016525185452072044,0.013850325587989598,0.030660612444470825,0.06961925285159554,1.0096927146241714,1.031507246065433,1.077219744654766,75.4516288878188,0.022839645057280245
191.1234588623047,191.62596911406445,188.45322195229386,188.81780236383452,85213200,0.02310246685516648,4.3157196044921875,3.1727471617705874,2.305656498470171,186.4510498046875,184.62130279541014,181.78553848266603,173.9401889038086,0.009453475547772648,182.03693215130664,7.183013916015625,7.84320068359375,13.676315307617188,0.838579593633286,56319360.0,0.0017964633386133855,0.006328068959457589,0.015058838122609775,-0.0017111671148511975,0.03905075861979723,0.04279348338731648,0.07707261460313264,1.025059709036295,1.0513677845750589,1.09878838275839,79.96330688823295,-0.0078150782544225
189.63563537597656,191.03479491877454,188.94589592351636,190.9362564156046,31458200,-0.007784619926746061,-1.487823486328125,2.0888989952581767,-1.3006210396280267,187.86794738769532,185.36423950195314,182.35259399414062,174.45335021972656,0.00979363556096196,182.7606181727038,7.0844879150390625,7.4293670654296875,11.341110229492188,-0.6308294958996963,52993260.0,0.02310246685516648,0.0017964633386133855,0.006328068959457589,-0.007552974473652219,0.038808235464830476,0.04077448670847761,0.06360885293687213,1.0094092047784677,1.0399393352313373,1.087027764941904,71.2606139777923,-0.005888742460275554
188.52220153808594,190.1479814937267,187.82261429340878,188.75868490984942,46920300,-0.005871437800617496,-1.113433837890625,2.3253672003179133,-0.23648337176348377,188.51235656738282,185.9869644165039,182.9314727783203,174.97631896972655,0.009702808395370754,183.3093403979783,3.2220458984375,6.2272491455078125,11.57757568359375,0.4915125468081454,52231160.0,-0.007784619926746061,0.02310246685516648,0.0017964633386133855,0.015058838122609775,0.017388252520971426,0.03416029387416741,0.06543050193066846,1.0000522245378625,1.030561874754819,1.0774155191292087,69.059018794599,0.002505399743703816
188.9951171875,189.2020419776709,186.4234192703351,187.05402643985758,45094300,0.002508540880361565,0.4729156494140625,2.778622707335785,1.94109074764242,189.01683044433594,186.76043853759765,183.55222396850587,175.502646484375,0.009625466629622761,183.85084294936132,2.522369384765625,7.7347412109375,12.415023803710938,-0.038917057222566775,51006660.0,-0.005871437800617496,-0.007784619926746061,0.02310246685516648,0.006328068959457589,0.013526745406433172,0.042671991433679946,0.07030817328161354,0.9998851252727872,1.0296531041755617,1.0768790156353925,68.82189598472746,-0.005908271625055669
187.88177490234375,189.84257718093838,187.4482445059746,188.60107302001646,46815000,-0.0058908521115480506,-1.11334228515625,2.3943326749637777,-0.7192981176727073,189.23163757324218,187.12304229736327,184.18578872680663,176.03740631103517,0.009519647405942532,184.23474123059773,1.07403564453125,3.62603759765625,12.671295166015625,0.038157815954566354,51100200.0,0.002508540880361565,-0.005871437800617496,-0.007784619926746061,0.0017964633386133855,0.005749417282166158,0.019679374171454933,0.07232041819122048,0.9928666121151334,1.0200666196946344,1.0672832487112491,61.70450761230606,-0.010915262319081263
185.84214782714844,187.20190113081154,184.2951803689385,186.4826030596721,59922200,-0.010855906999257647,-2.0396270751953125,2.906720761873032,-0.6404552325236637,188.17537536621094,187.3132125854492,184.58189010620117,176.53157104492186,0.009603318598066731,184.38782757312637,-5.28131103515625,1.901702880859375,7.922027587890625,0.2799786393250028,46042000.0,-0.0058908521115480506,0.002508540880361565,-0.005871437800617496,0.02310246685516648,-0.02763298166846795,0.010338688054248646,0.04452575446350582,0.9876007817998408,1.0068276347166136,1.0527417091861564,58.81525119364984,-0.002814204424892502
185.31988525390625,186.5219826806886,183.86160879849567,186.384037813756,46638100,-0.002810248263638959,-0.5222625732421875,2.6603738821929426,-1.0641525598497594,187.31222534179688,187.5900863647461,184.9326644897461,176.92378173828126,0.009669147403150613,184.47659497129587,-4.3157501220703125,2.76873779296875,7.0154876708984375,-0.22168912356355408,49077980.0,-0.010855906999257647,-0.0058908521115480506,0.002508540880361565,-0.007784619926746061,-0.022758117763646002,0.015166915308276518,0.039345567277063065,0.9893635341513074,1.0020938473212861,1.0474560482097603,57.18298305291091,0.0089454512535669
186.98509216308594,188.88676181703667,185.70416691161034,186.89640150427806,60750200,0.008985581374056029,1.6652069091796875,3.1825949054263276,0.0886906588078773,187.0048034667969,187.75858001708986,185.22727661132814,177.32430389404297,0.00928099639399382,184.71549946575206,-1.537109375,1.6849365234375,5.892242431640625,0.30258736955407706,51843960.0,-0.002810248263638959,-0.010855906999257647,-0.0058908521115480506,-0.005871437800617496,-0.008153466076988636,0.009093011916914806,0.032537134626676956,0.9998945946663106,1.0094900469515962,1.0544809033893945,63.19857367103107,0.004049076008586321
187.74374389648438,188.38421391158911,186.99490260813673,187.70433752756517,41342300,0.004057284592168253,0.7586517333984375,1.3893113034523878,0.03940636891920235,186.75452880859376,187.88567962646485,185.58346862792968,177.74176971435546,0.00923980422427085,185.0039036972504,-1.251373291015625,1.27099609375,7.12384033203125,-0.31947055318336404,51093560.0,0.008985581374056029,-0.002810248263638959,-0.010855906999257647,0.002508540880361565,-0.0066211937622396855,0.006815988441885246,0.03944105932649422,1.005296873356707,1.01164045097619,1.056272502508571,58.9665219512884,0.0007871592631162029
187.89158630371094,188.37438582770977,186.8471444335954,187.4383302857117,41616200,0.0007874691542748558,0.1478424072265625,1.5272413941143839,0.4532560179992515,186.7564910888672,187.9940643310547,185.91552352905273,178.18285675048827,0.009236252007847452,185.2789210883419,0.0098114013671875,1.0838470458984375,6.6410980224609375,0.00662517566753662,50053800.0,0.004057284592168253,0.008985581374056029,-0.002810248263638959,-0.0058908521115480506,5.2221144771991135e-05,0.005801938668090312,0.03664044210549,1.0060779425026978,1.0106288207522887,1.0544874503096442,60.245293231369175,0.01715769717090818
191.1431884765625,191.46834750746484,188.9951723122315,189.08384794751433,50520200,0.017305735913025977,3.2516021728515625,2.4731751952333525,2.059340529048171,187.81669921875,187.99603729248048,186.3086700439453,178.71042602539063,0.009653424657511813,185.8374227443629,5.3010406494140625,0.0197296142578125,7.8629302978515625,0.21395514246855796,48173400.0,0.0007874691542748558,0.004057284592168253,0.008985581374056029,-0.010855906999257647,0.028524426301532735,0.00010322968397113996,0.04290113062905365,1.017711360446912,1.0259489718405315,1.0695693179613677,70.31693799792171,-0.0013413895392286707
190.886962890625,191.4781637647375,189.5961898515042,190.51254970289233,48288200,-0.0013404902784119876,-0.2562255859375,1.8819739132333098,0.37441318773267085,188.93011474609375,188.1211700439453,186.74270477294922,179.2655386352539,0.009507947373157069,186.3183313297212,5.56707763671875,1.2513275146484375,8.680694580078125,-0.04418034766291501,48503420.0,0.017305735913025977,0.0007874691542748558,0.004057284592168253,-0.002810248263638959,0.03004036846392011,0.006598588457108923,0.047642129222925655,1.0103575237180218,1.0221923427890507,1.064827988378831,64.97623922911862,0.0070469127470025525
192.23687744140625,195.32093388898534,189.82281961650222,190.26622781119138,80507300,0.00707180066327906,1.34991455078125,5.498114272483122,1.970649630214865,189.9804718017578,188.49263763427734,187.23980102539062,179.69454376220702,0.009553119431561485,186.8820023879769,5.2517852783203125,3.7146759033203125,9.941925048828125,0.6672251191802552,52454840.0,-0.0013404902784119876,0.017305735913025977,0.0007874691542748558,0.008985581374056029,0.028086652350550967,0.01970418270640595,0.0545375772523744,1.0118770398780932,1.0266881100527232,1.069798077429645,65.30606621967013,-0.010148768820535633
190.2957763671875,193.58675746858663,189.6750169550875,192.22700448393437,59581200,-0.010097443841441955,-1.94110107421875,3.911740513499126,-1.9312281167468655,190.49087829589843,188.6227035522461,187.6915710449219,180.0861050415039,0.009805063950022407,187.2071237193303,2.552032470703125,1.3006591796875,9.035400390625,-0.25992798168613285,56102620.0,0.00707180066327906,-0.0013404902784119876,0.017305735913025977,0.004057284592168253,0.013593169166319807,0.0068819723971869085,0.0498476312980467,0.9989757938518827,1.0138749188776428,1.056693276382043,58.53418872342586,-0.006180524336542164
189.12327575683594,192.10880919119532,188.42368841793873,191.25158128475522,71951700,-0.006161464183467524,-1.1725006103515625,3.6851207732565854,-2.128305527919281,190.73721618652343,188.74685363769532,187.9349479675293,180.4882614135742,0.009398621566270094,187.38961438956895,1.231689453125,1.2415008544921875,4.8675384521484375,0.20762421703490364,62169720.0,-0.010097443841441955,0.00707180066327906,-0.0013404902784119876,0.0007874691542748558,0.00655531989140834,0.0066078833624894084,0.026417296543116198,0.9915384083821942,1.006323080417762,1.0478425260215416,44.21659998694054,0.004210936283804723
189.9213409423828,192.04964595897565,189.42867857936756,190.57165886992988,45377800,0.0042198147338192715,0.798065185546875,2.6209673796080892,-0.6503179275470643,190.4928466796875,189.15477294921874,188.23399276733397,180.87115264892577,0.009390639305317944,187.63073120412264,-1.2218475341796875,4.079193115234375,5.98089599609375,-0.3693297031202877,61141240.0,-0.006161464183467524,-0.010097443841441955,0.00707180066327906,0.017305735913025977,-0.0063923153313386605,0.021949773842629305,0.032515393761498146,0.9969998572268404,1.008964099152561,1.0500366595828778,50.860419420002685,0.0045035756319724484
190.77859497070312,191.58656857428397,190.08887057427083,190.49285737606127,37283200,0.0045137319695967015,0.8572540283203125,1.4976980000131448,0.28573759464185855,190.47117309570314,189.70064392089844,188.64536514282227,181.26744995117187,0.009153362857566431,187.9305277533208,-0.108367919921875,5.458709716796875,8.227447509765625,-0.1783823808117626,58940240.0,0.0042198147338192715,-0.006161464183467524,-0.010097443841441955,-0.0013404902784119876,-0.0005677072875006628,0.02945560704032335,0.04506927304593433,1.0016140073587174,1.0113081486325721,1.0524702312637668,56.90175816892797,0.004534740418769337
191.64569091796875,192.76896069007793,190.48301476563847,190.82786945588313,47471900,0.004545037913707084,0.867095947265625,2.28594592443946,0.8178214620856181,190.35293579101562,190.1667037963867,188.96264190673827,181.69961364746095,0.008667817790335772,188.28435281662058,-0.5911865234375,4.6605987548828125,6.3455352783203125,0.2732785812376619,52333160.0,0.0045137319695967015,0.0042198147338192715,-0.006161464183467524,0.00707180066327906,-0.0030753023629281895,0.02492497503928237,0.03424463005125822,1.0067913590172963,1.0141988330823333,1.0547391217342128,57.91655956788604,-0.00660272356545547
190.3844757080078,194.30606454519102,189.72430983845956,193.14338839624878,47460200,-0.0065809734824707755,-1.2612152099609375,4.581754706731459,-2.7589126882409687,190.37067565917968,190.43077697753907,189.15822830200196,182.11640625,0.008786479560221924,188.48436452056222,0.0886993408203125,2.6407318115234375,3.9117279052734375,-0.0002464615909621992,49908960.0,0.004545037913707084,0.0045137319695967015,0.0042198147338192715,-0.010097443841441955,0.00046611302948296185,0.014065618149063042,0.020977477681680234,1.000072490412614,1.006482654320742,1.0453999155169897,57.40945366364025,0.013417436725939804
192.95616149902344,193.74442436278966,191.29096014596897,191.8131810983056,48291400,0.013507854468973735,2.571685791015625,2.4534642168206915,1.1429804007178461,191.1372528076172,190.9372344970703,189.4656494140625,182.58463256835938,0.009216801564547829,188.91024994708232,3.8328857421875,5.0645751953125,6.1484222412109375,0.01751362194006778,45176900.0,-0.0065809734824707755,0.004545037913707084,0.0045137319695967015,-0.006161464183467524,0.020266599797666318,0.026954773733859794,0.032913102345966117,1.0095162437708416,1.0184229283553805,1.0568039532394982,70.41836664979093,0.0031610862403744005
193.56707763671875,193.60649905306556,192.39453857567588,193.1828015190956,38824100,0.003166087742154877,0.6109161376953125,1.211960477389681,0.38427611762315905,191.86640014648438,191.17962341308595,189.58783035278321,183.05285888671875,0.007734675283354321,189.35375734609534,3.6457366943359375,2.42388916015625,2.4436187744140625,-0.19604525857606114,43866160.0,0.013507854468973735,-0.0065809734824707755,0.004545037913707084,0.0042198147338192715,0.019196034928175676,0.012681012488464649,0.012785551229347325,1.0088638630262305,1.0209889383539597,1.0574381564644486,73.55092166541175,-0.004285035475172081
192.73941040039062,193.8429695122176,192.41425136889904,193.36016991822595,35175100,-0.004275867809925171,-0.827667236328125,1.428718143318548,-0.6207595178353245,192.25856323242186,191.3648681640625,189.7430191040039,183.45802520751954,0.0075710249578549394,189.67620049412346,1.9608154296875,1.852447509765625,3.1037750244140625,-0.09398801260042089,43444540.0,0.003166087742154877,0.013507854468973735,-0.0065809734824707755,0.0045137319695967015,0.010277963468535933,0.00970442130627358,0.016367045245796907,1.0025010442181836,1.015791839460214,1.050591328356295,67.25770387855013,-0.015611310256353556
189.7538604736328,192.31569604997566,189.03457754647138,192.17775117305615,50389300,-0.015490085398495945,-2.9855499267578125,3.281118503504274,-2.423890699423339,191.88019714355468,191.11656646728517,189.80460205078126,183.80131286621094,0.008291007135555202,189.6835966826482,-1.8918304443359375,-2.4830169677734375,1.231658935546875,0.43252755500339735,44028020.0,-0.004275867809925171,0.003166087742154877,0.013507854468973735,0.004545037913707084,-0.0098715000335996,-0.012916444549148753,0.006533230173943361,0.9889184152321302,0.9997326641366954,1.032385773064389,55.31815256822341,-0.007348592219320299
188.3645477294922,189.54693452970886,187.8915960163783,188.75868668614032,61235200,-0.007321657333731468,-1.389312744140625,1.6553385133305767,-0.3941389566481348,191.47621154785156,190.92344360351564,189.77307357788087,184.135732421875,0.008446741413991687,189.55797297282382,-2.019927978515625,-1.9312286376953125,-0.6305694580078125,0.21524212481618132,46783020.0,-0.015490085398495945,-0.004275867809925171,0.003166087742154877,-0.0065809734824707755,-0.010609730499316461,-0.01014856280345855,-0.003336432535356093,0.9837490840600753,0.9925778414090415,1.0229657506014558,51.174178082918274,-0.04921146340432584
179.31924438476562,184.63014382216585,179.25026444025556,182.79743931128007,115956800,-0.04802020047698363,-9.045303344726562,5.3798793819102855,-3.4781949265144476,188.748828125,189.9430404663086,189.34494705200194,184.3412710571289,0.013624415074553373,188.58285596443733,-13.636917114257812,-9.804031372070312,-8.562530517578125,0.8936298076923077,60316100.0,-0.007321657333731468,-0.015490085398495945,-0.004275867809925171,0.013507854468973735,-0.0706736546183151,-0.051839369495036536,-0.04557403463975529,0.950041630277092,0.9470505929873965,0.9727569054744832,27.203609324087225,-0.01740417829099754
176.225341796875,180.44253062568194,174.74735463626894,179.45720585194456,97576100,-0.017253600406948122,-3.093902587890625,5.695175989413002,-3.2318640550695648,185.28048095703124,188.5734405517578,188.86410675048828,184.4794140625,0.013909483197024952,187.4059498532409,-17.34173583984375,-13.695999145507812,-9.616806030273438,-0.15851334290011454,72066500.0,-0.04802020047698363,-0.007321657333731468,-0.015490085398495945,0.003166087742154877,-0.08959031696697017,-0.07211406089251882,-0.05174717437735399,0.9511273982376145,0.9330801115623808,0.9552574887145479,24.52056886837282,0.0052978687061100895
177.16143798828125,177.6245419410217,174.97401528572274,177.05305163689803,67823000,0.005311927228293989,0.93609619140625,2.650526655298961,0.10838635138321706,182.16488647460938,187.21172485351562,188.45618438720703,184.61361602783202,0.014019910775396714,186.4302820565781,-15.577972412109375,-13.617156982421875,-8.158447265625,-0.3049220044662576,78596080.0,-0.017253600406948122,-0.04802020047698363,-0.007321657333731468,-0.004275867809925171,-0.08082401196386457,-0.0713767547376738,-0.044023593336716904,0.9725334086982481,0.9400669899178299,0.959633648915542,23.419111000146373,-0.008994850526201123
175.57504272460938,178.2748232727554,174.41235154839882,178.21570618554995,60378500,-0.008954517877512447,-1.586395263671875,3.8624717243565954,-2.640663460940573,179.3291229248047,185.6046600341797,187.88568191528321,184.6680062866211,0.013842503938444155,185.39644973924774,-14.178817749023438,-16.070648193359375,-11.410049438476562,-0.10976364949943229,80593920.0,0.005311927228293989,-0.017253600406948122,-0.04802020047698363,-0.015490085398495945,-0.07472215697552909,-0.08385603723403412,-0.061021171829703236,0.9790659757937396,0.934478034381435,0.9507604823117078,23.715754451008664,-0.0012354578001973974
175.35826110839844,178.09746293161143,174.99369573264087,176.8460961883882,54686900,-0.001234694936403713,-0.2167816162109375,3.1037671989705586,-1.4878350799897646,176.72786560058594,184.10203857421874,187.26640777587892,184.68120971679687,0.013749755823425955,184.44043177440494,-13.00628662109375,-15.026214599609375,-12.385482788085938,-0.09426534279586274,79284260.0,-0.008954517877512447,0.005311927228293989,-0.017253600406948122,-0.007321657333731468,-0.06904848485486714,-0.07892562953848736,-0.06597014915668709,0.9922502063410709,0.936410663242218,0.9495186942802958,24.553754778378035,0.00033756099799755736
175.41746520996094,176.23639103718068,174.19402209160106,174.95375100085724,52036700,0.0003376179781224842,0.0592041015625,2.042368945579625,0.4637142091036992,175.947509765625,182.3481689453125,186.6427017211914,184.69658264160157,0.013743057762094973,183.58110162541027,-3.9017791748046875,-17.5386962890625,-12.47412109375,-0.04846133169003908,66500240.0,-0.001234694936403713,-0.008954517877512447,0.005311927228293989,-0.04802020047698363,-0.02175884238298842,-0.09089472008983379,-0.06638999296959813,0.9969874847540035,0.9398570830377347,0.9497602105088945,22.43487500478497,0.009349382293446765
177.06520080566406,177.2921273528478,174.94388246971033,175.595078706152,43675600,0.009393224293435809,1.647735595703125,2.3482448831374825,1.4701220995120536,176.1154815673828,180.69798126220704,185.93880233764648,184.68894378662108,0.013221509107805385,182.9605396425773,0.8398590087890625,-16.501876831054688,-14.077987670898438,-0.16067698374416517,55720140.0,0.0003376179781224842,-0.001234694936403713,-0.008954517877512447,-0.017253600406948122,0.004765824257881857,-0.08525146441496079,-0.07365152681140219,1.0053925937108368,0.952276762997167,0.9587211728831746,24.69747194601652,-0.01126367823954165
175.0819854736328,177.08489459113486,174.68732936330193,176.49291042563854,43622600,-0.01120048051795286,-1.98321533203125,2.397565227832928,-1.410924952005729,175.69959106445313,178.93223876953124,185.14855346679687,184.62469299316408,0.013311119424565062,182.21020115029685,-2.0794525146484375,-17.657424926757812,-15.804977416992188,-0.0012134922015953897,50880060.0,0.009393224293435809,0.0003376179781224842,-0.001234694936403713,0.005311927228293989,-0.011737613660518953,-0.0916129445974585,-0.08279757390266707,0.996484877471378,0.9456297777937038,0.9483129403503756,20.647321368213795,-0.00497129951376966
174.21376037597656,176.15745776554937,174.14468726786023,174.7662850202376,46964900,-0.00495896305555088,-0.86822509765625,2.0127704976891323,-0.552524644261041,175.42733459472657,177.37822875976562,184.24739761352538,184.57007568359376,0.013042818952856248,181.44863536226637,-1.3612823486328125,-15.54010009765625,-18.023117065429688,0.07661854176504845,48197340.0,-0.01120048051795286,0.009393224293435809,0.0003376179781224842,-0.008954517877512447,-0.007753279324374085,-0.08189609454515223,-0.09375473273031665,0.9930821828790045,0.9455425836809092,0.9438895212603645,20.938968114593976,-0.014662282392750494
171.6780242919922,175.14117901733323,171.16495931429398,174.77612136953763,66062900,-0.014555314565921296,-2.535736083984375,3.9762197030392485,-3.0980970775454466,174.6912872314453,175.70957641601564,183.31651000976564,184.47203430175782,0.013175035727157985,180.5181009746212,-3.68023681640625,-16.6865234375,-18.617752075195312,0.40664411081467233,50472540.0,-0.00495896305555088,-0.01120048051795286,0.009393224293435809,-0.001234694936403713,-0.02098696002768463,-0.08858632709093062,-0.09783586599037908,0.9827509260066251,0.9365115247003478,0.9306452598184216,11.710743520268693,0.0028123906183887214
172.16152954101562,172.76339001893962,169.66529224450343,170.00075151281027,61172200,0.0028163490989452367,0.4835052490234375,3.0980977744361837,2.160778028205357,174.04010009765625,174.99380493164062,182.46842269897462,184.41105529785156,0.013287657597885152,179.72223702856354,-3.2559356689453125,-7.15771484375,-16.961746215820312,-0.07403096140193666,52299640.0,-0.014555314565921296,-0.00495896305555088,-0.01120048051795286,0.0003376179781224842,-0.018561068962250737,-0.03991604397122972,-0.0896861909140616,0.9892061050551767,0.9435140995603241,0.9335748839078486,11.304034566233923,0.0077068840010590155
173.4934844970703,173.77962299820936,171.42151715942626,172.7337706675176,46311900,0.007736658471876323,1.3319549560546875,2.3581058387831035,0.7597138295527088,173.3257568359375,174.72061920166016,181.64702987670898,184.3225225830078,0.013433016771864247,179.12902250175466,-3.57171630859375,-2.7318572998046875,-16.4278564453125,-0.24292570808308345,52826900.0,0.0028163490989452367,-0.014555314565921296,-0.00495896305555088,0.009393224293435809,-0.020171757591791573,-0.015502068385564782,-0.08649821217456699,1.0009677018822516,0.9551132469098295,0.9412495123537562,15.831087103162233,0.007873797408870037
174.86492919921875,175.30892111024494,173.89801113995804,174.69719959083847,42038900,0.00790487727031386,1.3714447021484375,1.4109099702868946,0.1677296083802844,173.2823455810547,174.4909683227539,180.85134658813476,184.25373321533203,0.013572473811825721,178.72291837770362,-0.2170562744140625,-2.2965087890625,-15.913665771484375,-0.0922657027675392,52510160.0,0.007736658471876323,0.0028163490989452367,-0.014555314565921296,-0.01120048051795286,-0.0012397407638877755,-0.012962802826281039,-0.08341431476591044,1.0091329766622057,0.9668986850147746,0.9490441585509648,21.959327617689027,0.021711298185398974
178.70298767089844,179.12725724190958,175.95022624612537,176.13769314574677,52722800,0.021948703432162153,3.8380584716796875,3.1770309957842073,2.5652945251516712,174.18019104003906,174.80376281738282,180.20421142578124,184.2059359741211,0.014679244915883356,178.72102021515076,4.489227294921875,3.1279449462890625,-12.942703247070312,0.25414318642971145,53661740.0,0.00790487727031386,0.007736658471876323,0.0028163490989452367,-0.00495896305555088,0.025768500061266852,0.017815430358147477,-0.06753453826733968,1.0259661939963065,0.9916693192517252,0.970126107640767,33.340735346119516,-0.026518756055123733
174.0262908935547,178.68330576322634,173.66121814414575,178.25903609639087,54945800,-0.02617022154076354,-4.67669677734375,5.022087619080594,-4.232745202836185,174.64984436035155,174.67056579589843,179.38630218505858,184.07406372070312,0.015532384458159172,178.27390313690353,2.3482666015625,-1.33197021484375,-16.358184814453125,0.04216392149127124,51438320.0,0.021948703432162153,0.00790487727031386,0.007736658471876323,-0.014555314565921296,0.013678317951565822,-0.007595708388214328,-0.08592184186037122,0.9964296935443567,0.9701202866316159,0.9454145107460984,39.25461082236787,0.012563809477965777
176.2265167236328,176.7593040006282,173.4737548580186,175.0129348306344,51449600,0.012643065704502687,2.200225830078125,3.2855491426095966,1.2135818929984055,175.462841796875,174.75147094726563,178.54981994628906,183.9735842895508,0.015481128218259945,178.07891395468727,4.0649871826171875,0.809051513671875,-16.729644775390625,-0.06362997717750951,49493800.0,-0.02617022154076354,0.021948703432162153,0.00790487727031386,0.0028163490989452367,0.023611472281028556,0.004612149153469414,-0.08670179094268149,1.0043523455960086,0.9869879273843282,0.9578903265061951,50.00247506452847,0.008807270282836212
177.7854461669922,178.1801023209798,176.1673318473753,177.68677460091166,43820700,0.008846168399300414,1.558929443359375,2.012770473604519,0.09867156608052596,176.32123413085938,174.82349548339843,177.76073837280273,183.8636880493164,0.015678251790807365,178.05096464157344,4.291961669921875,0.720245361328125,-15.781631469726562,-0.14827909254882443,48995560.0,0.012643065704502687,-0.02617022154076354,0.021948703432162153,0.007736658471876323,0.02473846025032911,0.004067684435173913,-0.08153055603466353,1.0083042297392617,1.000138994664489,0.9669415862000228,51.28090442282406,0.02157574274928919
181.66297912597656,182.4325690983829,177.1046362040057,177.30196426395187,53003900,0.021810182118857213,3.877532958984375,5.327932894377227,4.361014862024689,177.68084411621095,175.48159484863282,177.20691680908203,183.852822265625,0.01671577102949892,178.3949660210404,6.7980499267578125,6.58099365234375,-11.076431274414062,0.20956306038013994,51188560.0,0.008846168399300414,0.012643065704502687,-0.02617022154076354,0.00790487727031386,0.03887600537105396,0.037588068438570765,-0.05746842979027611,1.0224117294668025,1.0251460969872603,0.9880891513512661,61.42234259097559,0.0189907327888655
185.14585876464844,185.34320186637345,182.27470331859433,182.47203136515444,60813900,0.019172203689650003,3.482879638671875,3.0684985477791145,2.6738273994940016,178.96941833496095,176.5748046875,176.9765167236328,183.90984039306642,0.01712494834902769,179.0379081870983,6.44287109375,10.932098388671875,-4.608001708984375,0.14734764800326006,52806780.0,0.021810182118857213,0.008846168399300414,0.012643065704502687,0.021948703432162153,0.03605351638337062,0.06275106148377119,-0.024284099925464653,1.0345111499336026,1.0461605991136829,1.0067207843198618,66.35882505360789,0.0011717484952995278
185.36293029785156,186.59624944883035,184.9781353249528,185.33333184264131,60794500,0.001172435260780258,0.217071533203125,1.6181141238775467,0.029598455210248176,181.23674621582032,177.94329528808595,176.8264358520508,183.99189147949218,0.017067431659076534,179.6402912452653,11.336639404296875,13.684906005859375,-3.001617431640625,-0.0003190060167165276,53976520.0,0.019172203689650003,0.021810182118857213,0.008846168399300414,-0.02617022154076354,0.06514325706815804,0.0797126252023026,-0.01593515057807593,1.0227668183642942,1.0482761211844092,1.0074516263044788,66.5354222838755,0.008427874576003006
186.93174743652344,187.38560051082152,185.76748618147488,186.96134589549212,45766500,0.00846348909218797,1.568817138671875,1.6181143293466391,-0.029598458968678187,183.37779235839844,179.42031707763672,177.20706100463866,184.0454116821289,0.01300947962135827,180.33471564443272,10.705230712890625,14.770217895507812,7.6125030517578125,-0.24719341387790017,52839900.0,0.001172435260780258,0.019172203689650003,0.021810182118857213,0.012643065704502687,0.060746991496626546,0.08579278968353354,0.04245223694688138,1.0193805096703261,1.0548775335291534,1.0156827368202996,66.4473731066599,0.0012658139185172128
187.16851806640625,187.44478036173828,185.10641198511868,185.76746926717502,45280000,0.0012666153990947837,0.2367706298828125,2.3383683766195986,1.4010487992312335,185.25440673828126,180.7878204345703,177.75421981811525,184.10997314453124,0.012187981710233914,180.98555397033496,9.383071899414062,13.675033569335938,10.94317626953125,-0.010630045994340809,53131760.0,0.00846348909218797,0.001172435260780258,0.019172203689650003,0.008846168399300414,0.052777502893013084,0.07882159730077265,0.0620976311235919,1.0103323389808976,1.0529624458869336,1.0166125977296947,71.39372240717223,-0.03644971536969692
180.4691162109375,186.3298508313997,179.048330235654,185.88584392275033,81755800,-0.03579342255139217,-6.69940185546875,7.281520595745718,-5.416727711812825,185.01563415527343,181.34823913574218,177.91960372924805,184.06833251953125,0.014946719167015789,180.93636942182093,-1.1938629150390625,5.60418701171875,3.30767822265625,0.8055609540636042,58882140.0,0.0012666153990947837,0.00846348909218797,0.001172435260780258,0.021810182118857213,-0.0065718558661925774,0.0320486620009095,0.01867041868826469,0.975426304025095,1.0143295759896656,0.9804463035040976,59.177721172578345,-0.029685500182115108
175.19053649902344,175.8318715643951,171.22417743783686,172.84229174782251,112488800,-0.029249213509442318,-5.2785797119140625,4.607694126558243,2.348244751200923,183.02456970214843,180.9969940185547,177.90037841796874,183.86614013671874,0.016289033362027788,180.38914723869735,-9.955322265625,-3.512451171875,-0.3845062255859375,0.37591216769941704,69217120.0,-0.03579342255139217,0.0012666153990947837,0.00846348909218797,0.019172203689650003,-0.053770159008956764,-0.019655245934352084,-0.0021899822413202763,0.9571968221759845,0.9847676438743787,0.9528156536530091,54.76960066435766,0.003485686752730634
175.80226135253906,177.83478423163749,175.41746632815568,175.97000602806156,65551300,0.003491768823477681,0.611724853515625,2.417317903481802,-0.16774467552249916,181.11243591308593,181.17459106445312,177.92257843017578,183.65273040771484,0.016304189756588195,179.95230096382514,-9.5606689453125,1.775970458984375,0.444000244140625,-0.41726376314797564,70168480.0,-0.029249213509442318,-0.03579342255139217,0.0012666153990947837,0.001172435260780258,-0.05157810642046867,0.010205184802051903,0.00253196080603324,0.9706802322337756,0.9880829229412904,0.9572537307899126,54.92655357432665,0.006600553838572307
176.96649169921875,177.89395007164453,174.9734438173143,177.66702357259294,58953100,0.00662238550131633,1.1642303466796875,2.9205062543302347,-0.7005318733741888,179.119384765625,181.24858856201172,178.00002975463866,183.45590545654298,0.01636633671319879,179.66793817671976,-9.965255737304688,0.7399749755859375,1.5490264892578125,-0.10065704265209086,72805800.0,0.003491768823477681,-0.029249213509442318,-0.03579342255139217,0.00846348909218797,-0.05330959494019927,0.004198999045906371,0.008830514609270868,0.9879806807664995,0.994193607400827,0.9646268473005823,54.72102229805495,-0.01720769373515476
173.94735717773438,177.72624932161176,172.4871113411862,177.09479044187466,90370200,-0.017060486945832953,-3.019134521484375,5.239137980425568,-3.1474332641402896,176.47515258789062,180.86477966308593,177.8441375732422,183.11238342285156,0.016681494550508928,179.12312093872114,-13.221160888671875,-3.8380889892578125,-3.1178436279296875,0.5329168440675724,81823840.0,0.00662238550131633,0.003491768823477681,-0.029249213509442318,0.0012666153990947837,-0.07063773878885493,-0.021588319359126418,-0.017608449394591275,0.9856761964894898,0.9780887891572867,0.9499486267733576,48.80617910608953,-0.011925849070183596
171.8852081298828,174.9339690689215,171.65826659533536,174.1545030340495,84267900,-0.011855017985381133,-2.0621490478515625,3.2757024735861364,-2.269294904166685,174.75837097167968,179.88700256347656,177.68429870605468,182.7573748779297,0.016703693742863648,178.43379590930797,-8.583908081054688,-9.77777099609375,-3.19677734375,-0.06752557812199156,82326260.0,-0.017060486945832953,0.00662238550131633,0.003491768823477681,-0.03579342255139217,-0.04756441579190518,-0.053823685173153724,-0.018258745096487616,0.9835592262286396,0.9673629543048968,0.9405103801950055,40.699851717158595,0.008744426092186425
173.39483642578125,173.75003299454158,171.2636570132194,171.6780505009118,60895800,0.008782770270480134,1.5096282958984375,2.4863759813221975,1.7167859248694413,174.39923095703125,178.71190032958984,177.64335250854492,182.4548275756836,0.016805385113126757,177.95389500611495,-1.7957000732421875,-11.751022338867188,-0.8189239501953125,-0.2773547222607897,72007660.0,-0.011855017985381133,-0.017060486945832953,0.00662238550131633,-0.029249213509442318,-0.010249983298910692,-0.06346899907604586,-0.004700684655609133,0.9942408316496678,0.9760840131489902,0.9503439219982042,49.05716690307932,-0.004162792240383889
172.67453002929688,174.14465177290464,171.50042292713772,174.12491445244186,109259500,-0.004154139830990222,-0.720306396484375,2.644228845766918,-1.4503844231449818,173.7736846923828,177.44306030273438,177.69317779541015,182.12841583251952,0.016492542750939063,177.4510983416561,-3.1277313232421875,-12.688400268554688,0.9965057373046875,0.794204197990666,80749300.0,0.008782770270480134,-0.011855017985381133,-0.017060486945832953,0.003491768823477681,-0.017791189369117943,-0.06845165993095947,0.005804503758791046,0.9936747922159119,0.9717566660218572,0.9480921976946409,44.45126169122067,0.016772155166744324
175.59507751464844,176.98626535892447,173.81909463420754,174.12495542511192,67257600,0.016913597418542592,2.9205474853515625,3.167170724716925,1.4701220895365168,173.49940185546876,176.30939331054688,177.8648551940918,181.88268188476562,0.01689665463068404,177.27433445336965,-1.3714141845703125,-11.336669921875,3.4335479736328125,-0.3844233224570861,82410200.0,-0.004154139830990222,0.008782770270480134,-0.011855017985381133,0.00662238550131633,-0.007749569827610325,-0.06064603833933879,0.019943758531808298,1.0120788638852223,0.9872387511463886,0.9654304395285925,46.7179366176831,0.006161742303437375
176.68038940429688,177.23291401853146,174.7662755227223,175.15107052586188,51826900,0.006180764888229273,1.0853118896484375,2.46663849580915,1.5293188784349923,174.04600830078124,175.26058044433594,178.02420043945312,181.6994467163086,0.01686816735354274,177.21776825821985,2.7330322265625,-10.488128662109375,3.1869049072265625,-0.2294268603102103,74701540.0,0.016913597418542592,-0.004154139830990222,0.008782770270480134,-0.017060486945832953,0.015711835298365395,-0.056035752008189,0.01836901781334843,1.0151361190597545,0.9924515260743255,0.9723771458707408,41.85227048728332,-0.020194553903429776
173.148193359375,177.3020049252056,173.05938291514096,176.86787406066375,58436200,-0.019992009621617735,-3.532196044921875,4.24262201006465,-3.719680701288752,174.2986053466797,174.5284881591797,177.93836364746093,181.45601287841797,0.01741574342722124,176.8301896964251,1.2629852294921875,-7.3209228515625,-1.71673583984375,0.12752643897281146,69535200.0,0.006180764888229273,0.016913597418542592,-0.004154139830990222,-0.011855017985381133,0.007347841290321178,-0.0405660702798899,-0.009817496554085592,0.993399763669844,0.9730796091978432,0.9542157937493673,30.412531133273575,-0.008929508048901972
171.60894775390625,173.94733103404198,171.5398897121348,172.2206842726111,63149100,-0.00888975839484496,-1.53924560546875,2.4074413219071857,-0.6117365187048449,173.9414276123047,174.17032928466796,177.58366165161132,181.14848999023437,0.016687722027953728,176.33292855904236,-1.785888671875,-3.5815887451171875,-7.0940399169921875,0.08065035029656276,69985860.0,-0.019992009621617735,0.006180764888229273,0.016913597418542592,0.008782770270480134,-0.010299549333116498,-0.020443962423376427,-0.03969737724842437,0.9865904293737472,0.9663554977854526,0.9473385495134826,28.474452739514376,0.004932436817021279
172.45748901367188,174.7169382879251,171.7273736602944,172.33909518451154,56725400,0.004944621308339059,0.848541259765625,2.989564627630699,0.11839382916033969,173.89801940917968,173.83585205078126,177.50522155761718,180.84276489257812,0.0157277726558395,175.9638390785309,-0.217041015625,-3.3447723388671875,-1.5688018798828125,-0.10172274822602378,59479040.0,-0.00888975839484496,-0.019992009621617735,0.006180764888229273,-0.004154139830990222,-0.0012569370571802185,-0.019025764021088798,-0.009014740656872244,0.9917162346046147,0.9715629067153564,0.953632229169427,26.82469901682984,0.0073531606611678705
173.7302703857422,174.6083930174941,171.82601779128095,171.87535356826675,46172700,0.0073802615319849,1.2727813720703125,2.782375226213162,1.8549168174754413,173.52505798339843,173.5122299194336,177.38040924072266,180.55953857421875,0.015542153999187708,175.75111825064627,-1.86480712890625,-3.2362213134765625,-2.496246337890625,-0.1860313016743822,55262060.0,0.004944621308339059,-0.00888975839484496,-0.019992009621617735,0.016913597418542592,-0.010619928276467072,-0.01828719822833469,-0.01416498711034142,1.001182609616897,0.9794219729754549,0.96217719516563,29.174405125898645,-0.023676352420596902
169.665283203125,172.86203732750283,169.36928354767613,172.48711848209095,64588900,-0.023398266597936535,-4.0649871826171875,3.4927537798266997,-2.821835278965949,172.12203674316407,173.08402252197266,176.9744010925293,180.12998046875,0.016170684552611357,175.1715149127871,-7.015106201171875,-4.282073974609375,-8.120162963867188,0.3988547345076203,57814460.0,0.0073802615319849,0.004944621308339059,-0.00888975839484496,0.006180764888229273,-0.03970506418298203,-0.02461706831357069,-0.04567394654025836,0.9857266763365985,0.9586995755076306,0.9419047443496477,31.768368361151303,-0.008937415342080535
168.15567016601562,170.73084132501634,166.7940959712009,170.3164478696235,66921800,-0.008897595363112965,-1.509613037109375,3.9367453538154393,-2.160777703607863,171.1235321044922,172.71106872558593,176.29903564453124,179.6753546142578,0.015198620267955031,174.5033392226184,-4.992523193359375,-3.7295379638671875,-13.507308959960938,0.03611920933782731,59511580.0,-0.023398266597936535,0.0073802615319849,0.004944621308339059,-0.019992009621617735,-0.028833816261641387,-0.021697841277005137,-0.07435366867232818,0.9826566112680264,0.9538093589182476,0.9358861181992734,36.39837926535901,0.0015244833544491984
168.41221618652344,169.7343308371659,165.38317681816312,167.08022534636603,56294400,0.0015256459699191094,0.2565460205078125,4.3511540190027915,1.3319908401574025,170.48418579101562,172.21280670166016,175.462353515625,179.19886138916016,0.01428281320111654,173.92323226679983,-3.1967315673828125,-4.9826202392578125,-16.733642578125,-0.1588032599242698,58140640.0,-0.008897595363112965,-0.023398266597936535,0.0073802615319849,-0.00888975839484496,-0.018628000516424437,-0.028735689839244682,-0.09038086344343399,0.9878465583486314,0.9598196582466691,0.939806284933855,35.5126801514798,0.0030418315682211616
168.92527770996094,170.76045735672912,168.06687727418498,169.7244661753788,51861100,0.0030464626323143396,0.5130615234375,2.6935800825441447,-0.7991884654178705,169.77774353027343,171.83788146972657,174.64047088623047,178.77145141601562,0.014328937095415436,173.44723659471993,-3.5322113037109375,-3.7492523193359375,-16.437652587890625,-0.07875206059572537,57167780.0,0.0015256459699191094,-0.008897595363112965,-0.023398266597936535,0.004944621308339059,-0.020481634772212876,-0.021712827703656234,-0.08867820853650554,0.9949789306737931,0.9672745203487644,0.9449231203972168,33.82313125638876,0.014726692656508177
171.431396484375,171.97406003104268,168.64902069337074,168.9351592248721,52164500,0.014835664670132864,2.5061187744140625,3.3250393376719387,2.496237259502891,169.31796875,171.42151336669923,173.86545333862304,178.4176138305664,0.01469920134695017,173.25525182230615,-2.2988739013671875,-4.1636810302734375,-15.500350952148438,0.00585024228178721,58366140.0,0.0030464626323143396,0.0015256459699191094,-0.008897595363112965,0.0073802615319849,-0.013232431494309416,-0.023711832297383717,-0.08291984194611945,1.0124820050109122,0.986000342175467,0.96084345487982,44.83185328112717,-0.007800308697492995
170.09938049316406,171.31297744317223,168.54047825044546,169.96124934298015,49594600,-0.007769965236982368,-1.3320159912109375,2.7724991927267695,0.1381311501839093,169.4047882080078,170.76341247558594,173.01199645996093,178.02117462158202,0.014660672689957698,172.95469264810214,0.4340972900390625,-6.5810089111328125,-17.069137573242188,-0.049265304948767796,55367280.0,0.014835664670132864,0.0030464626323143396,0.0015256459699191094,-0.023398266597936535,0.0025585510591423777,-0.03724810055785832,-0.091196627240411,1.004100192754312,0.9831652369408331,0.9555008321607964,46.21821368469216,0.007281969014571121
171.34255981445312,171.8852232303615,168.68845469814508,168.80684851428336,53020300,0.007308547025184575,1.2431793212890625,3.1967685322164243,2.5357113001697655,170.04216613769532,170.58284912109374,172.55566864013673,177.63245391845703,0.01290741153446788,172.8011561877546,3.1868896484375,-1.805633544921875,-9.126556396484375,0.06907405241699704,52586980.0,-0.007769965236982368,0.014835664670132864,0.0030464626323143396,-0.008897595363112965,0.018952020144733517,-0.010428255183547952,-0.05057129213076539,1.0076474777185842,0.9929697538467221,0.9645904002041693,45.60435897201259,0.007172208760276403
172.5758819580078,173.10866919518492,170.3756298015613,171.47081778563683,48527900,0.007197990650368746,1.2333221435546875,2.7330393936236135,1.1050641723709873,170.8748992919922,170.6795425415039,172.42493591308593,177.25105773925782,0.011421096762613814,172.77970149920728,4.163665771484375,0.9669342041015625,-2.614654541015625,-0.0847298110346415,51033680.0,0.007308547025184575,-0.007769965236982368,0.014835664670132864,0.0015256459699191094,0.02472306264809765,0.005634520907896956,-0.014924633449194369,1.0099545496328806,1.0008754304829666,0.9736239893804902,49.7932553598508,0.014642754942505921
175.1214599609375,175.61478762599208,170.86896284182788,171.48069938400815,57266700,0.014750485259285018,2.5455780029296875,4.745824784164199,3.6407605769293525,172.1141357421875,170.94593963623046,172.39089584350586,176.9457974243164,0.011905231327744091,173.00272611461014,6.1961822509765625,2.663970947265625,-0.6808013916015625,0.1800778521221813,52114800.0,0.007197990650368746,0.007308547025184575,-0.007769965236982368,0.0030464626323143396,0.036680018141602266,0.015447116634375035,-0.003872540582605666,1.0174728485012685,1.0158393754152215,0.9896898514124971,48.99155202674033,0.008415654493051563
176.6014404296875,176.6606373398207,173.45400756283908,174.45052401213385,42390800,0.008451165659994597,1.47998046875,3.2066297769816288,2.1509164175536455,173.14814453125,171.233056640625,172.3726432800293,176.6187030029297,0.011966658591965608,173.34546081128417,5.1700439453125,2.8711700439453125,-0.36505126953125,-0.2597652737105508,50160060.0,0.014750485259285018,0.007197990650368746,0.007308547025184575,0.014835664670132864,0.03015809269093661,0.01652659630109543,-0.00206282706983707,1.019944169241815,1.0245328787050523,0.9999022607858132,49.83467683699149,-0.0033576117511767757
176.0094757080078,177.32172934204314,175.57534487507363,175.7233522345748,43698000,-0.0033519812762533574,-0.5919647216796875,1.7463844669695163,0.28612347343300826,174.33016357421874,171.8674758911133,172.47574920654296,176.26755096435548,0.011315000363274338,173.59917651573406,5.91009521484375,6.3441925048828125,2.0621185302734375,0.030836879700312236,48980740.0,0.008451165659994597,0.014750485259285018,0.007197990650368746,-0.007769965236982368,0.0347449543773104,0.03739240217627482,0.011854842543922217,1.009632940733599,1.0204882513496616,0.9985358890224789,56.83309732436523,0.007872901203548551
177.40065002441406,177.44998580714199,175.23001108089,175.82199530812358,47551100,0.007903973981004064,1.39117431640625,2.2199747262519907,1.5786547162904867,175.54178161621093,172.79197387695314,172.75152130126952,175.96077575683594,0.011024520382289793,173.9612216117988,6.0580902099609375,9.244979858398438,5.51544189453125,0.08817566021328216,47886900.0,-0.0033519812762533574,0.008451165659994597,0.014750485259285018,0.007308547025184575,0.0353565991807363,0.05497869830539237,0.03208793795894049,1.0105893217619677,1.0269122302838463,1.0081829274813376,63.92981894703465,0.005048421136134649
178.2985076904297,179.90674578858014,176.6507798893927,177.6670488234186,56743100,0.005061185885689046,0.897857666015625,3.25596589918743,0.6314588670110766,176.68630676269532,173.78060302734374,172.99670486450196,175.73166870117188,0.010928576635081753,174.37429647643032,5.722625732421875,9.88629150390625,4.9036712646484375,0.19330783094397397,49529940.0,0.007903973981004064,-0.0033519812762533574,0.008451165659994597,0.007197990650368746,0.033160054971147934,0.058702935735711614,0.028280376542512364,1.0091246512379688,1.0306468428406212,1.0146065817745273,64.01518396720684,-0.010346044693697942
176.4633331298828,179.5022186651883,175.76280113660414,178.99902980590412,51427100,-0.010292708471420275,-1.835174560546875,3.7394175285841698,-2.5356966760213027,176.95468139648438,174.53440856933594,173.18614501953124,175.4936444091797,0.011177682917374763,174.5732523481877,1.3418731689453125,7.538055419921875,3.7888031005859375,-0.09368539963449296,48362020.0,0.005061185885689046,0.007903973981004064,-0.0033519812762533574,0.014750485259285018,0.007662528448795669,0.04462360827291034,0.0219418758513088,0.9972233101564538,1.0189229231355776,1.0055254919570888,56.38548942323323,-0.0007272178702085284
176.33505249023438,176.69024903281087,174.15453745424634,174.39134016768617,52517000,-0.0007269535113791914,-0.1282806396484375,2.5357115785645306,1.9437123225482082,176.90140380859376,175.02477416992187,173.22314376831054,175.43396057128905,0.010546093472594371,174.74104283790643,-0.266387939453125,4.903656005859375,0.7399749755859375,0.021193106358320835,50387260.0,-0.010292708471420275,0.005061185885689046,0.007903973981004064,0.008451165659994597,-0.0015084131749151242,0.028604188651676354,0.004214098629981233,0.996798491667301,1.0179647398969163,1.0051363596649758,69.09591161997427,-0.00882354997468794
174.78599548339844,176.03905203817294,172.467364361049,174.29266779074965,57549400,-0.008784736698460582,-1.5490570068359375,3.571687677123947,0.4933276926487906,176.65670776367188,175.49343566894532,173.12842407226563,175.40517364501954,0.010634690552569073,174.74532404223902,-1.223480224609375,4.686614990234375,-1.8943939208984375,0.0958242093036541,53157540.0,-0.0007269535113791914,-0.010292708471420275,0.005061185885689046,-0.0033519812762533574,-0.0069512179369198845,0.027552216690305498,-0.010722151605425223,0.9894104656202694,1.0095742303438338,0.9964700119799534,68.94020296452697,-0.0074222972892414845
173.4934844970703,175.21027033840411,172.77323025982977,173.23695950912395,54764400,-0.007394820064121732,-1.292510986328125,2.4370400785743414,0.2565249879463636,175.87527465820312,175.70852813720703,173.14568862915038,175.33181457519532,0.00975521828792425,174.62610122841343,-3.90716552734375,2.1509246826171875,0.3452911376953125,-0.0483932065321272,54600200.0,-0.008784736698460582,-0.0007269535113791914,-0.010292708471420275,0.007903973981004064,-0.022024527682429795,0.012553359100893724,0.0019941942852308436,0.9864575042412209,1.0020086891604032,0.9895151368701737,63.70406340792928,-0.002163363087786902
173.11856079101562,175.46679037407037,172.85215962113486,173.69080766680926,59302900,-0.0021610247044234754,-0.3749237060546875,2.6146307529355113,-0.5722468757936383,174.83928527832032,175.7627960205078,173.22116928100587,175.28268493652342,0.009540906435001361,174.48252594866128,-5.1799468994140625,0.5426788330078125,1.509613037109375,0.08287318038725888,55112160.0,-0.007394820064121732,-0.008784736698460582,-0.0007269535113791914,0.005061185885689046,-0.029052104622253716,0.0031445809625927357,0.00879682007767002,0.9901582502778735,0.9994076446290245,0.9876535201050148,61.39408609239123,-0.014813246672176702
170.57301330566406,173.07911173437196,170.33621055796252,172.9705790235715,64244000,-0.01470407028408982,-2.5455474853515625,2.742901176409447,-2.3975657179074403,173.66122131347657,175.30795135498047,173.12694549560547,175.18697998046875,0.01005491116616074,174.110191411233,-5.89031982421875,-4.5484466552734375,-1.8844757080078125,0.08331970274640876,57675540.0,-0.0021610247044234754,-0.007394820064121732,-0.008784736698460582,-0.010292708471420275,-0.03337985132516608,-0.025973096936766082,-0.010927189760129297,0.9822170546512627,0.9852482108857732,0.9736626165065515,47.67256837076062,0.0006936699831913889
170.69137573242188,171.68789221712717,167.66233657820504,168.62926966195786,55980100,0.0006939106278536222,0.1183624267578125,4.025555638922128,2.0621060704640115,172.53248596191406,174.7169448852539,172.97500076293946,175.09245819091797,0.009888859234400292,173.78458991801287,-5.6436767578125,-5.910064697265625,-3.0388946533203125,-0.12863302409563537,58368160.0,-0.01470407028408982,-0.0021610247044234754,-0.007394820064121732,-0.0007269535113791914,-0.03200541626926423,-0.03346555205261004,-0.017492027420281442,0.9893289068477307,0.9867979475621032,0.9748642374207962,51.71822782096808,0.0025402097251506885
171.12551879882812,171.35244533043914,169.16206908920728,170.74072378645857,43816600,0.0025434387914642365,0.43414306640625,2.19037624123186,0.38479501236955116,171.800390625,174.22854919433593,173.04801254272462,174.97366455078125,0.008356163308856234,173.53134504951908,-3.6604766845703125,-4.8839569091796875,1.460235595703125,-0.21728257005614493,55621600.0,0.0006939106278536222,-0.01470407028408982,-0.0021610247044234754,-0.008784736698460582,-0.02094261999908331,-0.02774826122021956,0.008606566812816574,0.9960717678014774,0.9888904026365408,0.9780072860574037,49.33901011374007,-0.013583465539899699
168.81675720214844,170.7505934954682,168.37275019582236,169.58634726553433,57157000,-0.013491626572620152,-2.3087615966796875,2.377843299645832,-0.7695900633858912,170.86504516601562,173.3701599121094,173.08106689453126,174.84835998535155,0.008683704578825826,173.08233668310282,-4.676727294921875,-8.583892822265625,0.6610870361328125,0.30445995353359234,56100120.0,0.0025434387914642365,0.0006939106278536222,-0.01470407028408982,-0.007394820064121732,-0.02695621284268368,-0.048387042669146396,0.003931399015448811,0.9880122469643979,0.97536235609767,0.9655038069347152,39.255540184326804,-0.024913293462376824
164.66293334960938,169.09302189873856,163.45921245305613,168.09649022321696,70625300,-0.024605518559778328,-4.1538238525390625,5.633809445682431,-3.4335568736075857,169.17391967773438,172.00660247802733,172.89360275268555,174.65734344482422,0.01029516040184188,172.28048874657964,-8.45562744140625,-13.635574340820312,-3.7492828369140625,0.23563692985985973,58364600.0,-0.013491626572620152,0.0025434387914642365,0.0006939106278536222,-0.0021610247044234754,-0.048842986002024746,-0.07647609908488429,-0.022262534879070595,0.9733352142178999,0.9523945983423708,0.942777040471979,22.62389762269939,0.00793757442422122
165.97515869140625,166.70528904611524,164.60370840247674,164.68264263448572,58499100,0.007969160485018056,1.312225341796875,2.101580643638499,1.2925160569205332,168.2543487548828,170.9577850341797,172.7460968017578,174.5432861328125,0.010456451864129732,171.6799811222774,-4.5978546142578125,-10.488174438476562,-2.9501190185546875,-0.17169767774437772,57215620.0,-0.024605518559778328,-0.013491626572620152,0.0025434387914642365,-0.01470407028408982,-0.026955346130976388,-0.05943543200987211,-0.017464047172501607,0.986453901011516,0.9608041036196503,0.9509111600265928,21.938338843015174,0.012230202455180745
168.0175323486328,168.8857938712959,166.61648356307745,166.76449089816728,51131000,0.012305297210312593,2.0423736572265625,2.2693103082184507,1.2530414504655312,167.719580078125,170.12603302001952,172.5754035949707,174.46040618896484,0.01027060521552386,171.3311764771684,-2.6738433837890625,-8.317520141601562,-3.4138641357421875,-0.1259523650791209,56245800.0,0.007969160485018056,-0.024605518559778328,-0.013491626572620152,0.0006939106278536222,-0.015664783134565763,-0.047168841498840375,-0.01991387928787791,1.0017764906778863,0.9735891027841077,0.96306970744208,30.396736282655894,0.002814982963386003
168.4911651611328,168.61942013954004,165.65945361827133,167.09011614768582,44846000,0.002818948748260608,0.4736328125,2.9599665212687114,1.4010490134469933,167.19270935058594,169.49654998779297,172.49499282836913,174.36035980224608,0.010173267673832535,171.06069920897454,-2.6343536376953125,-6.294830322265625,-1.60821533203125,-0.12291955956269196,56451680.0,0.012305297210312593,0.007969160485018056,-0.024605518559778328,0.0025434387914642365,-0.015394276997297007,-0.036014500503065316,-0.009454563134613458,1.0077662226755602,0.976788731072211,0.9663387099695715,27.116058719140156,0.018565100897100097
171.6484375,171.90496247869652,167.849808268541,168.71806981976965,56934900,0.01873850380135833,3.1572723388671875,4.055154210155507,2.930367680230347,167.75904541015626,169.31204528808593,172.5102867126465,174.2960299682617,0.010923954199406524,171.1166742843103,2.8316802978515625,-1.8450469970703125,0.305877685546875,0.26956473264059233,56407260.0,0.002818948748260608,0.012305297210312593,0.007969160485018056,-0.013491626572620152,0.016773692048004385,-0.010634676007682975,0.0017851821863645867,1.0231843956928492,0.9950040706031514,0.9848097947569786,34.69565773144615,0.020482008476471355
175.2003936767578,175.40758286457637,173.11855033416663,173.17774724497193,77334800,0.020693204252196118,3.5519561767578125,2.2890325304097416,2.022646431785887,169.86653747558594,169.52022857666014,172.641512298584,174.2259780883789,0.011766752636601412,171.5055999407339,10.537460327148438,2.0818328857421875,2.62451171875,0.3583022012860302,57749160.0,0.01873850380135833,0.002818948748260608,0.012305297210312593,-0.024605518559778328,0.06399412492412915,0.012025474774223222,0.015207870815857172,1.0314002762429797,1.0148219356057784,1.005592826047357,47.30634646226906,-0.005194652216254301
174.2926483154297,174.46039296073306,171.03669795189808,171.91482054448556,79829200,-0.005181183342560902,-0.907745361328125,3.423695008834983,2.3778277709441227,171.53003540039063,169.8921920776367,172.6000717163086,174.2313052368164,0.011361978739864581,171.77103311927635,8.317489624023438,3.719635009765625,-0.8288116455078125,0.032254560689366274,62015180.0,0.020693204252196118,0.01873850380135833,0.002818948748260608,0.007969160485018056,0.05011285839158597,0.02180670281705166,-0.004732781725852897,1.016105709467094,1.0098063493386205,1.0003520783967605,45.784047850778144,0.01449965203070519
176.83824157714844,177.0355696443862,173.85855313497558,174.02628274488598,63841300,0.014605281899852773,2.54559326171875,3.177016509410606,2.8119588322624622,173.29417724609374,170.5068786621094,172.61191177368164,174.2435397338867,0.011686606690841029,172.25362440097845,8.820709228515625,6.1468658447265625,0.2368011474609375,-0.2002763399858698,64557240.0,-0.005181183342560902,0.020693204252196118,0.01873850380135833,0.012305297210312593,0.05249874287055256,0.036011578314082415,0.0013408789129056853,1.0204511449107825,1.0244845779184006,1.0148912369848804,54.06886971000953,0.014347362121433418
179.39369201660156,180.00541354681909,176.58171810512866,176.7889073081916,70530000,0.014450779518401013,2.555450439453125,3.423695441690427,2.604784708409966,175.4746826171875,171.3336959838867,172.78112258911133,174.2757046508789,0.012078698535485153,172.93363084056162,10.90252685546875,8.268173217773438,3.38421630859375,0.10477073618488353,69694040.0,0.014605281899852773,-0.005181183342560902,0.020693204252196118,0.002818948748260608,0.06470681620037677,0.048316424550878034,0.019227466560993722,1.0223337597251205,1.0382713651144373,1.0293671879047934,61.14011311935614,0.005867459775989928
180.44937133789062,181.00189584845015,179.16671654971245,179.91658414704074,49340300,0.005884707034132353,1.0556793212890625,1.8351792987376996,0.5327871908498878,177.23486938476563,172.49695739746093,172.93355865478514,174.2514324951172,0.012026472774224235,173.64941564983104,8.800933837890625,11.632614135742188,3.0487213134765625,-0.3004352757691763,68175120.0,0.014450779518401013,0.014605281899852773,-0.005181183342560902,0.01873850380135833,0.05127302040189341,0.06890675030449023,0.017185513768168237,1.0181369612214768,1.0434606952032297,1.0355689405477175,63.494325682564046,-0.0026279370419844206
179.9757843017578,181.6629563158929,179.38378514108624,180.51844768984608,53763500,-0.0026244870382287067,-0.4735870361328125,2.279171174806663,-0.5426633880882719,178.18994750976563,174.0282424926758,173.01742248535157,174.14803100585937,0.0120100004955522,174.25192695001454,4.775390625,15.312850952148438,1.677276611328125,0.08964679987758495,63460860.0,0.005884707034132353,0.014450779518401013,0.014605281899852773,0.020693204252196118,0.027256734558545048,0.0929951303590375,0.009407126470403648,1.0100220961785418,1.0402176943596264,1.0334643651279776,68.73763180076116,0.022954648904755428
184.15484619140625,184.32281184408907,181.3194195461175,181.75412225306079,66133400,0.0232201343411933,4.1790618896484375,3.0033922979715726,2.4007239383454646,180.16238708496093,175.8462112426758,173.40199813842773,174.12386932373047,0.012735490509848558,175.19506211586136,9.862197875976562,18.1796875,7.6915130615234375,0.23007988691212433,60721700.0,-0.0026244870382287067,0.005884707034132353,0.014450779518401013,-0.005181183342560902,0.05658413003242835,0.10953258091954021,0.04358703264355901,1.0221603364111875,1.0620110965756835,1.057608281429964,73.0923965955843,-0.008620692109263568
182.57412719726562,183.78930789371245,181.99123723697815,183.58184574005094,43627500,-0.008583640489686961,-1.580718994140625,1.7980706567342963,-1.0077185427853124,181.30956420898437,177.30187072753907,173.7139518737793,174.0367169189453,0.012950291014551293,175.89783021885222,5.7358856201171875,14.556594848632812,6.23907470703125,-0.3403106448481402,56678940.0,0.0232201343411933,-0.0026244870382287067,0.005884707034132353,0.014605281899852773,0.03243577615882831,0.08663735650174997,0.03538193126620004,1.0069746071797054,1.051004396756365,1.049055224836817,68.89341368511917,0.01418462557495842
185.1823272705078,185.84425545326624,184.0560589323069,185.4391901985185,60108400,0.014285704734187776,2.6082000732421875,1.7881965209593318,-0.25686292801069044,182.46729125976563,178.97098693847656,174.23376846313477,173.99699310302734,0.01298345031484162,176.78206803329562,5.78863525390625,16.691162109375,10.396331787109375,0.37776402498424155,54594620.0,-0.008583640489686961,0.0232201343411933,-0.0026244870382287067,0.014450779518401013,0.03226777479651033,0.09906253596984027,0.05948034771525412,1.0148795764544833,1.0628383286658327,1.0642846406021362,76.74346931468074,0.0030363109646390648
185.74545288085938,187.21751156501972,185.5182274044454,185.5873915048758,53790500,0.0030409252257046493,0.5631256103515625,1.699284160574308,0.1580613759835785,183.52650756835936,180.3806884765625,174.84636688232422,174.10251983642578,0.012752491033005743,177.63572373306357,5.29608154296875,14.097015380859375,12.251968383789062,-0.10510843742305565,55484660.0,0.014285704734187776,-0.008583640489686961,0.0232201343411933,0.005884707034132353,0.029349404232901666,0.08212725723681213,0.0706191844570161,1.012090598474847,1.0623352157261037,1.0668740065070423,89.0321293899224,0.009001496740701232
187.42498779296875,188.6599317940755,186.37774261703024,187.2866746678448,54412900,0.009042132047165863,1.679534912109375,2.282189177045268,0.13831312512394334,185.01634826660157,181.6031478881836,175.5616882324219,174.34720886230468,0.012737017719092905,178.56803459591168,7.4492034912109375,12.224594116210938,14.306427001953125,0.01157081640810187,55614540.0,0.0030409252257046493,0.014285704734187776,-0.008583640489686961,-0.0026244870382287067,0.041390032109659636,0.06977492378678751,0.08263947514688197,1.0130185226815547,1.06757339645106,1.0750099701394853,89.17929874279395,-0.00010543510656042925
187.4052276611328,188.08691917335904,186.29872264128753,187.95848017105547,50922700,-0.00010542954847492236,-0.0197601318359375,1.7881965320715096,-0.5532525099226575,185.6664245605469,182.9144058227539,176.4032989501953,174.57926818847656,0.012002519227582102,179.40967203069465,3.2503814697265625,13.112579345703125,16.83221435546875,-0.06414287788373718,52572400.0,0.009042132047165863,0.0030409252257046493,0.014285704734187776,0.0232201343411933,0.017650263009360012,0.07523311781901643,0.09868040687834778,1.0093651994683557,1.062368044001511,1.0734678269977012,88.2380415836054,0.009235511069032375
189.14402770996094,189.598493753426,187.59294582194016,187.60281994734135,46505100,0.00927828999504876,1.738800048828125,2.005547931485836,1.5412077626195924,186.98040466308595,184.14498443603514,177.32593154907227,174.8228189086914,0.012002010234893102,180.33675352395812,6.5699005126953125,12.3057861328125,18.452651977539062,-0.0867510952875633,53147920.0,-0.00010542954847492236,0.009042132047165863,0.0030409252257046493,-0.008583640489686961,0.03598483867101687,0.06958781100208977,0.10810535622177952,1.0115713892628138,1.0666461811741177,1.0819184182629464,88.79712532777478,-0.004239863506796426
188.34378051757812,189.21318592585277,187.45462685911554,189.10451024981845,38134500,-0.004230887975008812,-0.8002471923828125,1.7585590667372344,-0.7607297322403213,187.6126953125,185.0399932861328,178.18684463500978,175.11074737548827,0.012175686108152605,181.0993275233505,3.1614532470703125,8.950088500976562,17.21826171875,-0.17999316204029236,48753140.0,0.00927828999504876,-0.00010542954847492236,0.009042132047165863,0.014285704734187776,0.017072111003617385,0.04989076483329358,0.10061773275902497,1.0038967789672248,1.0570016035884882,1.0755695086705008,84.40996359446193,0.0035082965300033122
189.00570678710938,190.60618938615343,188.53149251239262,189.18354656200316,39617700,0.003514457805361193,0.66192626953125,2.0746968737608142,-0.17783977489378344,188.26474609375,185.8956268310547,179.1962921142578,175.4531573486328,0.011394226517997642,181.85231602466087,3.26025390625,8.55633544921875,20.188949584960938,0.03889391495889538,45918580.0,-0.004230887975008812,0.00927828999504876,-0.00010542954847492236,0.0030409252257046493,0.017552267663538457,0.04741682049530138,0.11959090980989417,1.003935737883663,1.0547411699043245,1.077243120860727,82.30154655554183,-0.0070287819472549294
187.681884765625,188.6006760331266,186.9705556859451,188.5710385777235,24048300,-0.007004137832597235,-1.323822021484375,1.630120347181503,-0.889153812098499,188.31612548828124,186.6662368774414,180.34723968505858,175.73889831542968,0.009440425094383146,182.40751304760983,0.25689697265625,7.7061004638671875,23.018951416015625,-0.39299101159330296,39845660.0,0.003514457805361193,-0.004230887975008812,0.00927828999504876,0.009042132047165863,0.0013706655429532866,0.04281742954344736,0.13979437234451675,0.9966320424179728,1.0406695721729644,1.0679586964791319,80.72968723187427,-0.0009480163641925274
187.50404357910156,188.37344913120532,186.62476390027032,187.63248260157215,40552600,-0.0009475671386480755,-0.1778411865234375,1.7486852309349956,-0.12843902247058736,188.335888671875,187.00115661621095,181.42368392944337,176.03548858642577,0.009582142561076732,182.8928969077519,0.09881591796875,3.3491973876953125,21.528884887695312,0.6862979919578516,37771640.0,-0.007004137832597235,0.003514457805361193,-0.004230887975008812,-0.00010542954847492236,0.000527284746546286,0.01818685447036361,0.12971148849885106,0.995583183329319,1.0335146961960209,1.0651491076303357,77.46404497384017,0.0032088069045837658
188.10667419433594,188.77849160556613,187.11871894105684,187.49414676130317,38415400,0.0032139606364283146,0.602630615234375,1.6597726645092905,0.612527433032767,188.12841796875,187.55441131591797,182.42814102172852,176.28572052001954,0.009490478482223303,183.3894471255218,-1.037353515625,5.5325469970703125,20.089141845703125,-0.0527019229346577,36153700.0,-0.0009475671386480755,-0.007004137832597235,0.003514457805361193,0.00927828999504876,-0.005484463496863379,0.030303017640021634,0.11956574748412918,0.9998844205747923,1.031127506648939,1.0670556505623152,74.94421544284289,-0.005424264880548701
187.08909606933594,189.77633577367203,186.6939199672285,188.60066651864972,43014200,-0.005409580119144164,-1.017578125,3.082415806443521,-1.5115704493137798,187.87748107910156,187.74508819580078,183.35803756713867,176.49389465332033,0.009795653167488205,183.7417946439803,-1.2546844482421875,1.906768798828125,18.597930908203125,0.11971240700344143,37129640.0,0.0032139606364283146,-0.0009475671386480755,-0.007004137832597235,-0.004230887975008812,-0.006661671783343426,0.010296710420119037,0.1103792646363233,0.9958037280187204,1.0203484862278323,1.0600315463423102,69.0502896019123,0.0030578583199870253
187.6620635986328,188.02761722761016,185.9232680925445,187.5533879373149,48794400,0.003062538337800902,0.572967529296875,2.104349135065661,0.1086756613179034,187.60875244140624,187.93674926757814,184.15871887207032,176.78417205810547,0.009276686605767298,184.11515359204247,-1.3436431884765625,1.9166107177734375,16.013626098632812,0.13437887953280536,38964980.0,-0.005409580119144164,0.0032139606364283146,-0.0009475671386480755,0.003514457805361193,-0.0071090085654926805,0.010318479876881836,0.09329316556483547,1.0002841613545894,1.019023507266013,1.061532044491811,71.92795042303747,0.006768454065480045
188.93655395507812,189.2526917735191,186.95075439627809,188.0375111237308,45704800,0.0067914118176337634,1.2744903564453125,2.3019373772410177,0.899042831347316,187.85968627929688,188.08790588378906,184.84552688598632,177.13072418212892,0.008487558553581177,184.57433457899825,1.254669189453125,1.511566162109375,13.736160278320312,-0.06331874149492567,43296280.0,0.003062538337800902,-0.005409580119144164,0.0032139606364283146,-0.007004137832597235,0.006685084130628516,0.008064912688051207,0.0784025651429947,1.0057322978501104,1.0221321399441554,1.0666503782867744,66.35147206765708,-0.009509506077418003
187.14837646484375,187.76091903857423,185.19222907454912,187.69175492742627,43389500,-0.009464433709633235,-1.788177490234375,2.5686899640251113,-0.543378462582524,187.7885528564453,188.06222076416014,185.48831329345703,177.42454193115233,0.008775655763736234,184.81948142526926,-0.3556671142578125,-0.2568511962890625,12.855728149414062,-0.0506576989725368,43863660.0,0.0067914118176337634,0.003062538337800902,-0.005409580119144164,-0.0009475671386480755,-0.001896850369030978,-0.001370565802750745,0.0737594400777486,0.9965909722298625,1.00894969144908,1.0548054650605476,65.42321781363188,0.020844339848931134
191.09030151367188,192.05849343193452,187.8893210956394,187.91897362196437,66628400,0.02106310043020132,3.941925048828125,4.169172336295134,3.171327891707506,188.3852783203125,188.25684814453126,186.2009162902832,177.77174255371094,0.009304713024375869,185.4167023860695,2.9836273193359375,1.9462738037109375,14.252059936523438,0.5355881031125043,49506260.0,-0.009464433709633235,0.0067914118176337634,0.003062538337800902,0.0032139606364283146,0.01586135809436251,0.010289903558019953,0.08059376642413496,1.014358994595958,1.0262586528616553,1.0749194375249878,68.2764265558458,-0.005703315034779163
190.00355529785156,192.4141533735728,189.79607806848605,192.10788966712872,41089700,-0.005687082008934752,-1.0867462158203125,2.618075305086734,-2.1043343692771543,188.96817016601562,188.4228256225586,186.7314094543457,178.17850799560546,0.009194549501375394,185.85354552052493,2.914459228515625,1.6597747802734375,10.60986328125,-0.3833005144953203,49121360.0,0.02106310043020132,-0.009464433709633235,0.0067914118176337634,-0.005409580119144164,0.015577921374078985,0.008812474591474606,0.05914290052221083,1.0054791509645582,1.0175232750240975,1.0663662943150123,62.75916430969226,0.010088217984868331
191.9300537109375,192.6512567588297,191.25823636118906,191.29776300970337,47477700,0.010139275604953424,1.9264984130859375,1.3930203976406403,0.6322907012341261,189.82176818847657,188.71526031494142,187.30544357299806,178.6539956665039,0.009315250463435657,186.43226058627852,4.2679901123046875,2.924346923828125,11.480682373046875,0.15546475150706862,48858020.0,-0.005687082008934752,0.02106310043020132,-0.009464433709633235,0.003062538337800902,0.022742956303800188,0.015472267867139289,0.06362273411055197,1.0111066583278667,1.0246902068072417,1.0743115651844486,63.30229926073307,0.007385015938542392
193.3527069091797,193.62933314213194,191.33726998338577,191.86088500111674,53406400,0.007412352420766988,1.4226531982421875,2.292063158746174,1.4918219080629456,190.7049987792969,189.28234252929687,187.97428970336915,179.15280548095703,0.009259125743272431,187.0913507122691,4.4161529541015625,5.6708221435546875,13.376922607421875,0.12487336159923501,50398340.0,0.010139275604953424,-0.005687082008934752,0.02106310043020132,0.0067914118176337634,0.023373735053681344,0.030215074569590605,0.07432623593957155,1.0138837898682824,1.0286125151173486,1.0792613958240918,66.21777033639347,-0.013011656958709568
190.85316467285156,191.1594434259829,189.11436907200368,190.7840156527889,60943700,-0.012927371311652669,-2.499542236328125,2.045074353979203,0.06914902006266743,191.44595642089843,189.61725463867188,188.3092056274414,179.59136322021484,0.00874808793405593,187.44961870851503,3.7047882080078125,3.34912109375,6.6983184814453125,0.14113102549507173,53909180.0,0.007412352420766988,0.010139275604953424,-0.005687082008934752,-0.009464433709633235,0.0197959943761723,0.017861593967903433,0.036373294648370136,0.9969036078947335,1.0135094778661178,1.0627079234251788,54.474872637318384,0.007889007359632383
192.36476135253906,192.3746354774224,189.41076991243543,190.75438957156285,52696900,0.007920207570456528,1.5115966796875,2.9638655649869747,1.6103717809762088,191.7008483886719,190.04306335449218,188.7987373352051,180.01003051757812,0.00848922255107056,187.91772753175542,1.2744598388671875,4.258087158203125,9.790634155273438,-0.13531833479096278,51122880.0,-0.012927371311652669,0.007412352420766988,0.010139275604953424,0.02106310043020132,0.0066694114184335795,0.022636555435582517,0.05362552901427797,1.0034632760858788,1.018887965394613,1.0686335689152304,60.1496884443633,0.016553674364226115
195.5756072998047,195.6151188726379,192.50306619330016,192.74016578029781,70404200,0.016691445588525644,3.210845947265625,3.1120526793377508,2.8354415195068725,192.8152587890625,190.89171447753907,189.31840133666992,180.51955505371095,0.008677730724166464,188.6470494144268,5.572052001953125,8.48651123046875,10.393280029296875,0.33602166351341345,56985780.0,0.007920207570456528,-0.012927371311652669,0.007412352420766988,-0.005687082008934752,0.029326040732334357,0.04536080086315453,0.05612457831418616,1.014316027310691,1.0330512296689396,1.083403995991537,64.69295506647858,0.0007575202847609014
195.72381591796875,197.21562292408947,193.79730618821,195.63490356313392,66831600,0.000757807275714395,0.1482086181640625,3.418316735879472,0.08891235483483229,193.57401123046876,191.69788970947266,189.81731948852538,181.00718017578126,0.008688984642390707,189.32102717666888,3.79376220703125,8.061752319335938,9.978363037109375,-0.05074413174214043,60856560.0,0.016691445588525644,0.007920207570456528,-0.012927371311652669,0.010139275604953424,0.019766379124475097,0.042958881324987486,0.05372063155435458,1.0111058538996769,1.0311167413245472,1.0813041544976048,68.98320371368224,-0.0027294657330513283
195.19032287597656,196.01031245444227,194.62718115642724,195.1507962246044,128538400,-0.002725744128225016,-0.5334930419921875,1.38313129801503,0.03952665137217082,193.94153442382813,192.3232666015625,190.2055862426758,181.45946899414062,0.008631996105883496,189.88000771946008,1.837615966796875,6.2537689208984375,7.7653350830078125,0.92331771198056,75882960.0,0.000757807275714395,0.016691445588525644,0.007920207570456528,0.007412352420766988,0.009503957799049667,0.03309983584428733,0.04143169581841177,1.0064389943900278,1.0262070990225332,1.0756689852447399,67.84406633642041,-0.008539804858890528
193.53053283691406,194.2616250715381,192.04860011875655,193.72812085100188,55751900,-0.008503444303010532,-1.6597900390625,2.213024952781552,-0.19758801408781324,194.4770080566406,192.96148223876952,190.51185150146483,181.82765045166016,0.008941936925741521,190.22767677826522,2.6773681640625,6.3821563720703125,6.12530517578125,-0.5662626888151712,74844600.0,-0.002725744128225016,0.000757807275714395,0.016691445588525644,-0.012927371311652669,0.014028419013391025,0.034102119893459015,0.032684814891380976,0.9951332281939935,1.01584511048346,1.0643625012817572,62.00260137740637,0.005345996639050564
194.5679168701172,194.5777909959987,193.53056080250687,193.79731295132126,40714100,0.005360311977631538,1.037384033203125,1.0472301934918278,0.7706039187959277,194.91763916015626,193.30924377441406,190.78304595947264,182.18697998046875,0.008807869856653503,190.6410329774892,2.203155517578125,3.4776153564453125,5.42388916015625,-0.26972713037582574,72448040.0,-0.008503444303010532,-0.002725744128225016,0.000757807275714395,0.007920207570456528,0.011453009907258949,0.01819880616074343,0.0286759736790283,0.9982057945522739,1.0198386124490777,1.0679573089744159,66.53558714539031,-0.010771698067268715
192.48333740234375,195.2990010280865,192.48333740234375,194.5283970820936,52242800,-0.010713891073650061,-2.0845794677734375,2.815663625742758,-2.0450596797498406,194.29918518066407,193.55722198486328,190.99002380371093,182.51645721435546,0.009140990406417426,190.81649054176108,-3.0922698974609375,2.4797821044921875,4.139556884765625,0.28316234424928965,68815760.0,0.005360311977631538,-0.008503444303010532,-0.002725744128225016,0.016691445588525644,-0.015811122563565316,0.013051240544445841,0.02197872886160579,0.9906543726540494,1.007818804191404,1.0546081177561033,59.99189180813312,-0.0007703574707817581
192.33511352539062,194.70621508029078,191.16933361068988,193.73802319308166,46482500,-0.0007700608216455462,-0.148223876953125,3.5368814696008997,-1.4029096676910342,193.62144470214844,193.59772796630858,191.156494140625,182.815146484375,0.009132299493266957,190.96112130210676,-3.388702392578125,0.405059814453125,3.32940673828125,-0.11026016982244446,64745940.0,-0.010713891073650061,0.005360311977631538,-0.008503444303010532,0.000757807275714395,-0.017313694691086456,0.002110455380079035,0.01761537677818059,0.9933564632846501,1.006165730283265,1.052074279533667,57.38828081358396,-0.0055629813394735324
191.26812744140625,193.05632389177538,190.64571085868127,192.82908334808235,37149600,-0.005547536611631321,-1.066986083984375,2.4106130330941085,-1.5609559066760994,192.83700561523438,193.38927001953124,191.33580627441407,183.07453887939454,0.009071443033128289,190.99035998204005,-3.9221954345703125,-2.0845794677734375,3.58624267578125,-0.20078309041036946,46468180.0,-0.0007700608216455462,-0.010713891073650061,0.005360311977631538,-0.002725744128225016,-0.020094210495581133,-0.010781227225086565,0.019108091759946433,0.9918642266362583,0.999646282447987,1.0447554783541444,59.24603538802308,-0.0028448203070698193
190.7247772216797,191.55465607108982,190.50742584564344,191.2780297879531,28919300,-0.0028407776402422646,-0.5433502197265625,1.047230225446384,-0.5532525662734145,192.2758544921875,193.37643127441407,191.49684295654296,183.35976776123047,0.009102504034582468,190.96506638581528,-2.805755615234375,-0.128387451171875,3.220733642578125,-0.22154478110127696,41101660.0,-0.005547536611631321,-0.0007700608216455462,-0.010713891073650061,-0.008503444303010532,-0.014497741385328333,-0.000672702762838373,0.017176875661454316,0.9919330626583129,0.9959682586775674,1.0401669872861088,49.031974932777715,0.0005177333377903257
190.82354736328125,191.16933772508392,188.78836199381533,190.17150836602553,48087700,0.0005178673848273974,0.0987701416015625,2.3809757312685917,0.6520389972557155,191.5269805908203,193.2223098754883,191.63268661499023,183.6495376586914,0.009086242699500322,190.9515883836692,-3.7443695068359375,-1.5412139892578125,2.7168731689453125,0.6628237889575475,42576380.0,-0.0028407776402422646,-0.005547536611631321,-0.0007700608216455462,0.005360311977631538,-0.019244537162493636,-0.0080119351300173,0.014443257691848066,0.9963272368970204,0.9957776553363539,1.0390635870694245,52.2915147561116,0.002223930044169215
191.24839782714844,192.3153914106068,190.8433325169925,191.80165040931152,34049900,0.002226404810819149,0.4248504638671875,1.472058893614303,-0.5532525821630827,191.27999267578124,192.78958892822266,191.84065170288085,183.9787857055664,0.008973246011878055,190.97985594971485,-1.2349395751953125,-4.32720947265625,4.1593017578125,-0.2919208030327922,38937800.0,0.0005178673848273974,-0.0028407776402422646,-0.005547536611631321,-0.010713891073650061,-0.006415825867638336,-0.02212550702206395,0.02223166312306657,0.9998348240807058,0.9969127821946222,1.0395133172213458,47.92054763148266,-0.005438960259599679
190.21102905273438,192.0585006042798,189.4206618129017,191.56452296375952,42672100,-0.005424195894972339,-1.0373687744140625,2.637838791378101,-1.35349391102514,190.85517578125,192.23831024169922,191.96809997558594,184.3131365966797,0.009077511516371171,190.9066343404786,-2.12408447265625,-5.512786865234375,2.5489654541015625,0.25322247642430673,38175720.0,0.002226404810819149,0.0005178673848273974,-0.0028407776402422646,-0.0007700608216455462,-0.011043664538019193,-0.028166152593023575,0.013582742325338737,0.9966249449307367,0.9908470682208397,1.0319993059906558,40.18531742210672,-0.03644272726407977
183.4040069580078,186.17028459685415,181.6750853181039,184.89581391743906,82488700,-0.03578668455044931,-6.8070220947265625,4.495199278750249,-1.4918069594312442,189.2823516845703,191.05967864990234,191.69147262573242,184.51884552001954,0.012075039244492826,190.1920983992909,-7.8641204833984375,-11.78631591796875,-5.5325469970703125,0.933082740244797,47243540.0,-0.005424195894972339,0.002226404810819149,0.0005178673848273974,-0.005547536611631321,-0.041115687117329935,-0.060383710341304964,-0.029282565396983706,0.968944042198089,0.9567666440546083,0.9939581317080657,31.66358423014458,-0.007515798371680031
182.03074645996094,183.64111826756874,181.22061595613366,182.0011090098209,58414500,-0.0074876253841132945,-1.373260498046875,2.4205023114350865,0.029637450140029387,187.54354553222657,189.90970001220703,191.4355911254883,184.74800018310546,0.012013618092848266,189.4148267860214,-8.69403076171875,-11.499786376953125,-5.1176300048828125,-0.29184845924350855,53142580.0,-0.03578668455044931,-0.005424195894972339,0.002226404810819149,-0.0028407776402422646,-0.04558417049093555,-0.05942104436122164,-0.027345308046763495,0.9706052316723512,0.9508720159598621,0.9852921075169884,24.3879582371503,-0.012781631451016772
179.71890258789062,180.88468228380586,178.70131011603328,179.9560021463833,71983600,-0.012700293313244293,-2.3118438720703125,2.183372167772575,-0.23709955849267317,185.32261657714844,188.42479858398437,190.8670211791992,184.92855072021484,0.011035764799434987,188.49140543381847,-11.104644775390625,-14.849014282226562,-11.37139892578125,0.23228992801444837,57921760.0,-0.0074876253841132945,-0.03578668455044931,-0.005424195894972339,0.0005178673848273974,-0.058193262460686235,-0.07631789722114846,-0.05950798567852833,0.9697623846848449,0.9415922220484493,0.9718288597837654,8.867453283882796,-0.004021044132257099
178.99769592285156,180.55866677363844,177.9998667092149,179.79795220853848,62379700,-0.004012970559323148,-0.7212066650390625,2.5588000644235365,-0.8002562856869133,182.87247619628906,187.07623443603515,190.3167282104492,185.08599426269532,0.011020685005901509,187.58724262325018,-12.250701904296875,-13.485641479492188,-11.005859375,-0.1334178896304158,63587720.0,-0.012700293313244293,-0.0074876253841132945,-0.03578668455044931,0.002226404810819149,-0.06405649429476079,-0.07006134484931259,-0.05792449176936243,0.9788115721182753,0.940525289636751,0.9671055696888521,7.864744416179079,0.023887417047520194
183.32496643066406,183.36449308108033,179.3138706884217,179.89676064456035,59144500,0.024175006753592854,4.3272705078125,4.0506223926586244,3.4282057861037174,181.495263671875,186.1752197265625,189.88647384643554,185.37615844726562,0.012271962120938645,187.18131155728958,-6.8860626220703125,-9.010147094726562,-8.605087280273438,-0.05186302595235304,66882200.0,-0.004012970559323148,-0.012700293313244293,-0.0074876253841132945,-0.005424195894972339,-0.03620222579291765,-0.04684608509375021,-0.0448344962859929,1.0100812700109738,0.9654451036829623,0.9889349739805668,24.90609243860189,-0.002265935412087399
182.9100341796875,182.9199083051763,180.52905841182087,181.7047275700206,42841800,-0.00226337011840394,-0.4149322509765625,2.390849893355437,1.2053066096669056,181.39646911621094,185.33941040039062,189.36434020996094,185.74110046386718,0.012061201067366334,186.7745232356132,-0.4939727783203125,-8.35809326171875,-10.442672729492188,-0.2756418601898739,58952820.0,0.024175006753592854,-0.004012970559323148,-0.012700293313244293,-0.03578668455044931,-0.0026933587030811834,-0.0436983065266805,-0.0540084123797514,1.0083439609979779,0.9659159373770314,0.9847579976800535,26.290406202970004,0.005655447780798878
183.94740295410156,184.15486512874935,181.7047401626592,182.12956878813148,46792900,0.005671470015663482,1.0373687744140625,2.450124966090158,1.8178341659700834,181.77980041503906,184.66167297363282,189.01905212402343,186.1005453491211,0.011947841752314177,186.50527368499306,1.916656494140625,-6.777374267578125,-6.90576171875,0.09222535000863652,56628500.0,-0.00226337011840394,0.024175006753592854,-0.004012970559323148,-0.0074876253841132945,0.010529300853920454,-0.035534839082290715,-0.03618363746070141,1.0119243311639325,0.9731685821459196,0.9884302198524981,26.29035598564394,-0.0032278026429755488
183.3546142578125,184.7970355796361,181.4083411771675,184.29316874581366,49128400,-0.0032225988884277967,-0.5927886962890625,3.3886944024685874,-0.9385544880011594,182.50694274902344,183.91477966308594,188.56854476928712,186.4072869873047,0.011729869342676105,186.20521088240443,3.635711669921875,-7.46893310546875,-9.010147094726562,0.04991141818523759,52057460.0,0.005671470015663482,-0.00226337011840394,0.024175006753592854,-0.012700293313244293,0.020229990377021334,-0.03914052122325207,-0.04683886503627366,1.004644598698663,0.9723499456505121,0.9836236405838571,28.166426528744296,0.0017765017109557587
183.68063354492188,184.49076406507768,182.95943045197853,183.81894667336306,40477800,0.0017780806249629855,0.326019287109375,1.5313336130991502,-0.13831312844118315,183.4435302734375,183.1580032348633,187.97379608154296,186.71107635498046,0.010901832399375672,185.96477494550135,4.6829376220703125,-7.5677642822265625,-11.894973754882812,-0.17608145186898005,47677080.0,-0.0032225988884277967,0.005671470015663482,-0.00226337011840394,-0.004012970559323148,0.026161999448801154,-0.03957034081439137,-0.06082033398290099,1.0012925136750856,0.9771608456810719,0.9837693463654131,29.475254360938493,-0.012393543730645513
181.41822814941406,182.04062970854807,178.7507369031224,179.96593271976667,65603000,-0.01231706006150346,-2.2624053955078125,3.2898928054256658,1.4522954296473927,183.0621826171875,182.27872314453126,187.25851669311524,186.90647216796876,0.011050864907666928,185.53177048873113,-1.90673828125,-8.792800903320312,-14.305587768554688,0.620715552722727,48968780.0,0.0017780806249629855,-0.0032225988884277967,0.005671470015663482,0.024175006753592854,-0.010400865296059658,-0.04622655661508768,-0.07309068496064075,0.9910196937222626,0.9688116265853349,0.9706364153424151,27.893668739439505,-0.005187103031570243
180.47962951660156,180.72661829034882,178.1283066415265,179.08662428966576,47317400,-0.005173673243239252,-0.9385986328125,2.5983116488223175,1.3930052269357986,182.57610168457032,181.9862854003906,186.5229820251465,187.01205688476563,0.011052720285824366,185.05061420567117,-2.4304046630859375,-2.92437744140625,-14.710693359375,-0.2787311555873969,49863900.0,-0.01231706006150346,0.0017780806249629855,-0.0032225988884277967,-0.00226337011840394,-0.013287432119215237,-0.015945003001356484,-0.07536589490003631,0.9885172695187087,0.9675999576945956,0.9650694854814134,27.407425851849055,0.03205173048309684
186.35801696777344,186.86186875433015,183.59173905481111,183.84860201119264,78005800,0.03257091931602818,5.878387451171875,3.270129699519032,2.509414956580798,183.0582244873047,182.41901245117188,186.16435623168945,187.2533642578125,0.01365304567809846,185.17512875444282,2.410614013671875,4.3272705078125,-7.172515869140625,0.6485647985730407,56106480.0,-0.005173673243239252,-0.01231706006150346,0.0017780806249629855,0.005671470015663482,0.013104909202079629,0.0237721955876522,-0.03706141746214697,1.0180259176538533,1.0010402675356553,0.9952185249456649,42.15288432507454,0.015413436665506224
189.252685546875,189.6379874512041,186.54569809210085,187.04954979006996,68903000,0.015532836344798184,2.8946685791015625,3.092289359103262,2.2031357568050396,184.2378387451172,183.3723907470703,185.89859466552736,187.50165313720703,0.014115408907475745,185.56346749657922,5.8980712890625,9.533782958984375,-5.3152313232421875,-0.11669388686482285,60061400.0,0.03257091931602818,-0.005173673243239252,-0.01231706006150346,-0.0032225988884277967,0.03216756400124887,0.05304830388846793,-0.02731812833659697,1.0272194183123022,1.0180425833093703,1.009338757180912,46.77310877098796,0.012090020602623111
191.5546417236328,192.97729968749402,189.94426985134535,189.98379650311966,60133900,0.01216340032431229,2.3019561767578125,3.033029836148671,1.5708452205131493,185.81264038085936,184.62808532714843,185.8521598815918,187.74487213134765,0.01423790203938588,186.13405551820335,7.8740081787109375,12.55694580078125,-0.9286956787109375,-0.12726731782360712,63992620.0,0.015532836344798184,0.03257091931602818,-0.005173673243239252,0.0017780806249629855,0.04286792802674655,0.07015143818495484,-0.004824810766709153,1.0309021029516834,1.0306828924973168,1.0202922697650023,52.087150472515404,0.006631209208346249
192.8291015625,193.39224330006388,191.49537099853464,192.67104017695664,42355600,0.00665324435575898,1.2744598388671875,1.8968723015292426,0.15806138554336258,188.09481506347657,185.57849884033203,185.87685928344726,187.99246673583986,0.014317301734750308,186.77167895099353,11.410873413085938,9.504135131835938,0.493988037109375,-0.29564521842089075,59343140.0,0.01216340032431229,0.015532836344798184,0.03257091931602818,-0.01231706006150346,0.06289816370430024,0.051843103080182695,0.0025683715680140384,1.025169681032546,1.0374024088090015,1.025727811920551,67.6796767710074,-0.003490069600814459
192.15728759765625,194.0146482092326,191.999211146671,193.06620457832125,53631300,-0.00348398638690961,-0.67181396484375,2.0154370625616025,-0.9089169806649977,190.4303466796875,186.50322418212892,185.92131729125975,188.2360968017578,0.014280897015188811,187.2845940601995,11.677658081054688,9.24725341796875,0.88916015625,0.2662150931635958,60605920.0,0.00665324435575898,0.01216340032431229,0.015532836344798184,-0.005173673243239252,0.06470346881990086,0.05055629375086346,0.004648762803004747,1.0090686224547685,1.0335409107317552,1.0208312372734123,69.5088432438534,-0.0016980681347455713
191.83126831054688,193.90598035718745,190.78403816176663,192.86862433386716,54822100,-0.0016966272327491039,-0.326019287109375,3.1219421954208144,-1.0373560233202852,191.52499694824218,187.29161071777344,185.9766418457031,188.38962524414063,0.014269819184040725,187.7176106554707,5.4732513427734375,7.8838653564453125,1.1064910888671875,0.02220345208861252,55969180.0,-0.00348398638690961,0.00665324435575898,0.01216340032431229,0.03257091931602818,0.029369551317558473,0.04285934582296047,0.005801506783678745,1.0015991195258311,1.0314804397301738,1.0182687505320216,75.2678957956658,-0.00905369262823374
190.10232543945312,192.41413683944202,189.6281111952244,191.93004847085402,44594000,-0.009012831361229656,-1.72894287109375,2.7860256442176308,-1.8277230314008932,191.6949249267578,187.9663818359375,185.94058074951172,188.54018920898437,0.014423493481314468,187.94472634918333,0.849639892578125,6.747711181640625,-0.721221923828125,-0.18656892019824123,51107380.0,-0.0016966272327491039,-0.00348398638690961,0.00665324435575898,0.015532836344798184,0.004489446953542364,0.0368014255269995,-0.0037795226731378584,0.9916920101671279,1.0223821216066216,1.0082854283589227,72.23092821799568,-0.003592256132118978
189.420654296875,189.88499446653958,187.29655655692048,189.69728055859,47145600,-0.003585811699053809,-0.681671142578125,2.5884379096191026,-0.2766262617149948,191.26812744140625,188.5403839111328,185.84919357299805,188.6249557495117,0.014432904402934389,188.08529091563017,-2.1339874267578125,5.740020751953125,-1.8277435302734375,0.05721845988249541,48509720.0,-0.009012831361229656,-0.0016966272327491039,-0.00348398638690961,0.01216340032431229,-0.011140358738143452,0.031250005192024366,-0.009556908978266887,0.9903409252276116,1.0192169826256154,1.0042184160849847,64.28897942248469,-0.019433337728329243
185.77511596679688,189.48983770252025,185.21198926058483,188.64019550498801,55859400,-0.01924572768270849,-3.645538330078125,4.277848441935419,-2.8650795381911394,189.85733032226562,188.9760726928711,185.62739791870118,188.62554901123048,0.015006585255096695,187.86527425383653,-7.053985595703125,4.3568878173828125,-4.4359130859375,0.18482742822235787,51210480.0,-0.003585811699053809,-0.009012831361229656,-0.0016966272327491039,0.00665324435575898,-0.03658154053793994,0.024015711441049525,-0.023321008818619426,0.9784985159722853,1.0007957771845748,0.9848884042518339,55.832669609829985,-0.019547414632002186
182.178955078125,184.84644650359252,182.12956937209933,184.78715652135838,55467800,-0.019357602712058664,-3.596160888671875,2.7168771314931917,-2.6082014432333835,187.86166381835938,189.14600524902343,185.56614532470704,188.5206283569336,0.01336633574747759,187.3237200466259,-9.97833251953125,1.6993255615234375,-1.2250518798828125,-0.007010458400913744,51577780.0,-0.01924572768270849,-0.003585811699053809,-0.009012831361229656,-0.00348398638690961,-0.051927942178410236,0.009415608653868146,-0.00667952625573387,0.9697505673870274,0.9817467230315364,0.9663608522097558,46.739518786653235,0.013252219345069068
184.6092987060547,184.69821105096443,181.60592170299904,181.77387226838383,64885400,0.013340419187756636,2.4303436279296875,3.092289347965391,2.8354264376708613,186.41726989746093,188.97113342285155,185.69507293701173,188.46470977783204,0.013582452490757773,187.0652037284763,-7.2219696044921875,-1.74871826171875,2.57855224609375,0.16978499237395384,53590440.0,-0.019357602712058664,-0.01924572768270849,-0.003585811699053809,-0.0016966272327491039,-0.03764751006494349,-0.009383649226215707,0.014165476416704736,0.9903014823015018,0.9941529184712115,0.9795430609989413,52.166462474805364,-0.005419851848930718
183.6114501953125,185.07361943336437,177.0909409019771,177.69359407931566,102551700,-0.005405190950489525,-0.9978485107421875,7.982678531387279,5.917856115996841,185.1190948486328,188.40700988769532,185.88970031738282,188.35405822753907,0.013296021157766052,186.73627482055593,-6.490875244140625,-5.6412353515625,3.892547607421875,0.5805050134544905,65181980.0,0.013340419187756636,-0.019357602712058664,-0.01924572768270849,-0.009012831361229656,-0.03414411280417473,-0.02980795403384251,0.0216590884507446,0.9918558123107015,0.9877440755556629,0.9748207812623962,49.883249886442876,0.009798708607170517
185.41944885253906,186.97054595458332,183.6016146657499,185.8837890630235,69668800,0.00984687314055499,1.8079986572265625,3.3689312888334086,-0.46434021048443697,184.31885375976563,187.79349060058593,186.21078796386718,188.29557159423828,0.013373430816358223,186.61086282360196,-4.0012054443359375,-6.13519287109375,6.4217529296875,-0.3206470492444299,69686620.0,-0.005405190950489525,0.013340419187756636,-0.019357602712058664,-0.003585811699053809,-0.021123385193596356,-0.0320284218429191,0.0358761764869604,1.0059711476624518,0.9957503046951197,0.9847254892011107,56.85741542510515,0.008594709748723091
187.0199432373047,187.02981736340615,184.5204175084795,184.6093298683978,43490800,0.008631750308126795,1.600494384765625,2.5093998549266416,2.410613368906894,184.56781921386718,187.21257476806642,186.39553680419922,188.2558563232422,0.012425739112836922,186.64982286300224,1.2448272705078125,-5.8091583251953125,3.694976806640625,-0.37574925935282366,67212900.0,0.00984687314055499,-0.005405190950489525,0.013340419187756636,-0.01924572768270849,0.006700721267375309,-0.03012594197724061,0.02015533878762832,1.0132857614825914,1.0033499001307171,0.9934349288777747,60.960328370544026,0.0005809088180584594
187.1286163330078,188.74886241631054,186.33824908078662,188.3437971267345,53439000,0.0005810775782624233,0.108673095703125,2.4106133355239194,-1.215180793726688,185.55775146484376,186.70970764160157,186.60646591186523,188.24479095458983,0.012401818689811194,186.69542224109802,4.9496612548828125,-5.0286712646484375,4.2185821533203125,0.22874263062532774,66807140.0,0.008631750308126795,0.00984687314055499,-0.005405190950489525,-0.019357602712058664,0.02716922628500207,-0.02616955790496789,0.023063699989121833,1.0084656386260515,1.0027981368094137,0.9940706214715324,51.60097335325014,-0.005771347514595978
186.05174255371094,187.25703410679802,185.09342474162452,187.1088468471974,40962000,-0.005754725281463702,-1.076873779296875,2.1636093651734996,-1.057104293486475,185.846240234375,186.13175506591796,186.7116828918457,188.21574493408204,0.01244873828364975,186.6341194137278,1.44244384765625,-5.7795257568359375,2.104339599609375,-0.23348116544097008,62022460.0,0.0005810775782624233,0.008631750308126795,0.00984687314055499,0.013340419187756636,0.007813495082677147,-0.030128173617033682,0.01143989839386017,1.001105765277128,0.9964654577158033,0.9885025432854782,42.806479952979814,0.0040855200148287646
186.81341552734375,187.941120969739,185.9725760341758,186.6155602859614,45155200,0.004093877128900969,0.7616729736328125,1.9685449355631874,0.19785524138234223,186.48663330078125,185.80286407470703,186.88462295532227,188.1898797607422,0.012436686770698013,186.65119523407216,3.20196533203125,-3.288909912109375,3.45880126953125,0.10236804843513503,50543160.0,-0.005754725281463702,0.0005810775782624233,0.008631750308126795,-0.005405190950489525,0.017438810752952616,-0.01730073477274152,0.01886399905195657,1.001752309110731,0.9996189765275897,0.9926857691011417,38.55246976575227,-0.009042554950610298
185.1317596435547,186.63537211912902,184.7756412965565,186.38806813077576,41781900,-0.009001794004151242,-1.6816558837890625,1.8597308225725158,-1.2563084872210766,186.42909545898436,185.373974609375,186.9571792602539,188.15073303222655,0.012633589789384331,186.5064870825943,-0.287689208984375,-4.2888946533203125,1.4511260986328125,-0.07470457444546807,44965780.0,0.004093877128900969,-0.005754725281463702,0.0005810775782624233,0.00984687314055499,-0.001551558969486333,-0.02264216998531965,0.007900267277104689,0.9930411301292018,0.990236161970768,0.9839544957385057,31.773421619133444,-0.011338522527233877
183.04449462890625,184.20189045877694,181.53099558275042,183.76663306878044,56529500,-0.011274483744264985,-2.0872650146484375,2.670894876026523,-0.7221384398741861,185.63400573730468,185.10091247558594,187.03849258422852,188.05838165283203,0.01258009293045074,186.1767735155764,-3.9754486083984375,-2.730621337890625,1.6262664794921875,0.352966236576125,47573520.0,-0.009001794004151242,0.004093877128900969,-0.005754725281463702,0.008631750308126795,-0.021256816463440464,-0.014698531198218512,0.008964184558967414,0.9860504485796481,0.9786461177047625,0.9733386675996089,29.777353680951265,-0.004821121187089921
182.1641387939453,183.52926184222676,180.47258771556508,183.32153491398208,54630500,-0.0048095182362393185,-0.8803558349609375,3.056674126661676,-1.1573961200367648,184.6411102294922,185.09943084716798,187.1227180480957,187.92293334960937,0.012571677534805504,185.79461782780203,-4.9644775390625,-0.0148162841796875,1.68450927734375,-0.03359307971943848,47811820.0,-0.011274483744264985,-0.009001794004151242,0.004093877128900969,0.0005810775782624233,-0.026529761382021233,-8.132818729433833e-05,0.009333514712189794,0.9865849407400755,0.9735009233198725,0.9693555520179622,29.062330007118632,-0.00157617142260715
181.8772430419922,182.50045391335385,179.39431647047905,181.57058851615943,65434500,-0.0015749299167914232,-0.286895751953125,3.1061374428747968,0.3066545258327551,183.80621032714845,184.82622528076172,186.89867935180663,187.81751068115236,0.010060457146299363,185.42153451486774,-4.17449951171875,-2.7320556640625,-4.48077392578125,0.1977649847612597,52706320.0,-0.0048095182362393185,-0.011274483744264985,-0.009001794004151242,-0.005754725281463702,-0.02243730402317312,-0.014799122705149492,-0.024043902155044372,0.9895054292141545,0.9731328422050409,0.9683721309178427,30.998678111285415,-0.008466118892898737
180.3439483642578,182.8565652037317,179.7108507918506,181.44197861733377,49752500,-0.0084303822297348,-1.533294677734375,3.1457144118811016,-1.0980302530759616,182.51231689453124,184.49947509765624,186.45324249267577,187.60258361816406,0.009370042486391651,184.93795488147634,-6.4694671630859375,-3.2675018310546875,-8.908737182617188,-0.2396595068350793,53625780.0,-0.0015749299167914232,-0.0048095182362393185,-0.011274483744264985,0.004093877128900969,-0.034630634769048485,-0.017795741102087925,-0.047073240503161196,0.9881193304256476,0.9672341759963872,0.9613084472830071,29.82512309757523,-0.0041223623858760265
179.60203552246094,180.46264852115328,178.0588611409836,179.82955095197704,53665600,-0.004113877113848918,-0.741912841796875,2.403787380169689,-0.22751542951610304,181.4063720703125,183.91773376464843,185.8556121826172,187.39455322265624,0.008726413343293259,184.42977208537962,-5.52972412109375,-5.817413330078125,-11.952606201171875,0.0786513240540676,56002520.0,-0.0084303822297348,-0.0015749299167914232,-0.0048095182362393185,-0.009001794004151242,-0.029869127435186993,-0.03137434269209061,-0.06239789385222316,0.9900536208995337,0.9663525002731064,0.9584165197643899,34.245470016239025,0.004177356968500534
180.35386657714844,180.91771184255438,178.71176441081158,179.97795967071906,41371400,0.00418609428618355,0.7518310546875,2.2059474317428,0.3759069064293783,180.86824645996094,183.25112609863282,185.23185043334962,187.16302947998048,0.008596565271939293,184.04159060840522,-2.6906280517578125,-6.66607666015625,-12.475234985351562,-0.22908902537193288,52970900.0,-0.004113877113848918,-0.0084303822297348,-0.0015749299167914232,-0.011274483744264985,-0.014699311537408666,-0.03564366743335945,-0.06469581035364658,0.997156052027483,0.9736655232629315,0.9636190816009399,44.55103645519658,0.011180973277083566
182.3817138671875,182.9653626660908,180.4923231436991,181.50131240098546,52292200,0.011243713974779856,2.0278472900390625,2.4730395223917014,0.880401466202045,180.91176147460936,182.77643585205078,184.74307174682616,186.94360961914063,0.009190548699269123,183.88350710924163,0.2175750732421875,-4.7469024658203125,-9.77557373046875,0.26396979555925104,52503240.0,0.00418609428618355,-0.004113877113848918,-0.0084303822297348,-0.0048095182362393185,0.0011943902607982615,-0.02536705800983896,-0.05087277122133971,1.0081252450398834,0.9872181519051784,0.9755974769009379,43.1855715434001,-0.010084674188920895
180.55169677734375,183.04451006700117,180.2648157032703,183.0148347964746,45119700,-0.010033994368406907,-1.83001708984375,2.7796943637308686,-2.463138019130838,180.6466522216797,182.22643127441407,184.17909317016603,186.73758026123048,0.009336912165880864,183.56619183953708,-1.3255462646484375,-5.5000457763671875,-11.279571533203125,-0.137161947670972,48440280.0,0.011243713974779856,0.00418609428618355,-0.004113877113848918,-0.0015749299167914232,-0.007288137000968198,-0.029561914878488138,-0.0587994419916108,0.9994743581286001,0.9803050588946549,0.9668739228856175,41.09334830478512,-0.007479070138508844
179.2063751220703,180.78911167382452,178.70186529911302,180.27473021897956,40867400,-0.007451171488753627,-1.3453216552734375,2.0872463747114978,-1.0683550969092437,180.41913757324218,181.46572723388672,183.63429565429686,186.4744125366211,0.009290252568582999,183.15097119977833,-1.1375732421875,-7.6070404052734375,-10.895950317382812,-0.09424486421673905,46663260.0,-0.010033994368406907,0.011243713974779856,0.00418609428618355,-0.0084303822297348,-0.006307798251648733,-0.04071998996324755,-0.0573162389896863,0.9932780830931556,0.9758872899179879,0.961023942557677,31.41368808518719,0.008081459386174262
180.66049194335938,181.9365737231629,177.62359209867634,179.14699293032547,54318900,0.008114202523758163,1.4541168212890625,4.312981624486554,1.5134990130339077,180.63082885742188,181.0186004638672,183.1962875366211,186.1761102294922,0.009608110303602925,182.913782699167,1.0584564208984375,-4.4712677001953125,-8.760162353515625,0.32914988474921336,46793920.0,-0.007451171488753627,-0.010033994368406907,0.011243713974779856,-0.004113877113848918,0.005893343122862715,-0.02415181332908045,-0.04624713385154933,1.0001642193977913,0.986158040496564,0.9703741888294157,30.807721248168377,-0.00664734457977015
179.46356201171875,181.145226165725,178.18748003378263,180.54180381169616,48953900,-0.006625299858122213,-1.196929931640625,2.957746131942372,-1.0782417999774054,180.45276794433593,180.66050720214844,182.88070983886718,185.8509051513672,0.008820164994898795,182.58519025274336,-0.8903045654296875,-3.5809326171875,-6.311553955078125,-0.09876856858294258,48310420.0,0.008114202523758163,-0.007451171488753627,-0.010033994368406907,0.00418609428618355,-0.004936431817772258,-0.019563181206008307,-0.03397416237493389,0.9945182002809604,0.9813148809945061,0.9656318965223967,28.2933325728133,-0.0037000433750118858
178.80076599121094,180.6011460945577,177.59392143922238,179.31516246277232,136682600,-0.003693206649183378,-0.6627960205078125,3.007224655335307,-0.5143964715613834,179.73657836914063,180.324169921875,182.7118003845215,185.5231140136719,0.0078058783322549055,182.22476889450218,-3.5809478759765625,-3.363372802734375,-3.3781890869140625,1.7920676391462171,65188500.0,-0.006625299858122213,0.008114202523758163,-0.007451171488753627,0.011243713974779856,-0.019634358072675218,-0.018463418897936013,-0.018543245488840232,0.9947934227611269,0.9785945166919723,0.9637654420679594,28.97281865118066,-0.006048609436323304
177.7225341796875,178.5831471920378,175.46712311031385,177.6137198257161,73563100,-0.006030353424640422,-1.0782318115234375,3.116024081723964,0.10881435397141104,179.17074584960938,179.90869903564453,182.36746215820312,185.20695404052734,0.007116399608561695,181.7959846359484,-2.82916259765625,-4.1547088623046875,-6.8867645263671875,-0.461796161325582,70877180.0,-0.003693206649183378,-0.006625299858122213,0.008114202523758163,-0.010033994368406907,-0.015669543117864837,-0.022843478341847523,-0.03730453760800356,0.9919171421480968,0.9745298425303185,0.9595888831517521,24.11254944764633,-0.025708900920861096
173.2117156982422,174.99229230011673,171.9158301484072,174.25038035125658,81510100,-0.02538124105795514,-4.5108184814453125,3.076462151709535,-1.0386646530143935,177.97181396484376,179.19547576904296,181.84747543334962,184.77983001708984,0.008832791901036224,180.9784352133097,-5.994659423828125,-7.132232666015625,-10.399734497070312,0.10802970511030674,79005720.0,-0.006030353424640422,-0.003693206649183378,-0.006625299858122213,-0.007451171488753627,-0.03345115049475633,-0.03954794563779862,-0.056639901738196774,0.9732536396603685,0.9525109726460151,0.9373951457917363,20.766485745335018,-0.02885328653670397
168.285400390625,170.1846930657021,167.7907924514621,168.91849794898403,95132400,-0.02844100520428705,-4.9263153076171875,2.3939006142400103,-0.6330975583590259,175.49679565429688,178.06381225585938,180.99077301025392,184.29587127685548,0.010002392087474,179.7695747540064,-12.375091552734375,-11.316635131835938,-17.134048461914062,0.16712407419448638,87168420.0,-0.02538124105795514,-0.006030353424640422,-0.003693206649183378,0.008114202523758163,-0.06849915783808569,-0.0630095037559899,-0.09240696468438148,0.9589086784360594,0.9298009925682283,0.9131262638967153,18.22815113021815,-0.0058956166750423694
167.29617309570312,169.39332087872134,166.8609157238647,169.21525418377138,68587700,-0.005878271630371246,-0.989227294921875,2.532405154856633,-1.9190810880682534,173.06331787109374,176.75804290771484,180.00458450317382,183.7950924682617,0.009490919252567129,178.5816317389299,-12.167388916015625,-13.057693481445312,-19.723770141601562,-0.2790290164024034,91095180.0,-0.02844100520428705,-0.02538124105795514,-0.006030353424640422,-0.006625299858122213,-0.06779865940263186,-0.07240040776092671,-0.10546345913801602,0.9666760995551565,0.929399512559378,0.9102319917741674,18.143108141597665,-0.0007098519718454337
167.17745971679688,168.888798717098,166.67296512435692,167.32583603979853,71765100,-0.00070960008653842,-0.11871337890625,2.2158335927410917,-0.14837632300165637,170.73865661621093,175.23761749267578,179.00702667236328,183.31327911376954,0.009451602538564032,177.49552011777436,-11.623306274414062,-15.204254150390625,-19.951156616210938,0.04632609053809933,78111680.0,-0.005878271630371246,-0.02844100520428705,-0.02538124105795514,-0.003693206649183378,-0.06500702729084173,-0.08336501411244845,-0.10661734697330594,0.9791424099849926,0.9339156279199136,0.9119768110909287,18.274817114174624,0.010184593081395407
168.8887939453125,171.8267658116103,167.11810446583976,167.17745499336354,76267000,0.010236632566463566,1.711334228515625,4.708661345770537,1.7113389519489601,168.97190856933594,174.07132720947266,178.14887924194335,182.87655944824218,0.010090688142364095,176.67583191087323,-8.833740234375,-11.66290283203125,-17.162948608398438,0.06273104893604264,78652460.0,-0.00070960008653842,-0.005878271630371246,-0.02844100520428705,-0.006030353424640422,-0.0497052344833413,-0.06459591928628583,-0.09224825509733503,0.9995081157292525,0.9480205245408546,0.9235125291883649,25.46594203135365,0.01176236360695481
170.88705444335938,172.49948126334272,170.1946063009313,171.07500788792643,60139500,0.011831812231982264,1.998260498046875,2.304874962411418,-0.1879534445670572,168.50697631835936,173.23939514160156,177.35256118774413,182.47782958984374,0.01058502153526662,176.12451977111002,-2.3246612548828125,-8.319320678710938,-15.926361083984375,-0.21146105130659398,74378340.0,0.010236632566463566,-0.00070960008653842,-0.005878271630371246,-0.02538124105795514,-0.01342092389947036,-0.04642312904908685,-0.08525276966339312,1.0141245079402728,0.9635443283080619,0.9364811869335743,32.287891652985394,0.002774813862661485
171.3618927001953,172.15326856174514,169.16583185415817,171.28275360461643,59825400,0.002778667221941644,0.4748382568359375,2.9874367075869657,0.07913909557888132,169.12227478027344,172.30953521728514,176.66406784057617,182.0800994873047,0.010642606335407107,175.67093624054672,3.0764923095703125,-9.298599243164062,-13.769866943359375,-0.005222856857805547,67316940.0,0.011831812231982264,0.010236632566463566,-0.00070960008653842,-0.02844100520428705,0.018281397568827407,-0.05147002060682615,-0.07437873960616659,1.0132425957658837,0.9699872463869359,0.9411346609690495,31.516835325201924,-0.012196649183318028
169.2845458984375,171.32232852748163,168.9185256992457,170.90685960163916,52488700,-0.012122571529903814,-2.0773468017578125,2.403802828235939,-1.6223137032016552,169.51994934082032,171.29163360595703,175.97607040405273,181.66156982421876,0.010675581784448725,175.06270858891727,1.988372802734375,-10.17901611328125,-13.75994873046875,-0.12263520177048548,64097140.0,0.002778667221941644,0.011831812231982264,0.010236632566463566,-0.005878271630371246,0.011885345408330972,-0.056719124479522876,-0.07517269917549207,0.9986113525676583,0.961974804356916,0.9318676815478494,23.133207127618007,0.010867939170235692
171.1343536376953,172.43022407386235,170.19460153541087,171.04532782778392,72913500,0.010927209742864541,1.8498077392578125,2.23562253845148,0.08902580991139075,170.311328125,170.52499237060547,175.42458114624023,181.4161767578125,0.011169284253452727,174.68857954594375,3.9568939208984375,-7.666412353515625,-11.02978515625,0.3891275645996186,64326820.0,-0.012122571529903814,0.002778667221941644,0.011831812231982264,-0.00070960008653842,0.02366882429964856,-0.04287684289838267,-0.06054860868486478,1.0048324766282797,0.9755437494533994,0.9433246620898463,30.697465235577397,-0.0021990266416958824
170.75843811035156,170.75843811035156,168.4535633292171,169.32407812222547,121752700,-0.002196610553948708,-0.37591552734375,2.3048747811344583,1.43435998812609,170.6852569580078,169.82858276367188,174.8686408996582,181.19073059082032,0.011165803065333027,174.31428036160162,1.8696441650390625,-6.9640960693359375,-11.118804931640625,0.6698238323492907,73423960.0,0.010927209742864541,-0.012122571529903814,0.002778667221941644,0.010236632566463566,0.011070267726847938,-0.03918521700964972,-0.06113356869541664,1.0004287491119503,0.9764954838777232,0.9424236965850763,31.967849563367423,0.006352234205795292
171.84658813476562,175.79356502758816,171.64874797271588,173.67664359575858,75604200,0.00637245243313167,1.0881500244140625,4.144817054872277,-1.830055460992952,170.87716369628907,169.69207000732422,174.4437728881836,181.03328430175782,0.011283136514847763,174.0792620542839,0.95953369140625,-1.3651275634765625,-8.497360229492188,-0.3790347154518955,76516900.0,-0.002196610553948708,0.010927209742864541,-0.012122571529903814,0.011831812231982264,0.005615016857372757,-0.00788126575603465,-0.047117523524156546,1.0056732240722321,0.9851116224419044,0.9492541042801874,30.888104215662793,0.013493626102330602
174.18113708496094,174.70542030322298,171.16402557801365,172.45989598897214,55215200,0.013585075942063485,2.3345489501953125,3.5413947252093294,1.7212410959888018,171.44101257324218,170.28164367675782,174.1727279663086,180.936953125,0.011818813992816443,174.08896443815792,2.819244384765625,5.8957366943359375,-5.4208984375,-0.26968078492993774,75594860.0,0.00637245243313167,-0.002196610553948708,0.010927209742864541,0.002778667221941644,0.01645199139868292,0.03503415436306856,-0.03018283407384914,1.0159828997192146,1.0000482803407313,0.962662043748621,39.08423192109118,0.014602198157612486
176.74322509765625,176.74322509765625,173.2018299224136,173.82504084734046,53423100,0.014709331076680154,2.5620880126953125,3.5413951752426556,2.9181842503157895,172.93274841308593,171.22634887695312,173.992195892334,180.80531829833984,0.012307735954752564,174.34175116763396,7.45867919921875,9.447052001953125,-3.6106414794921875,-0.03245664237383905,75781740.0,0.013585075942063485,0.00637245243313167,-0.002196610553948708,-0.012122571529903814,0.04406001244610702,0.05646902632105566,-0.020019761971378003,1.022034442403403,1.0158112218264352,0.9775333312155072,46.057685617070746,-0.0417156930414591
169.5219268798828,175.57593855649498,168.99764365136926,175.14068113790177,106181300,-0.040857567319954935,-7.2212982177734375,6.578294905125716,-5.618754258018953,172.61026306152343,171.4607955932617,173.34920654296874,180.53755615234374,0.014845795820232521,173.88272028308626,-1.6124267578125,2.3444671630859375,-12.859786987304688,0.9875540730507963,82435300.0,0.014709331076680154,0.013585075942063485,0.00637245243313167,0.010927209742864541,-0.009421993442801813,0.014023823349496478,-0.07051028699439321,0.9821080384974569,0.9779215622649114,0.9389842783561024,37.28140901640625,0.005296132557137255
170.422119140625,171.18381963278856,168.22605856941686,169.90772263085663,71160100,0.005310181858539265,0.9001922607421875,2.9577610633716915,0.5143965097683747,172.54299926757812,171.61412811279297,172.8427276611328,180.26705047607422,0.014889129741776287,173.55313922189947,-0.3363189697265625,1.5333251953125,-10.12957763671875,-0.32982455479448824,72316780.0,-0.040857567319954935,0.014709331076680154,0.013585075942063485,-0.002196610553948708,-0.0019695598849950313,0.009078904286621947,-0.05610347516817049,0.9877081067562522,0.9859953117307109,0.9453869616801885,45.12785908717081,-0.008335006307035995
169.00755310058594,170.085794876263,167.6226416976105,168.73057383883838,54288300,-0.008300366449919716,-1.4145660400390625,2.4631531786525045,0.27697926174755594,171.97519226074218,171.42617797851562,172.3327865600586,179.98010925292968,0.01490436660015753,173.12022625796484,-2.8390350341796875,-1.8795013427734375,-10.198822021484375,-0.23709635034239696,68053600.0,0.005310181858539265,-0.040857567319954935,0.014709331076680154,0.00637245243313167,-0.016520752986688647,-0.010998500435832614,-0.05691104467984032,0.9827437950721589,0.9807045802145502,0.9390346177814362,51.43761835359331,-0.006694848187587975
167.87985229492188,169.57140318495337,167.75124938607289,168.16671829054096,57388400,-0.006672487619490575,-1.1277008056640625,1.820153798880483,-0.2868659956190811,170.71493530273438,171.07797393798828,171.69375457763672,179.66409362792967,0.01469883431849676,172.62114302338932,-6.3012847900390625,-3.4820404052734375,-12.7806396484375,0.05710438529112172,68488240.0,-0.008300366449919716,0.005310181858539265,-0.040857567319954935,0.013585075942063485,-0.03617661989980847,-0.020319805940550717,-0.07074396571689001,0.983392882393184,0.9777865986325655,0.934409591281984,51.15558251605949,0.02099068099108167
171.44100952148438,171.72789059246503,168.27552158079686,168.5722893771007,60273300,0.021212534904465175,3.5611572265625,3.452369011668168,2.8687201443836727,169.6544921875,171.29362030029296,171.292626953125,179.46454925537108,0.015678471581202856,172.50874935654122,-5.302215576171875,2.156463623046875,-8.022552490234375,0.05026974092325287,69858280.0,-0.006672487619490575,-0.008300366449919716,0.005310181858539265,0.014709331076680154,-0.029999540707952077,0.012738691601185126,-0.04470296031297161,1.0105303273196558,1.000866251928053,0.9552917845492175,57.428510660924125,-0.010615298586031502
169.6307373046875,170.37264922530974,168.67119667981044,169.89782982249778,65672700,-0.010559155139424292,-1.810272216796875,1.7014525454993077,-0.2670925178102834,169.67625427246094,171.14325866699218,170.83412551879883,179.2475714111328,0.015788455151243056,172.2346529706504,0.1088104248046875,-1.5036163330078125,-9.170028686523438,0.08958195419862536,61756560.0,0.021212534904465175,-0.006672487619490575,-0.008300366449919716,-0.040857567319954935,0.0006418663756799781,-0.008786174727904661,-0.051286294192801174,0.9997317422642985,0.9929558089728454,0.9463488736235786,51.288268658487986,-0.008491712077255072
168.19638061523438,169.40322523760474,167.65230884379906,169.3438746978549,46240500,-0.00845575932902276,-1.434356689453125,1.7509163938056815,-1.1474940826205113,169.23110656738282,170.88705291748047,170.35781784057616,178.88433868408202,0.01582619347597982,171.85005560346792,-2.225738525390625,-2.5620574951171875,-9.526153564453125,-0.2958946411522596,56772640.0,-0.010559155139424292,0.021212534904465175,-0.006672487619490575,0.005310181858539265,-0.013060150505193713,-0.015003987641661776,-0.05360127013956284,0.9938857224706709,0.9873123684446082,0.9402521308043458,45.23474944709517,-0.007023388343768356
167.0192108154297,167.51381877100314,166.41578850586058,167.25662806803024,49329500,-0.006998781992209269,-1.1771697998046875,1.0980302651425689,-0.2374172526005509,168.83343811035155,170.40431518554686,170.04819259643554,178.43966918945313,0.014944618612830156,171.38997514746427,-1.98834228515625,-4.8273773193359375,-6.1925048828125,0.06680291086817824,55780880.0,-0.00845575932902276,-0.010559155139424292,0.021212534904465175,-0.008300366449919716,-0.011764813161769583,-0.028091202576278174,-0.03575107409940248,0.9892543366099311,0.9821875097008861,0.9359982092216383,42.49568623645753,0.0047859071639981595
167.82046508789062,168.83935621904524,166.76201196368757,166.96973884210524,47691700,0.0047973779096968094,0.8012542724609375,2.077344255357673,0.8507262457853813,168.82156066894532,169.76824798583985,170.02494583129882,177.9649856567383,0.013603685067728803,171.05002180845727,-0.05938720703125,-6.3606719970703125,-0.464935302734375,-0.03320122847383411,53841540.0,-0.006998781992209269,-0.00845575932902276,-0.010559155139424292,-0.006672487619490575,-0.00035374826829681627,-0.03651757075146289,-0.002762778599065374,0.9940700963959348,0.9870343687943561,0.942997098381956,47.35328744043173,-0.004904316066439356
166.9994354248047,170.06599565718972,166.9994354248047,168.4535689105981,53704400,-0.004892309544345164,-0.8210296630859375,3.0665602323850294,-1.4541334857934203,167.93324584960936,168.7938690185547,170.0101089477539,177.44839233398437,0.01358322167474823,170.66425167668083,-4.4415740966796875,-9.743789672851562,-0.2967376708984375,0.12607434836669684,52527760.0,0.0047973779096968094,-0.006998781992209269,-0.00845575932902276,0.021212534904465175,-0.025907302512256147,-0.055129636043858565,-0.001773726591633884,0.9944393951294138,0.9822912087899759,0.9411155166201045,42.23626578898512,0.00449162102284424
167.751220703125,168.55248310289795,167.12800990586356,167.76110742740823,42104800,0.004501723472345676,0.7517852783203125,1.4244731970343878,-0.009886724283234116,167.55734252929688,168.6167984008789,170.0387969970703,176.96027099609375,0.013618834573148402,170.3868201553898,-1.8795166015625,-1.7707061767578125,0.573760986328125,-0.2159897513052934,47814180.0,-0.004892309544345164,0.0047973779096968094,-0.006998781992209269,-0.010559155139424292,-0.011080047351244793,-0.010445292885400415,0.0034320475218374558,1.001157085514138,0.9865467391304543,0.9479597864473657,44.43222737461134,-0.006685634205008227
166.63343811035156,167.37535013675048,166.4257111957336,167.2071852220754,37425500,-0.006663335074929888,-1.1177825927734375,0.9496389410168717,-0.5737471117238329,167.2447540283203,168.23793029785156,169.92602920532227,176.45631439208984,0.013490955766229735,170.0293551987195,-1.5629425048828125,-3.7886810302734375,-2.2553558349609375,-0.1111345974805723,46051180.0,0.004501723472345676,-0.004892309544345164,0.0047973779096968094,-0.00845575932902276,-0.009292367048362338,-0.022231157841354987,-0.013354088108955553,0.9963447827017329,0.9806233858910911,0.944332531734106,40.35858874046933,0.007216431629867349
167.8402862548828,168.24586846008486,166.53452891117558,166.8807454739117,42373800,0.007242532820645575,1.20684814453125,1.7113395489092795,0.9595407809711105,167.40896911621093,168.12120361328124,169.77369079589843,176.01107360839845,0.013306419579113273,169.82087244216362,0.821075439453125,-1.167266845703125,-3.0467681884765625,0.13221733844571215,44660040.0,-0.006663335074929888,0.004501723472345676,-0.004892309544345164,-0.006998781992209269,0.004916053880535287,-0.006906595736632104,-0.017829133976245193,1.0025764278995857,0.9886118718869111,0.9535779926455391,37.76251948024411,-0.011201932333536257
165.97064208984375,167.2665125006067,165.30786924976792,166.97964653177021,49709300,-0.011139424310798729,-1.8696441650390625,1.9586432508387759,-1.0090044419264643,167.03900451660155,167.93028259277344,169.50412826538087,175.54207336425782,0.013471557014102792,169.45418383718078,-1.849822998046875,-1.909210205078125,-5.3912506103515625,0.17311404688746346,45063560.0,0.007242532820645575,-0.006663335074929888,0.004501723472345676,0.0047973779096968094,-0.01102263062540132,-0.011372479657202339,-0.031461199018055774,0.993604114022054,0.9791539816068374,0.9454750015709743,28.638591123477596,0.04236088887289251
173.15234375,173.5678277091418,166.34654865134516,166.5246002673459,91070300,0.04327091568561037,7.18170166015625,7.221279057796636,6.627743482654097,168.26958618164062,168.101416015625,169.697518157959,175.28961791992188,0.01652343733995467,169.80638954316356,6.1529083251953125,1.711334228515625,3.8677978515625,0.8320575827863197,52536740.0,-0.011139424310798729,0.007242532820645575,-0.006663335074929888,-0.004892309544345164,0.03684388698407193,0.009982058745992006,0.02284790871508724,1.0290174694022758,1.02035872786793,0.9878071833615482,57.210229232213614,0.00858958844604317
174.64605712890625,176.43653535919364,172.33129571828837,172.3807444342083,101670900,0.008626584812867932,1.49371337890625,4.105239640905268,2.26531269469794,169.64855346679687,168.6029479980469,169.87310333251952,175.1389599609375,0.01646048081780617,170.26731026561527,6.89483642578125,5.01531982421875,3.5117034912109375,0.1164001875474221,64449960.0,0.04327091568561037,-0.011139424310798729,0.007242532820645575,0.004501723472345676,0.04110155739482391,0.02956610284143446,0.020520155167941923,1.0294579798058077,1.0280971719639682,0.9971856471447518,58.19577971525277,-0.022106051434352063
170.8276824951172,174.72519524382946,170.6397290741028,173.46888692512982,73531800,-0.021863503227964154,-3.8183746337890625,4.085466169726658,-2.6412044300126354,170.48740234375,168.86607818603517,169.8765655517578,174.86332763671874,0.017239600581305647,170.32067904937736,4.194244384765625,2.6313018798828125,0.069244384765625,-0.2767665084109613,71671220.0,0.008626584812867932,0.04327091568561037,-0.011139424310798729,-0.006663335074929888,0.025170484581780173,0.01564422415189881,0.0004055107643985423,1.0019959254859259,1.0055988708052235,0.9769211463824727,53.23029660971049,-0.019353293973412372
167.5533905029297,171.88614579113815,166.45536027289515,169.8978273072319,73711200,-0.01916722128616999,-3.2742919921875,5.430785518242999,-2.3444368043022052,170.43002319335938,168.91949615478515,169.66190567016602,174.5421664428711,0.017695185731141608,170.05712775923948,-0.286895751953125,0.5341796875,-4.2931976318359375,0.002439760756570708,77938700.0,-0.021863503227964154,0.008626584812867932,0.04327091568561037,0.007242532820645575,-0.0017093378375049317,0.003198312846121043,-0.0249827341842197,0.9831213266504926,0.9875722534241986,0.9599593835554409,49.461628546595875,-0.008180606285960568
166.18829345703125,168.8097099054139,166.18829345703125,167.78093187309736,50901200,-0.008147236184245177,-1.3650970458984375,2.6214164483826607,-1.5926384160661087,170.4735534667969,168.75627899169922,169.26226348876952,174.15754333496093,0.01740990059518082,169.68866734950535,0.2176513671875,-1.632171630859375,-7.9928436279296875,-0.3094509382563301,78177080.0,-0.01916722128616999,-0.021863503227964154,0.008626584812867932,-0.011139424310798729,0.0013113847391739153,-0.00972570079581525,-0.0458881125803593,0.9748626111052453,0.9818390114348068,0.9542411443953234,40.66128078390095,-0.005730850954022779
165.23861694335938,166.8213684176903,164.75391081370103,166.21794611620325,43122900,-0.005714460952193523,-0.949676513671875,2.0674576039892827,-0.979329172843876,168.89080810546875,168.5801971435547,168.6870330810547,173.72191680908202,0.016958872312926233,169.26485302511048,-7.913726806640625,-1.7608184814453125,-11.504608154296875,-0.152811721531123,68587600.0,-0.008147236184245177,-0.01916722128616999,-0.021863503227964154,0.04327091568561037,-0.04570383880027973,-0.010543858887703594,-0.06509221582858526,0.9783754296454745,0.9795573134774482,0.9511673597578038,41.94482534743017,-0.012287861552628973
163.22061157226562,164.60550769336635,162.31053482208006,164.41756936525925,68149400,-0.012212674061448214,-2.01800537109375,2.2949728712862907,-1.1969577929936293,166.60571899414063,168.12713623046875,168.37196731567383,173.24375671386719,0.014668115596698814,168.6892109819824,-11.425445556640625,-4.530609130859375,-6.3013153076171875,0.5803528983440354,61883300.0,-0.005714460952193523,-0.008147236184245177,-0.01916722128616999,0.008626584812867932,-0.06542057544538493,-0.027007905587032033,-0.03717109298835464,0.9796819254326194,0.969404908515738,0.9421442634832955,41.065678871634134,0.00507812735270062
164.05157470703125,165.4562595890904,162.993121456103,163.73503344203667,48116400,0.005091042894406206,0.830963134765625,2.463138132987382,0.31654126499458357,165.25049743652343,167.86894989013672,168.05344009399414,172.80375335693358,0.014662612517519708,168.24753133674895,-6.7761077880859375,-2.5818634033203125,-6.37054443359375,-0.29395710013587795,56800220.0,-0.012212674061448214,-0.005714460952193523,-0.008147236184245177,-0.021863503227964154,-0.0396663332845929,-0.015494269533168348,-0.037380971822894904,0.9927448162148333,0.9761869475285683,0.9493519181158969,44.60433091728067,0.006371176538247041
165.10011291503906,165.24850434331734,163.1414698344962,163.5668404824781,49537800,0.006391515655246316,1.0485382080078125,2.1070345088211297,1.533272432560949,164.7598419189453,167.59493255615234,167.8580680847168,172.3694873046875,0.01468792944080633,167.947777201348,-2.453277587890625,-2.74017333984375,-3.907440185546875,0.02954086340623996,51965540.0,0.005091042894406206,-0.012212674061448214,-0.005714460952193523,-0.01916722128616999,-0.01464176630820091,-0.016326076420547286,-0.023119914547377274,1.0020652544462938,0.9835697193399974,0.9578267911373503,45.09801441551821,0.012622403016676649
167.19728088378906,167.47426013692973,164.41758653276062,164.74401450706145,48251800,0.012702401783511785,2.09716796875,3.056673604169106,2.453266376727612,164.96163940429688,167.71759643554688,167.82393951416014,172.0107977294922,0.014935650135485652,167.8763013615805,1.0089874267578125,1.2266387939453125,-0.6825714111328125,-0.025959973999652775,51435660.0,0.006391515655246316,0.005091042894406206,-0.012212674061448214,-0.008147236184245177,0.006071350789932151,0.007390697405877944,-0.004065832807225167,1.013552493098186,0.9962659759258112,0.972016193696904,50.34083560714793,0.005133985707492971
168.05787658691406,168.77011319134087,166.33663561051003,167.70175828470067,50558300,0.005147187194528335,0.860595703125,2.4334775808308393,0.3561183022133889,165.5254913330078,167.2081497192383,167.65478286743163,171.71106536865236,0.01413997672315909,167.8935942401837,2.8192596435546875,-5.0944671630859375,-3.3831329345703125,0.04780132554640448,52922740.0,0.012702401783511785,0.006391515655246316,0.005091042894406206,-0.005714460952193523,0.01706174800846383,-0.02942187817244568,-0.019733510342788474,1.0152990650171916,1.0024043079033491,0.9787247911257487,50.52631413545105,-0.003478765171717093
167.47425842285156,169.49225225997063,167.35554224826544,168.04800546826704,44838400,-0.0034727212786166417,-0.5836181640625,2.1367100117051905,-0.5737470454154732,166.376220703125,166.4909698486328,167.54695892333984,171.41726776123048,0.013973054531117923,167.85365749567586,4.2536468505859375,-7.1717987060546875,-2.1564788818359375,-0.11313473752084224,48260540.0,0.005147187194528335,0.012702401783511785,0.006391515655246316,-0.012212674061448214,0.02606072118963132,-0.04106476163250106,-0.012712783756651969,1.006599727503643,0.9995660888090392,0.9769975954588707,51.47005624757899,0.02450523252756165
171.6289520263672,174.1316669492416,171.2332717193323,171.50034913417457,68169400,0.024807953429031082,4.154693603515625,2.898395229909312,0.12860289219261745,167.89169616699218,166.57109680175782,167.71858749389648,171.21230194091797,0.014929190710098779,168.2132093557417,7.5773773193359375,0.80126953125,3.4325714111328125,0.5203352483585497,52271140.0,-0.0034727212786166417,0.005147187194528335,0.012702401783511785,0.005091042894406206,0.04618899472844351,0.00469051338487203,0.02040811697955114,1.022259920798333,1.023315033777118,1.0024335289037407,56.00497048472384,-0.0184398018777864
168.49314880371094,173.10289859543835,168.1667057400835,171.46079655206535,65934800,-0.018270828934354277,-3.13580322265625,4.936192855354847,-2.967647748354409,168.57030334472657,166.66507263183593,167.79228439331055,170.97528594970703,0.015455141289774226,168.23987025554828,3.393035888671875,0.93975830078125,1.47393798828125,-0.03278010368288409,55550540.0,0.024807953429031082,-0.0034727212786166417,0.005147187194528335,0.006391515655246316,0.020551384422238028,0.005608709546016666,0.008824960799929116,0.9995423005150685,1.0041769763903896,0.9854824799256297,53.84385014204447,-0.0060654306497753075
167.47425842285156,170.84748833564953,167.28630498280754,167.75123767315736,50383100,-0.0060470730596076105,-1.018890380859375,3.5611833528419936,-0.27697925030579995,168.62569885253907,166.79366912841797,167.77497406005858,170.73273040771485,0.01548854588977898,168.16695484291049,0.2769775390625,1.2859649658203125,-0.3462066650390625,-0.23586482403829234,55976800.0,-0.018270828934354277,0.024807953429031082,-0.0034727212786166417,0.012702401783511785,0.0016565911694161883,0.007737999705453413,-0.002062958560255179,0.9931716195246465,0.998207625190278,0.9809147784547113,39.34670371606708,0.021792778824069485
171.16404724121094,171.54984088638673,169.04712555589578,170.649650682897,94214900,0.022031975857705444,3.689788818359375,2.5027153304909575,0.5143965583139334,169.24693298339844,167.38621215820314,167.98320465087892,170.5489340209961,0.016194084349148395,168.4523922141772,3.106170654296875,5.9254302978515625,4.16461181640625,0.8699702876559798,64708120.0,-0.0060470730596076105,-0.018270828934354277,0.024807953429031082,0.005147187194528335,0.018482743667717738,0.03585983959114514,0.024937879615057,1.0113273205252147,1.0189354798709953,1.0036066670468848,43.96438038339649,0.05809552541211414
181.40243530273438,184.98339240032777,180.69019857365393,184.63716076188317,163224100,0.05981623025713523,10.238388061523438,4.293193826673843,-3.234725459148791,172.032568359375,169.20439453125,168.66576538085937,170.52934844970704,0.020821879806733737,169.68572965118264,13.928176879882812,18.18182373046875,13.651214599609375,0.732465883846398,88385260.0,0.022031975857705444,-0.0060470730596076105,-0.018270828934354277,-0.0034727212786166417,0.08316607585576463,0.11139416496070886,0.08137773628347178,1.0544656574782152,1.0755142568091083,1.0637607951468486,64.99304894812607,-0.009148504255834005
179.7504425048828,182.2135806366563,178.47434543693257,180.383540128798,78569700,-0.009106784013646951,-1.6519927978515625,3.739235199723737,-0.6330976239151767,173.65686645507813,170.77428131103517,169.32161560058594,170.51332336425781,0.020895528569197838,170.64427373248742,8.121490478515625,15.698867797851562,13.11700439453125,-0.5186390980253528,90465320.0,0.05981623025713523,0.022031975857705444,-0.0060470730596076105,0.024807953429031082,0.04732004934265355,0.09569470958073478,0.07871772042442426,1.035089750115818,1.061591822563857,1.05417241866134,68.12705853752786,0.003789967341422025
180.4329833984375,182.90602327557747,179.36464345444207,181.4716631656838,77305800,0.0037971583493383587,0.6825408935546875,3.5413798211353935,-1.0386797672462933,176.04483337402343,172.307568359375,169.95125045776368,170.53785552978516,0.02088158100955662,171.57653179591122,11.939834594726562,15.332870483398438,12.592697143554688,-0.016086353899785744,92739520.0,-0.009106784013646951,0.05981623025713523,0.022031975857705444,-0.018270828934354277,0.07086243375174917,0.09287013929111465,0.07502785787931376,1.0249263209848996,1.0616749386217594,1.0580230579182117,71.60862178314993,0.001862220036648566
180.76930236816406,181.09574539643793,179.49320552179933,180.878116710922,45057100,0.0018639550452030917,0.3363189697265625,1.6025398746386088,-0.10881434275793822,178.70384216308594,173.6647705078125,170.6911834716797,170.54003173828124,0.020591480134269504,172.4520337551734,13.2950439453125,13.572021484375,14.798660278320312,-0.417157574205299,91674320.0,0.0037971583493383587,-0.009106784013646951,0.05981623025713523,-0.0060470730596076105,0.07938559675089985,0.08117369739887259,0.08916432503954197,1.0115580067002319,1.059042996196441,1.0599816390651384,74.00615025239243,0.009964624505205945
182.57960510253906,182.6686309202814,180.1461270912472,180.59127127419717,48983000,0.010014436691734518,1.810302734375,2.522503829034207,1.9883338283418936,180.98695373535156,175.116943359375,171.16254653930665,170.60235260009765,0.018533869937041134,173.4165643596844,11.415557861328125,14.521728515625,9.427261352539062,0.08713166182466248,82627940.0,0.0018639550452030917,0.0037971583493383587,-0.009106784013646951,0.022031975857705444,0.06669366637049001,0.08640909197799385,0.054444896028380096,1.008799813104299,1.066703018820829,1.070205670202666,80.11703930254983,-0.00691413597846292
181.3215789794922,183.34230991411323,180.4102677646858,183.15410154420678,50759500,-0.00689028833390426,-1.258026123046875,2.932042149427417,-1.8325225647145942,180.9707824707031,176.50167541503907,171.49632263183594,170.65276885986327,0.018602409412522437,174.1694228949042,-0.0808563232421875,13.847320556640625,6.6755218505859375,0.036267684706939196,60135020.0,0.010014436691734518,0.0018639550452030917,0.0037971583493383587,0.05981623025713523,-0.00044572898432837516,0.08268327734091452,0.03822314663341486,1.0019384151629331,1.0572913529390882,1.0625176502608635,76.51484873885401,0.017491618853639517
184.52108764648438,185.33335221774516,182.8767582325011,183.68902280376187,72044800,0.017645493079199603,3.1995086669921875,2.4565939852440692,0.8320648427225024,181.92491149902344,177.79088897705077,172.1809928894043,170.7887399291992,0.018019234324677735,175.155295728388,4.7706451416015625,12.892135620117188,13.693405151367188,0.4193362818782691,58830040.0,-0.00689028833390426,0.010014436691734518,0.0018639550452030917,-0.009106784013646951,0.026540380513789152,0.07511632197192797,0.08015916947043156,1.0142705917846488,1.071669320463301,1.080405463047376,77.96989787957833,0.006154543360653008
185.6602325439453,186.52202806777518,184.5309973091758,185.73947897801656,52393600,0.006173521476544597,1.1391448974609375,1.9910307585993792,-0.07924643407125131,182.970361328125,179.50759735107422,173.0863349914551,171.0377102661133,0.01717456810206507,176.15576590129822,5.2272491455078125,17.167083740234375,18.106842041015625,-0.27276361375144353,53847600.0,0.017645493079199603,-0.00689028833390426,0.010014436691734518,0.0037971583493383587,0.028970585350045708,0.10188594528691186,0.10806610350686419,1.0147011308077187,1.072645235414517,1.0854929726028324,77.34473235795286,0.012143828916661175
187.92860412597656,188.84981551266446,185.60078753373725,186.13569714479723,70400000,0.012217864595716943,2.26837158203125,3.2490279789272165,1.7929069811793283,184.4022216796875,181.55303192138672,174.17335052490233,171.4305743408203,0.016938610609289483,177.27698858936282,7.1593017578125,20.454345703125,21.740310668945312,0.3436755634275943,58916180.0,0.006173521476544597,0.017645493079199603,-0.00689028833390426,0.0018639550452030917,0.03960463233537026,0.12213426645831338,0.1308173410816471,1.0191233186572692,1.0789745018949244,1.0962373826757217,78.2516390206228,0.0006322248937624875
188.04745483398438,189.29556710780693,187.86916171755817,188.67151097089564,52845200,0.0006324247900448832,0.1188507080078125,1.4264053902487603,-0.624056136911264,185.49579162597655,183.24137268066406,175.31379241943358,171.84559997558594,0.016760201908804076,178.30274727932675,5.4678497314453125,16.883407592773438,22.808837890625,-0.2493579545454545,59688620.0,0.012217864595716943,0.006173521476544597,0.017645493079199603,0.010014436691734518,0.029947757463789637,0.0986387495791139,0.1380357589076373,1.013755908884191,1.0726335460480247,1.0942814646444263,79.64213587562784,0.00015813576706591182
188.0771942138672,189.00832091255782,187.39370695143634,187.72059282106466,41282900,0.00015814827118543207,0.0297393798828125,1.6146139611214778,0.35660139280253134,186.84691467285157,183.90884857177736,176.55662155151367,172.26359466552734,0.016249210811926054,179.23364698737822,6.755615234375,6.6747589111328125,24.856582641601562,-0.21879565220682295,57793300.0,0.0006324247900448832,0.012217864595716943,0.006173521476544597,-0.00689028833390426,0.03725764617976912,0.0367953103826506,0.15228825821790504,1.0065844252401475,1.065251433569101,1.0917988480331207,76.89584208693083,0.006143032359647086
189.23611450195312,190.10781001398533,187.22528381236822,187.54226949481966,44361300,0.006161939478787071,1.1589202880859375,2.882526201617111,1.6938450071334614,187.7899200439453,184.85741577148437,177.81584854125975,172.67054107666016,0.016243536960960033,180.18626294114728,4.71502685546875,9.485671997070312,25.184539794921875,0.07456840483590055,52256600.0,0.00015814827118543207,0.0006324247900448832,0.012217864595716943,0.017645493079199603,0.02555278052827248,0.052771341560467366,0.15351598934601673,1.0077011293133806,1.0642252423188445,1.0959374617233544,86.26293160248636,0.006833758524257379
190.5337371826172,190.91013874673692,189.11723212761945,189.28562508532966,42309400,0.006857161932748657,1.2976226806640625,1.792906619117474,1.2481120972875317,188.76462097167968,185.86749114990235,179.08752975463867,173.06347473144533,0.0162425169609498,181.1717366784301,4.873504638671875,10.100753784179688,25.433624267578125,-0.04625428019467415,50239760.0,0.006161939478787071,0.00015814827118543207,0.0006324247900448832,0.006173521476544597,0.02624958814224443,0.05598063942596854,0.15404970849817845,1.009372075136913,1.063914039373152,1.1009471379115765,89.92358853838643,-0.007566744611343778
189.0974578857422,190.99934196064652,188.47341681604038,190.45453220558076,34648500,-0.007538188869399054,-1.436279296875,2.525925144606134,-1.3570743198385742,188.9983917236328,186.70030670166017,180.18253860473632,173.41818603515625,0.016517224991331125,181.92656726960269,1.168853759765625,8.328155517578125,21.900177001953125,-0.18106850959833987,43089460.0,0.006857161932748657,0.006161939478787071,0.00015814827118543207,0.012217864595716943,0.006219669247274906,0.04607062929643102,0.1309840500167876,1.0005241640482012,1.0494771543904284,1.0904130772501988,83.67649266860826,-0.021283105955415695
185.1154022216797,189.1964945447871,184.86776283091424,189.17667916140735,51005900,-0.02105821891306736,-3.9820556640625,4.328731713872855,-4.061276939727662,188.41198120117187,186.95388641357422,181.0354148864746,173.7348031616211,0.01761632252787676,182.23026583646717,-2.9320526123046875,2.535797119140625,17.057525634765625,0.4720954731085041,42721600.0,-0.007538188869399054,0.006857161932748657,0.006161939478787071,0.0006324247900448832,-0.01559208878893481,0.013888720581449965,0.10149792429362292,0.9825033474067005,1.022536956858765,1.0655055800735072,59.11395733313757,0.016452082362469075
188.18612670898438,188.7804673088457,186.26444256610336,187.0370913918068,36327000,0.01658816311582445,3.0707244873046875,2.5160247427423315,1.149035317177578,188.43376770019532,187.64034118652344,182.07100830078124,174.07583862304688,0.017680127212358752,182.79749068146882,0.1089324951171875,6.8645477294921875,20.711868286132812,-0.28778827547401375,41730420.0,-0.02105821891306736,-0.007538188869399054,0.006857161932748657,0.00015814827118543207,0.0005791903456051628,0.03785841579434179,0.1236719510280675,0.998685792922185,1.0335864477561467,1.0810582801010808,69.35819458304883,5.2783962833462427e-05
188.19606018066406,191.17763337385156,187.31446444482384,189.70169698060212,52280100,5.2785355931339595e-05,0.0099334716796875,3.8631689290277222,-1.5056367999380598,188.2257568359375,188.0078384399414,182.89936370849608,174.42459106445312,0.017152231032988765,183.31164015758264,-1.0400543212890625,3.6749725341796875,16.567108154296875,0.4391526963415642,43314180.0,0.01658816311582445,-0.02105821891306736,-0.007538188869399054,0.006161939478787071,-0.005496066773651331,0.01991627396658524,0.09652863318626848,0.9998422285250828,1.0289596221920696,1.078953713075481,68.38215262547467,0.0015776914475119023
188.4932098388672,190.43470949642946,187.72057607583483,187.81963788738682,53068000,0.001578936657429919,0.297149658203125,2.714133420594635,0.6735719514803691,187.8176513671875,188.2911361694336,183.8993667602539,174.75752349853516,0.01630301832742753,183.80512298437165,-2.04052734375,2.832977294921875,20.00006103515625,0.015070743935072795,45465900.0,5.2785355931339595e-05,0.01658816311582445,-0.02105821891306736,0.006857161932748657,-0.010709532988345538,0.015258934323759021,0.11869955055831771,1.0035968848868149,1.0249802006365916,1.0785985407972845,68.32339326334018,0.005241281481269509
189.48374938964844,190.365345015264,188.82999288588945,188.95875509095092,49889100,0.005255041025764351,0.99053955078125,1.5353521293745587,0.5249942986975213,187.89490966796876,188.44665069580077,184.99984130859374,175.0635757446289,0.016066840325780915,184.34594454677898,0.38629150390625,1.555145263671875,22.009490966796875,-0.05990238938720127,48514020.0,0.001578936657429919,5.2785355931339595e-05,0.01658816311582445,-0.007538188869399054,0.002042817012059661,0.008275191905482426,0.13142014285697368,1.0084560019453819,1.0242373617692742,1.082371067674607,67.04149134423157,0.0050061281328925575
190.43470764160156,190.7516933437122,188.11680637508078,189.63235836586054,75158300,0.005018679728558739,0.950958251953125,2.634886968631406,0.8023492757410224,188.95877075195312,188.6853759765625,185.96337432861327,175.3374053955078,0.01563536178987206,184.92582674628588,5.319305419921875,2.3872528076171875,19.270660400390625,0.5065074334874753,53344500.0,0.005255041025764351,0.001578936657429919,5.2785355931339595e-05,-0.02105821891306736,0.028735077449427493,0.012694948781544202,0.11258591223444059,1.0078108937932597,1.0240441610028383,1.0861042868293782,72.84015205402966,0.00921613097722523
192.19789123535156,193.14883318833753,190.7021546904014,191.07855630297723,50080500,0.009258730278664862,1.76318359375,2.446678497936148,1.1193349323743291,189.76112365722656,189.09744567871093,186.50314712524414,175.79092468261717,0.009110572846390422,185.6184043166731,4.0117645263671875,4.120697021484375,10.795455932617188,-0.3336664081013009,56095200.0,0.005018679728558739,0.005255041025764351,0.001578936657429919,0.01658816311582445,0.021318067365141413,0.02190960492955152,0.059511086025946236,1.0128412370835589,1.0305343057095073,1.0933322728824395,70.73301799473997,0.0016478315013143125
192.51486206054688,193.47570407411885,191.207318865485,192.80211709386347,47471400,0.0016491899216894979,0.3169708251953125,2.2683852086338447,-0.2872550333165975,190.62488403320313,189.42532043457032,187.14136810302733,176.23277954101562,0.008669161588827348,186.27520981608964,4.3188018798828125,3.27874755859375,12.764419555664062,-0.05209812202354214,55133460.0,0.009258730278664862,0.005018679728558739,0.005255041025764351,5.2785355931339595e-05,0.02294841813232895,0.017326225320272615,0.07101189503506977,1.0099146448635454,1.028713554955745,1.092389636944595,69.37288309555578,0.007790507593110325
194.0205078125,195.04078090785526,193.02995023528447,193.55494454203196,54156800,0.007820932554701177,1.505645751953125,2.0108306725707905,0.4655632704680386,191.7303436279297,189.77399749755858,187.82074432373048,176.7330386352539,0.008723628146410117,187.0128572443192,5.5272979736328125,3.4867706298828125,13.5875244140625,0.14083005767683288,55351220.0,0.0016491899216894979,0.009258730278664862,0.005018679728558739,0.001578936657429919,0.029323591965767948,0.018300017001928293,0.07530510308117067,1.0119447143380422,1.0330089389811146,1.0978168502660355,67.99296215807922,-0.007121694959354569
192.64366149902344,194.64459232913165,192.33659102362645,193.84224299284628,41181800,-0.00709639578310528,-1.3768463134765625,2.3080013055052007,-1.198581493822843,192.3623260498047,190.1286178588867,188.41446228027343,177.22831481933594,0.009045573370801854,187.54912431619582,3.159912109375,3.54620361328125,11.874359130859375,-0.23958210233987232,53609760.0,0.007820932554701177,0.0016491899216894979,0.009258730278664862,0.005255041025764351,0.01667642802907099,0.01875331193200891,0.06568791811053987,1.001462528838136,1.0224462558105487,1.0869801571797468,62.63626638699528,0.012315833775728915
195.03089904785156,195.08042995429523,192.3068654552658,192.8120444256859,53103900,0.012391985961293761,2.387237548828125,2.773564499029419,2.218854622165651,193.28156433105468,191.12016754150392,189.03702697753906,177.70011260986328,0.009154464006357088,188.26167429063923,4.59619140625,9.915496826171875,12.4512939453125,0.2894992448120286,49198880.0,-0.00709639578310528,0.007820932554701177,0.0016491899216894979,0.005018679728558739,0.024135261177810285,0.05356386722644424,0.0681965213930642,1.0090507065319514,1.031707397043568,1.097528280559043,66.92387564840728,-0.01933353584353417
191.29647827148438,195.4370168860641,190.3356361933404,195.04078477848907,97010200,-0.019147841673287536,-3.7344207763671875,5.101380692723694,-3.744306507004694,193.10128173828124,191.43120269775392,189.53577194213867,178.13342742919923,0.01022357273723623,188.55070324119592,-0.9014129638671875,3.1103515625,9.974899291992188,0.826799914883841,58584820.0,0.012391985961293761,-0.00709639578310528,0.007820932554701177,0.009258730278664862,-0.0046900252550814425,0.016528059835728026,0.0550122017916046,0.9906535914699779,1.009289572682265,1.0738943332099582,54.45588728348879,0.07013148183265643
205.1940155029297,205.2039307530545,191.80168667352532,191.82148694435384,172373300,0.07264920586631085,13.897537231445312,13.402244079529169,13.372528558575851,195.63711242675782,193.13099822998046,190.56941833496094,178.87338012695312,0.018497152548922112,190.1357805994563,12.679153442382812,16.997955322265625,20.672927856445312,0.7768574850891967,83565200.0,-0.019147841673287536,0.012391985961293761,-0.00709639578310528,0.0016491899216894979,0.06586064736339758,0.09032046316988773,0.11203558422575344,1.0488501540307171,1.0767415742554418,1.1471467434522444,70.52140362388675,0.028177600575096405
211.05812072753906,218.1207863262847,204.94636687125956,205.41193016487838,198134300,0.02857834430617512,5.864105224609375,13.174419455025145,5.646190562660678,199.0446350097656,195.38748931884766,191.8393127441406,179.7541583251953,0.01920615061894455,192.12838442117845,17.037612915039062,22.564910888671875,25.39788818359375,0.14944889956855256,112360700.0,0.07264920586631085,-0.019147841673287536,0.012391985961293761,0.007820932554701177,0.08781346419062097,0.11971206234941523,0.1367976751703257,1.0603557373811359,1.1001818016781102,1.1741487523515945,77.35010607754798,0.005476123916850362
212.21707153320312,214.70336573665497,209.60200000148347,212.71235034689784,97862700,0.005491145290543953,1.1589508056640625,5.101365735171498,-0.4952788136947106,202.95931701660157,197.66082153320312,193.05373611450196,180.64209045410155,0.019161466762649213,194.04159271756177,19.573410034179688,22.733322143554688,24.288467407226562,-0.5060789575555571,123696880.0,0.02857834430617512,0.07264920586631085,-0.019147841673287536,-0.00709639578310528,0.10160422555236215,0.11997504913630674,0.12924305759726162,1.0456138434671827,1.0992642556647296,1.1747930451852489,86.30575709124685,-0.008201875499715489
210.48361206054688,213.13829945342002,209.30484597389386,211.8307711431916,70122700,-0.00816833188834687,-1.73345947265625,3.833453479526156,-1.3471590826447368,206.04985961914062,199.66571197509765,194.17554397583007,181.5117739868164,0.01939723090732443,195.60749932165558,15.452713012695312,20.048904418945312,22.4361572265625,-0.2834583554306186,127100640.0,0.005491145290543953,0.02857834430617512,0.07264920586631085,0.012391985961293761,0.07923212725848083,0.10527967652134818,0.11931114540406851,1.0215178619854512,1.0839862103682159,1.1596140979583769,80.97996981055273,0.01948046914005253
214.62413024902344,216.88260054537645,210.71143044440285,211.35528688913016,93728300,0.019671451605864254,4.1405181884765625,6.1711701009735975,3.268843359893282,210.71539001464845,201.90833587646483,195.50289077758788,182.4492321777344,0.01958701043426707,197.41860702902395,23.327651977539062,22.426239013671875,26.54693603515625,0.3366327879559685,126444260.0,-0.00816833188834687,0.005491145290543953,0.02857834430617512,-0.019147841673287536,0.12194501534122804,0.116683064884465,0.1411491496676045,1.0185498564395474,1.097805405308245,1.1763498683291012,82.93831219462471,-0.011045227635183438
212.2666015625,216.56563344094587,210.9887887879192,215.53544497511416,79943300,-0.010984453070528755,-2.3575286865234375,5.576844653026683,-3.26884341261416,212.1299072265625,203.88350982666014,196.65441513061523,183.36189544677734,0.019987592889428116,198.83270174649783,7.0725860595703125,19.751739501953125,23.030487060546875,-0.14707404273842584,107958260.0,0.019671451605864254,-0.00816833188834687,0.005491145290543953,0.07264920586631085,0.034467798888946355,0.10259851780036122,0.12170238815756895,1.0006443897408182,1.07938894441559,1.1576374744888724,78.18228322343299,-0.021747735239709246
207.7001190185547,212.2170745602359,206.87796947703916,211.90998899500866,86172500,-0.021512958281384442,-4.5664825439453125,5.339105083196728,-4.209869976453973,211.45830688476562,205.25147094726563,197.51273422241212,184.15909210205078,0.020904982913190557,199.67721767716992,-3.358001708984375,13.679611206054688,17.1663818359375,0.07792022596014925,85565900.0,-0.010984453070528755,0.019671451605864254,-0.00816833188834687,0.02857834430617512,-0.015910317486998338,0.07050600660871664,0.09009628473032238,0.982227286685602,1.0515783695479144,1.1278298380373137,69.90692754168384,-0.010499366394705027
205.5308074951172,209.88925500861833,205.1543907600995,208.40341856791886,241805100,-0.0104444404446572,-2.1693115234375,4.734864248518846,-2.872611072801675,210.12105407714844,206.540185546875,198.33440170288085,184.95029541015626,0.0210031184223891,200.23470242173633,-6.6862640380859375,12.88714599609375,16.433349609375,1.8060587774522032,114354380.0,-0.021512958281384442,-0.010984453070528755,0.019671451605864254,0.005491145290543953,-0.03150672087678774,0.0668962887011939,0.08690412760231014,0.978154275866397,1.0362842034989828,1.1112759081531631,66.06918596529982,0.0031276977963470265
206.17465209960938,210.69159220230495,204.63928484253907,205.75861973380415,80727000,0.0031325941465367713,0.6438446044921875,6.0523073597658765,0.41603236580522207,209.25926208496094,207.6545608520508,199.38736419677736,185.61074157714845,0.02013990725897504,200.80041191486708,-4.3089599609375,11.143753051757812,21.059249877929688,-0.6661484807392399,116475240.0,-0.0104444404446572,-0.021512958281384442,-0.010984453070528755,-0.00816833188834687,-0.020471712352114202,0.05713839758808503,0.11376281835646918,0.985259386109757,1.034040712309801,1.1107905197066066,65.24088248536695,0.0044582692028555596
207.09588623046875,209.38407188516823,206.64022308060072,207.1751175381149,55549700,0.004468222070355576,0.921234130859375,2.743848804567506,-0.07923130764615394,207.75361328125,209.23450164794923,200.33285217285157,186.25973815917968,0.019973185550609625,201.39998089730534,-7.5282440185546875,15.799407958984375,18.909759521484375,-0.31188202212394867,108839520.0,0.0031325941465367713,-0.0104444404446572,-0.021512958281384442,0.019671451605864254,-0.03507641013999607,0.08259121182859497,0.10048434415533136,0.9968341005463484,1.0337589865279904,1.1118660869880654,65.69299096699945,0.01979600186861469
211.2364044189453,212.8312027309874,208.65104852463386,209.5029286499739,66213200,0.019993242086270735,4.1405181884765625,4.180154206353535,1.7334757689714024,207.54757385253907,209.83874053955077,201.48486938476563,187.06791259765626,0.020210404185676073,202.3367831374615,-1.0301971435546875,6.042388916015625,23.04034423828125,0.19196323292475026,106093500.0,0.004468222070355576,0.0031325941465367713,-0.0104444404446572,-0.010984453070528755,-0.004853317177414551,0.029447198551116438,0.12242734633319641,1.0177734217651089,1.0483983490371065,1.129196351665453,67.53432155541941,0.003978109631669162
212.07839965820312,213.70291360533915,210.34492376459474,212.66282504623206,49772700,0.003986032812733686,0.8419952392578125,3.357989840744409,-0.584425388028933,208.42322998046876,209.94076843261718,202.66412887573242,187.9584127807617,0.020189971925906665,203.2645561394369,4.3782806396484375,1.0202789306640625,23.585189819335938,-0.2482964121957555,98813540.0,0.019993242086270735,0.004468222070355576,0.0031325941465367713,-0.021512958281384442,0.021079817673370194,0.004834113594620604,0.12512487765207925,1.0175372470625126,1.0464525756713625,1.1283261893979464,70.01223351719747,-0.016387720308339297
208.63124084472656,214.0297919592074,208.31427026634478,213.7326216506115,82542700,-0.0162541721317786,-3.4471588134765625,5.715521692862609,-5.101380805884929,209.04331665039064,209.58218536376953,203.62150344848632,188.80727172851562,0.020800998740661183,203.7756689685121,3.100433349609375,-3.5858306884765625,19.147491455078125,0.6583930548272448,66961060.0,0.003986032812733686,0.019993242086270735,0.004468222070355576,-0.0104444404446572,0.015085005442228017,-0.016896994490452788,0.10105083690160588,0.9980287539813902,1.0246031843955403,1.104995792453988,63.70530651006364,0.02868910136995925
214.703369140625,215.4561875080808,209.91897391071575,210.0873668962765,60402900,0.029104597524862497,6.0721282958984375,5.537213597365053,4.616002244348493,210.74906005859376,210.00416107177733,204.8349365234375,189.79656677246095,0.021486552742941124,204.81640231823712,8.528717041015625,4.219757080078125,24.268661499023438,-0.2682223867162087,62896240.0,-0.0162541721317786,0.003986032812733686,0.019993242086270735,0.0031325941465367713,0.04136646747872352,0.020047912703361925,0.12743822698904816,1.0187631161008825,1.0481774876135856,1.131228940500403,72.52621803584708,0.016109346478869614
218.1901092529297,218.29907118476316,213.06892868617263,214.109001990837,58046200,0.016239801574892576,3.4867401123046875,5.2301424985905385,4.081107262092701,212.96790466308593,210.36075897216796,206.1345474243164,190.89595672607422,0.021594787624153476,206.09008869296974,11.094223022460938,3.56597900390625,25.992218017578125,-0.03901633861950338,63395540.0,0.029104597524862497,-0.0162541721317786,0.003986032812733686,0.004468222070355576,0.05357046547083333,0.016614995712591618,0.13523674921984408,1.0245210873352266,1.0584839464284344,1.14297920707677,65.64136976580699,0.005794301342736092
219.45803833007812,219.45803833007812,216.96182895702523,217.92267103394255,37369800,0.0058111207766922135,1.2679290771484375,2.496209373052892,1.5353672961355755,214.6122314453125,211.07990264892578,207.48170623779296,192.00408599853515,0.02156481986044276,207.36322675364673,8.221633911132812,7.191436767578125,26.94317626953125,-0.35620591873369833,57626860.0,0.016239801574892576,0.029104597524862497,-0.0162541721317786,0.019993242086270735,0.03892148199430068,0.033879266519752926,0.13995374684920425,1.0225793602355813,1.057722352054302,1.1429862921341811,61.36727717847157,0.021390042929249363
224.20281982421875,224.3117817727132,219.55710192478037,219.55710192478037,60412400,0.021620449769099714,4.744781494140625,4.7546798479328345,4.645717899438381,217.03711547851563,212.73017272949218,208.9908218383789,193.18614013671876,0.021818922525102778,208.96699752227264,12.124420166015625,16.502700805664062,30.18231201171875,0.6166102039614876,59754800.0,0.0058111207766922135,0.016239801574892576,0.029104597524862497,0.003986032812733686,0.057169519317177064,0.07945446003422751,0.15556248332720957,1.033016031981002,1.0727878758120961,1.1605533381719275,64.78494299829995,0.006517588064596643
225.66885375976562,225.69856928044194,221.14199799041046,224.9457357840812,59085900,0.006538873760357999,1.466033935546875,4.556571290031485,0.7231179756844313,220.44463806152345,214.74397735595704,210.642081451416,194.35557159423828,0.02155098799830656,210.55765049727196,17.037612915039062,20.138046264648438,33.02519226074219,-0.02195741271659457,55063440.0,0.021620449769099714,0.0058111207766922135,0.016239801574892576,-0.0162541721317786,0.0816637663949824,0.09798067019771173,0.17143150209958824,1.023698538300506,1.0713379406660273,1.1611133753906524,68.85606274768975,0.0037677502103775477
226.52072143554688,227.23392416937492,224.23253562897796,225.77780318070188,48076100,0.003774857104064999,0.85186767578125,3.0013885403969596,0.7429182548449944,222.8081085205078,216.7785842895508,212.2165725708008,195.52482849121094,0.021548028785157745,212.07794296758385,11.817352294921875,20.3460693359375,31.489822387695312,-0.18633548782366016,52598080.0,0.006538873760357999,0.021620449769099714,0.0058111207766922135,0.029104597524862497,0.05504036728544226,0.09868366032749587,0.16146068413482095,1.0166628267691495,1.0674035429536204,1.1585266341032963,66.08623312828753,0.01862890720007585
230.7801055908203,230.8791673967792,227.0853299721382,227.13486087511765,62627700,0.018803507812795717,4.2593841552734375,3.793837424640998,3.6452447157026597,225.32610778808595,219.14700622558593,214.19075393676758,196.79094543457032,0.020711579053691406,213.859101312654,12.589996337890625,23.684219360351562,39.48362731933594,0.3026784618552669,53514380.0,0.003774857104064999,0.006538873760357999,0.021620449769099714,0.016239801574892576,0.05770195716477722,0.11436354333950582,0.2064001788015224,1.0242049084159557,1.0774512967957066,1.172717093671115,73.80887998081633,-0.023494462009825877
225.42124938964844,230.1957302020051,223.63824229832142,229.20517238623597,64710600,-0.023220615951503598,-5.358856201171875,6.557487903683693,-3.7839229965875347,226.51875,220.56549072265625,215.2021156311035,197.86679138183592,0.015890488281895182,214.96025827236775,5.9632110595703125,14.184844970703125,20.22723388671875,0.033258446342433245,58982540.0,0.018803507812795717,0.003774857104064999,0.006538873760357999,0.0058111207766922135,0.027172443100950794,0.0671515168501462,0.09857613945095767,0.9951549237740736,1.0474862141971801,1.139257617791148,72.33467824133727,0.012966227094593344
228.36314392089844,230.44332094014862,226.5207061684713,226.7584454352943,53046500,0.013050653118175326,2.94189453125,3.922614771677331,1.604698485604132,227.35081481933594,222.19396514892577,216.06736679077147,199.06419128417969,0.015024944184902638,216.23672357222782,4.1603240966796875,16.284744262695312,17.305023193359375,-0.18025022175655925,57509360.0,-0.023220615951503598,0.018803507812795717,0.003774857104064999,0.021620449769099714,0.018556073915312554,0.0767864350586418,0.08199174300286183,1.0044527181587932,1.0569071457330879,1.1471834409177701,78.22684396743031,0.016604850640111607
232.18673706054688,234.99001738536694,230.88910879003808,234.24709905204858,62631300,0.01674347740182136,3.8235931396484375,4.10090859532886,-2.0603619915017077,228.65439147949218,224.5495147705078,217.06585006713868,200.35844085693358,0.015289887316285743,217.75577247587728,6.51788330078125,23.555496215820312,19.96966552734375,0.1806867559593941,58218440.0,0.013050653118175326,-0.023220615951503598,0.018803507812795717,0.006538873760357999,0.028882511663394395,0.11290493274375657,0.09410018422678745,1.0154484047220738,1.0696603679884757,1.1588567772212819,79.81388271918011,0.0017900598018178915
232.6027374267578,234.03904289009895,230.13624361936286,232.7810305355119,43234300,0.0017916629152785468,0.4160003662109375,3.9027992707360966,-0.178293108754076,229.87079467773438,226.3394515991211,218.17180633544922,201.58721466064452,0.015011182354502465,219.1697691378659,6.0820159912109375,17.899368286132812,22.119125366210938,-0.3097013793422777,57250080.0,0.01674347740182136,0.013050653118175326,-0.023220615951503598,0.003774857104064999,0.026849711375925844,0.08336789663700706,0.10508716165441068,1.0118846883217743,1.0661448027300116,1.1538565966017507,79.57735737952515,-0.02562134249716991
226.71884155273438,229.2744821236097,224.49998695797876,227.2834515580279,57345900,-0.02529590123966685,-5.8838958740234375,4.774495165630924,-0.564610005293531,229.05854187011718,227.19232482910155,218.77654190063475,202.49354278564454,0.01604806650591277,219.88872841547243,-4.0612640380859375,8.528732299804688,12.094711303710938,0.32639825323874794,56193720.0,0.0017916629152785468,0.01674347740182136,0.013050653118175326,0.018803507812795717,-0.017597981540430796,0.039088537647314014,0.05635298924532717,0.9897855792747101,1.036303250719206,1.1196349198785773,67.25552559051704,-0.020748700431096816
222.0631866455078,228.2640866473074,220.1712331922365,228.10559381010606,66034600,-0.020534927204731934,-4.6556549072265625,8.092853455070895,-6.042407164598245,228.38692932128907,227.45283966064454,219.26637115478516,203.33979766845704,0.016614042027189253,220.09581967547578,-3.358062744140625,2.6051483154296875,9.796585083007812,0.15151388329418491,56458520.0,-0.02529590123966685,0.0017916629152785468,0.01674347740182136,-0.023220615951503598,-0.014896833165608525,0.01187082658376526,0.04615226800115946,0.972311275892303,1.0127553325938354,1.0920793135025098,60.25639297497668,0.0005799130966098728
222.19200134277344,224.65849552449666,221.1717280930588,222.6971954569991,49151500,0.0005800812787184473,0.128814697265625,3.486767431437869,-0.5051941142256737,227.15270080566407,227.2517578125,219.9909652709961,204.17497802734374,0.01564748070221564,220.2954560247422,-6.171142578125,-2.0108184814453125,14.49188232421875,-0.25567051212546155,55679520.0,-0.020534927204731934,-0.02529590123966685,0.0017916629152785468,0.013050653118175326,-0.02702337370281871,-0.00896874750737675,0.06977310553646876,0.9781613890334737,1.010005120296945,1.0882430525498419,64.94872759250126,-0.0015615580524278023
221.84530639648438,225.62922890399747,220.98351093014816,224.86649525231948,48201800,-0.0015603394550383065,-0.3466949462890625,4.645717973849315,-3.0211888558351063,225.08441467285155,226.86940307617186,220.80669021606445,204.99649810791016,0.015354308768106605,220.44306082205097,-10.3414306640625,-3.82354736328125,16.314498901367188,-0.019321892515996475,52793620.0,0.0005800812787184473,-0.020534927204731934,-0.02529590123966685,0.01674347740182136,-0.04453928245421612,-0.01694317713578486,0.079377389210884,0.9856093622427166,1.0047037351060497,1.0821907127394197,59.01028439952998,0.004677309290559819
222.8853759765625,224.7971601400939,220.57737479075328,222.25141967209163,39960300,0.004688264976042911,1.040069580078125,4.2197853493406114,0.6339563044708711,223.1409423828125,226.50586853027343,221.6422264099121,205.80261352539063,0.015353950827457387,220.67566226533776,-9.717361450195312,-3.635345458984375,16.710723876953125,-0.17097909206710127,52138820.0,-0.0015603394550383065,0.0005800812787184473,-0.020534927204731934,0.0017916629152785468,-0.04177664269000758,-0.016048622112563637,0.08105130144165185,0.9988546861749308,1.0056088119434032,1.0830055661516869,56.31330819573514,-0.02917576792933978
216.47647094726562,222.67737176080064,215.07979609138368,221.88492258576645,61777600,-0.02875426438911277,-6.408905029296875,7.597575669416955,-5.4084516385008214,221.09246826171875,225.07550506591798,222.11125564575195,206.5057113647461,0.017010307848165616,220.27573928266423,-10.24237060546875,-14.303634643554688,9.380584716796875,0.5459743795717249,53025160.0,0.004688264976042911,-0.0015603394550383065,0.0005800812787184473,-0.02529590123966685,-0.04517653025801294,-0.06197949605290254,0.045295852503596246,0.9791218699092502,0.9746308007574667,1.0482832146221293,46.477890743233544,-0.004816046760772479
215.43641662597656,218.76469136537827,212.593505524486,216.86280713025258,51391200,-0.004804468202654788,-1.0400543212890625,6.171185840892264,-1.4263905042760143,219.7671142578125,224.07702178955077,222.3212562561035,207.12401794433595,0.016554663589713817,219.81485141059875,-6.62677001953125,-9.984832763671875,4.20001220703125,-0.1681256636709746,50096480.0,-0.02875426438911277,0.004688264976042911,-0.0015603394550383065,-0.020534927204731934,-0.029841821688841863,-0.04429410621539387,0.019882994214867278,0.9802941507128518,0.9690320226411642,1.0401324711838806,38.65094130526768,0.002158469420554035
215.9019317626953,217.4174836156479,213.97033243488113,216.63493468142264,41601300,0.002160800592626577,0.46551513671875,3.447151180766781,-0.7330029187273226,218.50910034179688,222.83090057373047,222.51243286132814,207.72885192871092,0.016543032763349553,219.44219239651272,-6.290069580078125,-12.461212158203125,3.8235321044921875,-0.19049759491897444,48586440.0,-0.004804468202654788,-0.02875426438911277,0.004688264976042911,0.0005800812787184473,-0.028309162985460046,-0.054567527597708554,0.018028861546741215,0.9880683752986792,0.9702915427527928,1.039344942977826,37.01939086035003,0.0012838282823674826
216.17929077148438,217.22927938341869,213.7127969665886,214.91137828370984,36311800,0.0012846527426808585,0.2773590087890625,3.5164824168300868,1.267912487774538,217.3758972167969,221.23015594482422,222.88983535766602,208.29386566162108,0.01603600036665241,219.13143986079572,-5.666015625,-16.0074462890625,7.5480499267578125,-0.12714746894928763,46208440.0,0.002160800592626577,-0.004804468202654788,-0.02875426438911277,-0.0015603394550383065,-0.0255403899096861,-0.06894212172372394,0.03617890540360369,0.9944952202123905,0.969892998595412,1.0378572123802885,36.042707006736705,0.002562722474619635
216.7340087890625,218.24956072806748,214.07930652606245,217.1203256536185,41643800,0.0025660090547918735,0.554718017578125,4.170254202005026,-0.3863168645559938,216.14562377929687,219.64328308105468,222.9913673400879,208.86759674072266,0.014709664914591516,218.90311309205921,-6.1513671875,-15.868728637695312,2.0306396484375,0.14683931944987583,46545140.0,0.0012846527426808585,0.002160800592626577,-0.004804468202654788,0.004688264976042911,-0.02759879225161388,-0.06822245005905003,0.009457884413110795,1.0027221694313202,0.9719390099013018,1.0376621944767468,28.936347622972463,0.014879512045710383
219.98301696777344,221.70659250258416,218.54671157945197,219.34906075635598,50036300,0.01499076308726921,3.2490081787109375,3.1598809231321923,0.6339562114174555,216.84693298339843,218.9697006225586,223.08101272583008,209.50571319580078,0.01464215035232924,219.00596108022248,3.5065460205078125,-6.7358245849609375,1.79290771484375,0.20153059999327638,44196880.0,0.0025660090547918735,0.0012846527426808585,0.002160800592626577,-0.02875426438911277,0.016198277832060626,-0.029710034414560105,0.008217181434037268,1.0144622012459594,0.9861126874035482,1.050009632731021,41.293862906188686,-0.01689253663215368
216.29815673828125,222.36036437427163,214.97081319041698,222.2514024343897,62501000,-0.016750657756603116,-3.6848602294921875,7.38955118385465,-5.953245696108439,217.01928100585937,218.39319763183593,222.92301864624022,210.04695404052734,0.015075099194105667,218.74807495241856,0.8617401123046875,-5.7650299072265625,-3.159881591796875,0.24911314385755934,46418840.0,0.01499076308726921,0.0025660090547918735,0.0012846527426808585,-0.004804468202654788,0.003999974218847013,-0.025961213987393594,-0.014398568472776652,0.9966771419376389,0.9702818401249443,1.0297609776171655,31.13380287403193,0.006845989138873879
217.7840118408203,223.46981835778237,215.6543188775265,217.0807092384795,105568600,0.0068694764899772665,1.4858551025390625,7.81549948025588,0.7033026023408127,217.39569702148438,217.95239868164063,222.60207824707032,210.5919595336914,0.014269209202976446,218.65625941798064,1.882080078125,-4.407989501953125,-6.4188079833984375,0.6890705748708021,59212300.0,-0.016750657756603116,0.01499076308726921,0.0025660090547918735,0.002160800592626577,0.00871729151638001,-0.01983865069540902,-0.02862947035381158,1.0017862120762102,0.9783556989036628,1.034151599724197,25.701777825143893,-0.04936569419400101
207.29400634765625,211.4840610296135,194.14930192882554,197.21012147966275,119548600,-0.04816701375136423,-10.490005493164062,17.334759100787977,10.083884867993504,215.61864013671874,216.4972686767578,221.68333587646484,210.9558905029297,0.017544126046293327,217.57414007794975,-8.885284423828125,-14.551300048828125,-18.374847412109375,0.13242574022957587,75859660.0,0.0068694764899772665,-0.016750657756603116,0.01499076308726921,0.0012846527426808585,-0.04110145977498114,-0.06559210237615698,-0.08142394090267413,0.9613918639697198,0.9350906125987423,0.9826414699938298,18.13418266169765,-0.00979599193276097
205.2732696533203,208.00721860156926,199.17144565753833,203.36150053141452,69660500,-0.009748167493791038,-2.0207366943359375,8.835772944030936,1.9117691219057917,213.3264923095703,214.7360580444336,220.6209632873535,211.3590478515625,0.017485584664708516,216.40262860893742,-11.460739135742188,-17.612106323242188,-21.247451782226562,-0.4173039249309486,81463000.0,-0.04816701375136423,0.0068694764899772665,-0.016750657756603116,0.0025660090547918735,-0.05287928368868222,-0.07901867157535802,-0.09379915288797191,0.9622493082361121,0.9304341101346603,0.9712064458081954,20.088398881222943,0.01242076809998215
207.8388214111328,211.62274392073394,204.4412006806638,204.94637966039352,63516400,0.012498226204246565,2.5655517578125,7.181543240070141,2.8924417507392945,210.89765319824218,213.8722930908203,219.47389907836913,211.75210174560547,0.017090655991924875,215.58702792343223,-12.144195556640625,-8.637649536132812,-22.9412841796875,-0.08820063019932389,84159020.0,-0.009748167493791038,-0.04816701375136423,0.0068694764899772665,0.01499076308726921,-0.05520515048859298,-0.03990110102190725,-0.0994075469415161,0.9854961316983737,0.9469865085730231,0.9815195206932397,28.931952734935408,0.01649648666540341
211.29586791992188,212.1774636990054,206.85817350164743,211.0977593959716,47161100,0.01663330500681859,3.4570465087890625,5.319290197357958,0.19810852395028178,209.8971954345703,213.45823822021484,218.76763000488282,212.2140979003906,0.01718741554577395,215.17834601833601,-5.002288818359375,-4.1405487060546875,-14.125381469726562,-0.25749727629399655,81091040.0,0.012498226204246565,-0.009748167493791038,-0.04816701375136423,-0.016750657756603116,-0.02312682129978616,-0.019219353769902248,-0.06266215588802082,1.006663607307643,0.96584612593374,0.9956730962289804,35.30979105885102,0.013642368945163845
214.1981964111328,214.7330909034816,209.96851092003678,210.09728825409005,42201600,0.013735850680766104,2.9023284912109375,4.764579983444833,4.100908157042767,209.1800323486328,213.2878646850586,218.05938262939452,212.72819763183594,0.017221926125964775,215.08499843669762,-3.5858154296875,-1.7037353515625,-14.164947509765625,-0.10516082110044078,68417640.0,0.01663330500681859,0.012498226204246565,-0.009748167493791038,0.0068694764899772665,-0.016465007689859257,-0.007891246445331124,-0.0620281682348538,1.0239896896761944,0.9822929599648366,1.0069102206273612,40.35479116651829,0.007104648603491133
215.7254180908203,217.68898821235913,213.81143620679725,214.27753840147545,38028100,0.00712994649476939,1.5272216796875,3.8775520055618813,1.4478796893448589,210.86631469726564,213.2424774169922,217.2363166809082,213.25303100585938,0.016768482769024973,215.1459907847093,8.431411743164062,-0.4538726806640625,-16.461318969726562,-0.09889435471640884,52113540.0,0.013735850680766104,0.01663330500681859,0.012498226204246565,-0.04816701375136423,0.04067368802271876,-0.002099519704428232,-0.07089689608512817,1.0230435259445338,0.9930449078995056,1.0115936785202972,41.0788602630133,0.017046951571094076
219.4344024658203,220.04925425523973,217.19314118814535,217.19314118814535,44155300,0.01719308001729547,3.708984375,2.856113067094384,2.2412612776749654,213.69854125976562,213.51251678466798,216.57789993286133,213.83302490234374,0.01736884320322641,215.55441094481512,14.1611328125,2.7003936767578125,-13.1683349609375,0.16112295907499985,47012500.0,0.00712994649476939,0.013735850680766104,0.01663330500681859,-0.009748167493791038,0.06898673576163272,0.012459482901854946,-0.05661298360722844,1.0268409001401761,1.0131892613874476,1.0261951004342509,53.95136412575322,0.0020316111852965927
219.8806610107422,221.17979111862692,217.8774142480331,218.7402072098891,41960600,0.0020336763055710527,0.446258544921875,3.3023768705938323,1.140453800853095,216.1069091796875,213.50228118896484,216.23599090576172,214.38668029785157,0.016559077399322202,215.9664347606177,12.041839599609375,-0.10235595703125,-6.8381805419921875,-0.04970411253009266,42701340.0,0.01719308001729547,0.00712994649476939,0.013735850680766104,0.012498226204246565,0.05793835587524332,-0.0004652902685039484,-0.030161500893174042,1.017462430263703,1.0168550577066926,1.0256265021001199,56.03256438977187,0.013439859306690529
222.85577392578125,223.48055242779947,220.9120269929499,222.73677426147512,46414000,0.013530580185465713,2.9751129150390625,2.568525434849562,0.11899966430613063,218.41889038085938,214.15804290771484,216.2756202697754,214.99349853515625,0.01623586153486319,216.62256230015709,11.559906005859375,6.5576171875,0.7925872802734375,0.10613289609776788,42551920.0,0.0020336763055710527,0.01719308001729547,0.00712994649476939,0.01663330500681859,0.05470956966484741,0.030317489924034158,0.0035691970931619466,1.0203136438299143,1.030424851621269,1.0365698285957208,58.83699816600007,0.0059010447929713754
224.17474365234375,224.94827173921567,221.7946444270254,222.0624088054674,44340200,0.005918490256401343,1.3189697265625,3.153627312190281,2.1123348468763368,220.41419982910156,214.7971160888672,216.3747573852539,215.59658325195312,0.016284423031145728,217.34181766703202,9.976547241210938,6.3907318115234375,1.9827423095703125,-0.04468048433662253,42979640.0,0.013530580185465713,0.0020336763055710527,0.01719308001729547,0.013735850680766104,0.046576242976677174,0.029344357088042283,0.00892355394248212,1.0170612593297435,1.0360485038150824,1.0397880164472084,59.89863154474494,-0.0007081422212760899
224.01605224609375,224.11522871504155,221.18968933533225,223.84746435464618,40687800,-0.0007078915477476411,-0.15869140625,2.9255393797093063,0.16858789144757225,222.07232666015625,216.46932067871094,216.48329467773436,216.22403106689453,0.01627966192134209,217.9774590555141,8.290634155273438,16.7220458984375,2.170745849609375,-0.08237220400449252,43511580.0,0.005918490256401343,0.013530580185465713,0.0020336763055710527,0.00712994649476939,0.038431420036850295,0.08066825564841795,0.009784952789263945,1.0087526690748463,1.034796022388577,1.0360367954512353,59.10468684300294,0.0027410584464095298
224.6309356689453,225.2854641390349,223.57973153152028,223.89708417115403,30299000,0.0027448185819116677,0.6148834228515625,1.7057326075146193,0.733851497791278,223.11163330078125,218.40508728027345,216.57057266235353,216.81603179931642,0.01625985753107657,218.6111234948885,5.196533203125,19.357666015625,1.7455596923828125,-0.2553296074007442,40740320.0,-0.0007078915477476411,0.005918490256401343,0.013530580185465713,0.01719308001729547,0.02368148815650928,0.09430193248403729,0.00783164747680165,1.00680960623024,1.0372181820803437,1.0360439392086205,56.221029688799426,-0.00048573709655543
224.5218505859375,226.08874521756795,223.18305884166446,224.64086539349128,34765500,-0.00048561914539047013,-0.1090850830078125,2.9056863759034854,-0.11901480755378202,224.0398712158203,220.0733901977539,216.97284164428712,217.48053924560546,0.014738903453341508,219.1740498845122,4.6411895751953125,16.683029174804688,8.045379638671875,0.14741410607610805,39301300.0,0.0027448185819116677,-0.0007078915477476411,0.005918490256401343,0.0020336763055710527,0.021107766157609342,0.08026907130022365,0.03716514595543163,1.0021513106908229,1.0347924140387417,1.0323767421432597,62.17216672824856,-0.00829410953399294
222.66734313964844,226.4457337259973,222.04256465043304,225.90029338876204,43695300,-0.008259808305736582,-1.8545074462890625,4.40316907556425,-3.2329502491135997,224.00218505859374,221.21053771972657,217.3343879699707,217.83000579833984,0.014841906038851075,219.50674448023946,-0.1884307861328125,11.371475219726562,7.230926513671875,0.25685809207403887,38757560.0,-0.00048561914539047013,0.0027448185819116677,-0.0007078915477476411,0.013530580185465713,-0.000845527952062719,0.05381778324238784,0.033564086457238185,0.9940409424193959,1.0245380182100525,1.0222069375776763,57.149955272844586,0.010235576050047969
224.9581756591797,226.32673228874265,222.46900358067504,223.78797197411373,38677300,0.010288138741991082,2.29083251953125,3.8577287080676115,1.1702036850659567,224.15887145996095,222.28653564453126,217.7872001647949,218.10800689697265,0.014964257612084371,220.0259284020433,0.7834320068359375,10.759979248046875,9.056243896484375,-0.11484072657700028,37624980.0,-0.008259808305736582,-0.00048561914539047013,0.0027448185819116677,0.005918490256401343,0.0034947380515393256,0.05023375279684483,0.04194609942832006,1.0035657932876483,1.032926524097645,1.0314072319474399,84.03473213251459,0.0014977729379281764
225.2953643798828,225.39454085782168,222.0326640536948,224.87885041051024,30602200,0.001498895160022995,0.337188720703125,3.3618768041268936,0.41651396937257346,224.41473388671875,223.2435302734375,218.24300384521484,218.36957275390625,0.014963671001613735,220.5277794475518,1.2793121337890625,9.5699462890625,9.116073608398438,-0.20878137822443654,35607860.0,0.010288138741991082,-0.008259808305736582,-0.00048561914539047013,-0.0007078915477476411,0.0057108056363017745,0.044361700043309416,0.042169042075518304,1.00392412065782,1.0323142570914654,1.0317159187456104,91.25432297496133,0.0037344446789971775
226.13829040527344,226.95149505120298,223.0243400581704,224.1251322421701,35934600,0.0037414264057795688,0.842926025390625,3.9271549930325875,2.013158163103327,224.71620483398436,223.9139190673828,218.71321792602538,218.6826663208008,0.014967592796475972,221.06211382447768,1.507354736328125,6.703887939453125,9.404281616210938,0.17424891020906985,36734980.0,0.001498895160022995,0.010288138741991082,-0.008259808305736582,0.0027448185819116677,0.006710361294802292,0.03055076079284036,0.0433908903764324,1.0063283623552635,1.0339488968689556,1.0340933472684821,90.58605187600764,-0.006776393544890265
224.61106872558594,227.95310672511408,223.8077756875659,226.0291983356657,38052200,-0.006753485563857797,-1.5272216796875,4.145331037548175,-1.4181296100797738,224.73404846191406,224.3869598388672,218.94462051391602,218.88240509033204,0.014780790280974593,221.40010952934514,0.0892181396484375,4.73040771484375,4.6280517578125,0.05892927707557627,37392320.0,0.0037414264057795688,0.001498895160022995,0.010288138741991082,-0.00048561914539047013,0.00039736951844826507,0.02151352325893119,0.021038222957413533,0.9994527765722648,1.025880737322385,1.026172335016557,82.29616728091531,0.014465077130172909
227.88369750976562,230.98773644426686,226.98125820388418,228.19113851748892,51906300,0.014570202629586193,3.2726287841796875,4.006478240382677,-0.3074410077232983,225.7773193359375,224.88975219726564,219.52389755249024,219.19474700927734,0.014440002248411653,222.017594098909,5.2163543701171875,5.027923583984375,11.585540771484375,0.3640814460136339,39034520.0,-0.006753485563857797,0.0037414264057795688,0.001498895160022995,-0.008259808305736582,0.02342667001171206,0.02256133415533057,0.0535628271002917,1.0093294498314687,1.0380815029729347,1.0396403226767132,82.6085755151279,-0.0034437819562532926
227.1002655029297,228.4886453526855,225.59287085733376,228.28039594132485,52990800,-0.0034378589403147863,-0.7834320068359375,2.8957744953517306,-1.1801304383951674,226.2057373046875,225.18230438232422,219.9897102355957,219.58274993896484,0.01446776561997797,222.50165804214907,2.14208984375,2.9255218505859375,9.316253662109375,0.020893417562030114,41897220.0,0.014570202629586193,-0.006753485563857797,0.0037414264057795688,0.010288138741991082,0.009522169343137543,0.013050184882213545,0.04277749125550456,1.00395448943471,1.0323222175242606,1.0342354559547797,78.0989162424915,-0.027582278773957934
220.9219207763672,227.1002329196535,219.33518820526996,226.65396911284594,50190600,-0.02720536108964966,-6.1783447265625,7.765044714383549,-5.732048336478755,225.33104858398437,224.87289123535157,220.67110595703124,219.89057220458983,0.010961580783993268,222.35120687397938,-4.373443603515625,-3.0941314697265625,13.627914428710938,-0.05284313503476079,45814900.0,-0.0034378589403147863,0.014570202629586193,-0.006753485563857797,0.001498895160022995,-0.019412044342560608,-0.013812097118502398,0.06574196074851946,0.9804326663576776,1.0011366001826483,1.0046902809949385,53.275017334888545,-0.008656023717157797
219.0178680419922,219.94014563997789,215.67581475954933,219.82114598403248,43840200,-0.008618668204964708,-1.904052734375,4.26433088042856,-0.803277942040296,223.90696411132814,224.31158447265625,221.35833587646485,220.1474365234375,0.010893810802965483,222.03374603283774,-7.12042236328125,-5.613067626953125,13.744598388671875,-0.1265256840922404,47396020.0,-0.02720536108964966,-0.0034378589403147863,0.014570202629586193,0.0037414264057795688,-0.03148702659120839,-0.024987954620932062,0.06695756545352793,0.9781646091771177,0.9894267915178996,0.9948690364090382,48.2150005114069,0.006903805232278846
220.53515625,223.60942979215415,219.6822901432701,219.79137819641707,36615400,0.0069276914325406835,1.5172882080078125,3.9271396488840367,0.743778053582929,223.09178161621094,223.9129150390625,221.9931526184082,220.41622192382812,0.01071608507326004,221.891023196377,-4.0759124755859375,-3.9866943359375,12.696334838867188,-0.16479851825493497,47108660.0,-0.008618668204964708,-0.02720536108964966,-0.0034378589403147863,-0.006753485563857797,-0.018146534356975996,-0.0177563757181467,0.06108740779352351,0.9885400289168467,0.9934322462147542,1.0005395897141045,44.8907698985303,-0.00703952994987411
218.98814392089844,223.3714749735505,217.94685141211724,222.09216799264019,48423000,-0.007014810497369628,-1.5470123291015625,5.424623561433265,-3.1040240717417475,221.3126708984375,223.5449951171875,222.37776641845704,220.5712567138672,0.01043640350622667,221.61455850347429,-8.895553588867188,-3.67919921875,7.6922760009765625,0.3224763350939768,46412000.0,0.0069276914325406835,-0.008618668204964708,-0.02720536108964966,0.014570202629586193,-0.039035497870513414,-0.016523299586156837,0.036405236300654176,0.9894966385426445,0.9847573678243524,0.9928226695692157,38.69435384571378,0.0004073278524046628
219.07736206054688,219.43437615112032,214.91220775865924,218.9881123209545,67180000,0.0004074108216591821,0.0892181396484375,4.522168392461083,0.08924973959236127,219.70809020996094,222.95691375732423,222.62172470092773,220.71123596191407,0.010055502739208678,221.372920747005,-8.022903442382812,-5.8808135986328125,4.8791656494140625,0.38735724758895573,49249840.0,-0.007014810497369628,0.0069276914325406835,-0.008618668204964708,-0.0034378589403147863,-0.035327582839304594,-0.026141808722446536,0.022778742917372474,0.9971292447683137,0.9840789902910761,0.9925972327858781,39.202038008484585,-0.00362789737373751
218.2840118408203,219.6426417511051,214.9320468059923,217.10388142289187,51591000,-0.003621324505027168,-0.7933502197265625,4.710594945112803,1.1801304179284386,219.18050842285157,222.25577850341796,222.74965438842773,220.90429138183595,0.01000766637422914,221.07873894641597,-2.637908935546875,-7.0113525390625,2.55859375,-0.23204822863947605,49529920.0,0.0004074108216591821,-0.007014810497369628,0.0069276914325406835,-0.02720536108964966,-0.011940458087077555,-0.031120713727781246,0.011860418548002682,0.9959097796219101,0.9799521909029754,0.9881383945752034,36.230530172522236,0.01151856210593427
220.8128662109375,221.2392917639212,216.08243282408242,219.6228241682371,44587100,0.01158515618615863,2.5288543701171875,5.15685893983877,1.1900420427004121,219.5395080566406,221.72323608398438,222.8185775756836,221.0264813232422,0.009589208876535922,221.05341773351324,1.7949981689453125,-5.3254241943359375,1.3784637451171875,-0.13575817487546282,49679300.0,-0.003621324505027168,0.0004074108216591821,-0.007014810497369628,-0.008618668204964708,0.008195669992555832,-0.023549413877640868,0.006281894405012034,1.005800132129149,0.9909984553955568,0.9990335315884964,42.71801729902289,0.0004937558501518747
220.9219207763672,221.6954487434212,217.99639678484726,220.65415643940133,37455600,0.0004938777676366524,0.1090545654296875,3.699051958573932,0.267764336965854,219.61686096191406,221.3543212890625,222.87064056396486,221.08111755371092,0.009581217396634532,221.04089421378507,0.3867645263671875,-3.68914794921875,1.041259765625,-0.15994536536352444,49847340.0,0.01158515618615863,-0.003621324505027168,0.0004074108216591821,0.0069276914325406835,0.0017537545167118918,-0.016424604406855337,0.004735567743150204,1.0059424390674605,0.9912562741208689,0.9992799168960911,46.3209970886514,-0.0012126142656952357
220.65419006347656,222.18140791181287,220.06908820245332,221.72523244234597,36766600,-0.0012118793461045607,-0.267730712890625,2.1123197093595536,-1.0710423788694072,219.9500701904297,220.6313705444336,222.76056137084962,221.1050405883789,0.009061132655327367,221.00406524708902,1.666046142578125,-7.2295074462890625,-2.2015838623046875,-0.01839511314729969,47516060.0,0.0004938777676366524,0.01158515618615863,-0.003621324505027168,-0.007014810497369628,0.007607928505846129,-0.0317245486416563,-0.009878962629157106,1.0032012714178142,0.9905442359526722,0.9979609215434321,40.08220700130801,-0.02816826695714237
214.5254669189453,215.4179946756504,212.14536768072225,214.74362792854853,59357400,-0.027775240265177747,-6.12872314453125,3.272626994928146,-0.2181610096032216,219.03969116210936,219.37389068603517,222.2780975341797,220.91149353027345,0.010782179150663214,220.38705588250392,-4.5518951416015625,-12.574798583984375,-9.649276733398438,0.6144381041488742,45951540.0,-0.0012118793461045607,0.0004938777676366524,0.01158515618615863,0.0004074108216591821,-0.020777569616451497,-0.05537113114393144,-0.04304354976028346,0.9793908390793744,0.9651219319346466,0.9710923750083063,30.4111293790874,0.0021702511432454817
214.99154663085938,215.1006346980314,212.72055067344832,213.96018092212807,45519300,0.0021726078428261353,0.4660797119140625,2.380084024583084,1.0313657087313004,218.38119812011718,218.78085327148438,221.82687225341797,220.6979473876953,0.010821506447606936,219.87319785853776,-3.2924652099609375,-5.9303741455078125,-9.024505615234375,-0.2331318420281212,44737200.0,-0.027775240265177747,-0.0012118793461045607,0.0004938777676366524,-0.003621324505027168,-0.015083400667758928,-0.026843756041352584,-0.0402850845943864,0.9844782814709471,0.9691862146676719,0.9741438430924252,29.44390635930344,0.017829854285083768
218.85919189453125,220.86243852013078,215.7353147340035,215.745241460142,59894900,0.017989755059126145,3.867645263671875,5.127123786127271,3.1139504343892384,217.99046325683594,218.76498565673828,221.53828506469728,220.544716796875,0.011676294582188744,219.7766258619657,-1.95367431640625,-0.1586761474609375,-5.7717437744140625,0.3158132923836703,47798760.0,0.0021726078428261353,-0.027775240265177747,-0.0012118793461045607,0.01158515618615863,-0.008847647104675227,-0.0007244895079999703,-0.025694340617982814,1.0039851680881644,0.9879068614737013,0.9923574460235375,40.235636772060126,0.03639514072985698
226.97132873535156,227.91345980340301,222.7665127356472,223.12352684243388,66781300,0.037065552379127675,8.112136840820312,5.146947067755804,3.847801892917687,219.20034484863282,219.40860290527343,221.66075897216797,220.46854125976563,0.014484621358877259,220.46183565943102,6.049407958984375,6.4361724853515625,2.4494781494140625,0.11497473073667375,53663900.0,0.017989755059126145,0.0021726078428261353,-0.027775240265177747,0.0004938777676366524,0.027382560941555445,0.02918433774819773,0.010909753963908697,1.035451513053435,1.0239580960915613,1.0294953077587794,48.66974189526574,-0.0029317290169516854
226.306884765625,231.1563174701668,225.73169454082358,228.0622053540531,318679900,-0.002927435696079894,-0.6644439697265625,5.424622929343229,-1.7553205884281056,220.3308837890625,220.1404769897461,221.8427360534668,220.48625396728517,0.014360685766366066,221.01850700287807,5.6526947021484375,7.3187408447265625,3.6395416259765625,3.7719930579368777,110046560.0,0.037065552379127675,0.017989755059126145,0.0021726078428261353,-0.0012118793461045607,0.025617889696643914,0.03342071727577278,0.016345197165684056,1.0271228475726704,1.0201230330619537,1.0263990643117529,48.83920195497189,-0.007609902829482728
224.59124755859375,227.54652178723228,223.9367191660146,225.4540253555904,54146000,-0.007581020828456242,-1.71563720703125,3.609802621217682,-0.862777796996653,222.3440399169922,220.69186553955078,221.8243896484375,220.41081604003907,0.0143021785705829,221.35876800818434,10.065780639648438,5.513885498046875,-0.3669281005859375,-0.8300928298270459,109004280.0,-0.002927435696079894,0.037065552379127675,0.017989755059126145,-0.027775240265177747,0.04692114546685322,0.025168668483980472,-0.0016310947557729438,1.0101068939938327,1.0124731906826898,1.0189665443541358,56.17498350157024,0.003966086699176331
225.4837646484375,227.44734973367454,223.85737047004787,226.75314473243895,43556100,0.003973962029000688,0.89251708984375,3.589979263626674,-1.2693800840014546,224.4424835205078,221.4118408203125,221.83380966186525,220.27675659179687,0.014326379246793391,221.75162483106558,10.492218017578125,7.1997528076171875,0.1884002685546875,-0.1955804676245706,108611640.0,-0.007581020828456242,-0.002927435696079894,0.037065552379127675,0.0021726078428261353,0.04880293286876647,0.03298341801078619,0.0008362367733274478,1.0046394118956297,1.016453555894549,1.0236384815956316,61.264749213525924,-0.004407795966255803
224.4920654296875,225.40443143928672,222.16156973744518,223.06400902085235,42308700,-0.00439809589083362,-0.99169921875,3.242861701841548,1.4280564088351468,225.56905822753907,221.7797607421875,221.75149841308593,220.11454315185546,0.014334267609220016,222.01261917379148,5.63287353515625,3.67919921875,-1.6462249755859375,-0.028638927727689167,105094400.0,0.003973962029000688,-0.007581020828456242,-0.002927435696079894,0.017989755059126145,0.025737431845543668,0.016662069026518234,-0.007279726810685894,0.9952254409079229,1.0123587305439368,1.0198874741084782,57.02224523374448,0.0050675092395140045
225.632568359375,226.6044343440515,223.5400716645202,225.41439220107114,36636700,0.005080370780608856,1.1405029296875,3.0643626795312855,0.21817615830386217,225.30130615234376,222.25082550048828,221.80257339477538,220.0928176879883,0.014296657032857877,222.35737623908517,-1.3387603759765625,4.7106475830078125,1.0214996337890625,-0.13406226142613697,99065480.0,-0.00439809589083362,0.003973962029000688,-0.007581020828456242,0.037065552379127675,-0.005898367795773685,0.021322680730158305,0.004547859727416448,1.0014703075303402,1.017267585790282,1.025170065654937,61.96435057702124,0.0011858073412984074
225.90028381347656,227.61594290444046,225.41435845997736,226.56473891662026,34026000,0.001186510688807818,0.2677154541015625,2.2015844444630943,-0.6644551031436947,225.21998596191406,222.7754348754883,221.70340270996093,220.16955963134765,0.01390251829133235,222.69479600807483,-0.4066009521484375,5.24609375,-1.9834136962890625,-0.071259147248524,42134700.0,0.005080370780608856,-0.00439809589083362,0.003973962029000688,-0.002927435696079894,-0.0017966795511746847,0.023775183006907064,-0.00870362258451629,1.0030205927269595,1.0189301609818147,1.0260286853083798,62.20729193682688,0.022614433944855825
231.0670928955078,231.0670928955078,227.7448775670891,228.13164162372897,54541900,0.022872078754435865,5.16680908203125,3.3222153284187073,2.9354512717788452,226.51515502929686,224.42959747314453,221.90174407958983,220.34706146240234,0.014809669252211884,223.49215761640178,6.4758453369140625,16.5416259765625,3.966827392578125,0.6029477458414154,42213880.0,0.001186510688807818,0.005080370780608856,-0.00439809589083362,-0.007581020828456242,0.028833916759042788,0.07710798262852614,0.01746729526622648,1.0200955113384012,1.041303635777782,1.048650666643606,69.77608170364488,-0.029574755390125593
224.33340454101562,227.74485413807125,221.88389405688537,227.615942887257,63285000,-0.02914170196245669,-6.7336883544921875,5.86096008118588,-3.282538346241381,226.2850830078125,225.36378326416016,222.07231826782225,220.39682342529298,0.015008552186260038,223.57227637112692,-1.150360107421875,9.34185791015625,3.4114837646484375,0.16030061292327558,46159660.0,0.022872078754435865,0.001186510688807818,0.005080370780608856,0.003973962029000688,-0.0051017425100005065,0.0434522103615369,0.015442033785781684,0.9913751342295529,1.0101817565144093,1.0178613332739663,54.81943565967124,0.0025167742668825237
224.89871215820312,225.48381409525177,221.16990923527746,224.01609588855442,32880600,0.0025199440018490726,0.5653076171875,4.313904859974315,0.8826162696487074,226.3664123535156,225.96773529052734,222.36636047363282,220.4370901489258,0.01484354904766368,223.69860358894368,0.406646728515625,6.039520263671875,5.8808441162109375,-0.48043612230386346,44274040.0,-0.02914170196245669,0.022872078754435865,0.001186510688807818,-0.00439809589083362,0.001811408023429717,0.027595460859520804,0.02685097872965958,0.9935162633888441,1.0113881959446405,1.0202398879710446,55.37685630619052,-0.004906800278652472
223.79788208007812,224.928424248049,221.46738631978812,223.27228007150777,34044200,-0.004894781599952602,-1.100830078125,3.461037928260879,0.5256020085703597,225.99947509765624,225.650390625,222.5294967651367,220.58351837158204,0.014848501175531058,223.70805868333744,-1.834686279296875,-3.1734466552734375,3.262725830078125,0.0353886486256334,43755540.0,0.0025199440018490726,-0.02914170196245669,0.022872078754435865,0.005080370780608856,-0.008131300780899187,-0.01398170717400904,0.014794583709726083,0.9902584153497401,1.0056998525291239,1.0145720937458318,54.15681224908309,0.00499479446281596
224.9185028076172,226.1085447535635,222.27065455992025,226.00936828631617,37245100,0.005007289242970003,1.1206207275390625,3.8378901936432612,-1.090865478698987,225.80311889648436,225.5115524291992,222.82601470947264,220.77316009521485,0.014756883109211458,223.823339076126,-0.981781005859375,-1.3883819580078125,5.93035888671875,0.09402188919111043,44399360.0,-0.004894781599952602,0.0025199440018490726,-0.02914170196245669,0.001186510688807818,-0.004346081329716367,-0.006134952365438151,0.02708073040182879,0.9960823566424133,1.009390681338859,1.0187764794896923,65.84032186795042,-0.02278857794958438
219.85089111328125,223.81770763530983,219.49387702101052,222.63757729885364,39505400,-0.02253087954560362,-5.0676116943359375,4.323830614299311,-2.7866861855723926,223.55987854003905,225.03751678466796,222.86469116210938,220.85213928222657,0.015702466975532698,223.4450106987122,-11.216201782226562,-4.7403564453125,0.773529052734375,0.060687177642159584,41392060.0,0.005007289242970003,-0.004894781599952602,0.0025199440018490726,0.022872078754435865,-0.04854088759102837,-0.021106594744195406,0.003530848853842805,0.9834094227865062,0.9864769962746771,0.9954664321015889,56.4952054157509,0.0182368625581359
223.89706420898438,224.10531361949606,221.3979653574062,222.43925780658088,31855700,0.01840416964067826,4.046173095703125,2.7073482620898517,1.4578064024034916,223.4726104736328,224.87884674072265,223.14534378051758,221.00649475097657,0.016178621162606044,223.4880634139762,-0.43634033203125,-1.586700439453125,5.6130523681640625,-0.19363681927027698,35106200.0,-0.02253087954560362,0.005007289242970003,-0.004894781599952602,-0.02914170196245669,-0.0019450528686264512,-0.007036872219722934,0.025714445693151733,1.0018993546209174,1.003368747990575,1.0130791154407692,56.70184831537307,0.01656045201884928
227.63577270507812,227.84403724277382,222.96485445261254,223.36153007501719,33591100,0.016698336395353897,3.73870849609375,4.8791827901612805,4.2742426300609395,224.0200225830078,225.1932174682617,223.48648910522462,221.2245300292969,0.01638718763599855,223.8830833464621,2.737060546875,3.143707275390625,6.822906494140625,0.05447690680160844,35248300.0,0.01840416964067826,-0.02253087954560362,0.005007289242970003,0.0025199440018490726,0.012170192174998373,0.014003645382180574,0.030899044114679697,1.0161402988910535,1.018566149642719,1.0289807042416688,51.00029909046177,-0.0021806345872956035
227.13992309570312,227.59611368544336,225.28544108575701,225.89038125247495,28183500,-0.0021782587309658874,-0.495849609375,2.3106725996863418,1.2495418432281724,224.6884307861328,225.34395294189454,223.7973892211914,221.36766815185547,0.01640799115013596,224.19325856067553,3.342041015625,1.507354736328125,6.2180023193359375,-0.1609831175519706,34076160.0,0.016698336395353897,0.01840416964067826,-0.02253087954560362,-0.004894781599952602,0.01493330046094532,0.006680572522346662,0.02814570096749347,1.0109106298931063,1.0149355356027328,1.0260754201010418,51.26051118653459,-0.006526560607963632
225.6623077392578,227.5068782710055,225.45404318616428,227.39779019694814,31759200,-0.006505308869998783,-1.4776153564453125,2.052835084841206,-1.735482457690324,224.83719177246093,225.32015533447264,224.04779510498048,221.554951171875,0.016496772126181905,224.3331680062548,0.743804931640625,-0.23797607421875,5.00811767578125,0.1268721060194795,32978980.0,-0.0021782587309658874,0.016698336395353897,0.01840416964067826,0.005007289242970003,0.0033069975229065296,-0.0010534562870015973,0.022696680603892183,1.0036698375401873,1.007206108114212,1.0185387712874738,51.63243255311401,0.016345492116142904
229.3811798095703,229.8076053434174,226.70358155060512,226.80274288926017,39882100,0.016479810507873838,3.7188720703125,3.104023792812285,2.578436920310139,226.74324951171874,225.1515640258789,224.79058074951172,221.78689453125,0.015324757884689613,224.813931035142,9.530288696289062,-1.6859130859375,14.855712890625,0.25576525857074484,33054320.0,-0.006505308869998783,-0.0021782587309658874,0.016698336395353897,-0.02253087954560362,0.04334887453960068,-0.007296205897652008,0.06924918101326383,1.0116339970584889,1.0204216700039312,1.034241361710623,55.468981178744755,0.010964352355533486
231.9100341796875,235.51983687729248,230.44230106244424,231.67201972311165,64751400,0.011024681153949167,2.5288543701171875,5.077535814848233,0.23801445657585418,228.34584350585936,225.9092269897461,225.63650512695312,222.27921508789063,0.015413054451690281,225.48975038224157,8.012969970703125,7.576629638671875,16.918487548828125,0.6235704739720325,39633460.0,0.016479810507873838,-0.006505308869998783,-0.0021782587309658874,0.01840416964067826,0.03578863349107553,0.0337739698382129,0.07869373384190403,1.0156087390035486,1.0278036971420232,1.0433275737814207,59.97866102225116,-0.008891296695296588
229.85719299316406,230.19436878170097,227.93328446814013,229.67869350471682,34082200,-0.008851886007368082,-2.0528411865234375,2.2610843135608434,0.17849948844724395,228.79012756347657,226.4050750732422,226.18640518188477,222.7708935546875,0.015290412477437464,225.90569729756754,2.2214202880859375,4.9584808349609375,10.998001098632812,-0.47364535747489633,39731680.0,0.011024681153949167,0.016479810507873838,-0.006505308869998783,0.016698336395353897,0.00975866078379517,0.022047617735903025,0.05025149276770047,1.0046639487509854,1.0162290382055785,1.031809808388352,55.54682056281402,0.001595057948003436
230.22412109375,231.91003031839952,228.60765355789445,231.49350124327563,32993800,0.0015963307295623341,0.3669281005859375,3.3023767605050693,-1.269380149525631,229.40696716308594,227.04769897460938,226.3490447998047,223.21859954833985,0.012957209568921374,226.31697575434683,3.084197998046875,6.426239013671875,3.2527923583984375,-0.031934558215138686,40693740.0,-0.008851886007368082,0.011024681153949167,0.016479810507873838,-0.0021782587309658874,0.01357840557490797,0.028714476446084047,0.014331291870750773,1.0035620275215231,1.017119914499187,1.0313841299944768,55.66233223337281,0.01220185708623628
233.0504913330078,234.2206950473064,232.0686987091599,234.2206950473064,46431500,0.012276603449848267,2.8263702392578125,2.1519963381465175,-1.1702037142985944,230.88460388183594,227.86089782714845,226.68622512817382,223.65369201660155,0.013171758142094142,226.95826295231453,7.38818359375,8.131988525390625,6.7436065673828125,0.40727954949111655,43628200.0,0.0015963307295623341,-0.008851886007368082,0.011024681153949167,-0.006505308869998783,0.032739998397458114,0.036155267013964876,0.02979850380763649,1.0093808223448297,1.028075222485334,1.0420149528124434,52.76699698743373,0.006278081653286199
234.51820373535156,234.88514457730523,232.5050454306036,232.5050454306036,36254500,0.006297830113760838,1.46771240234375,2.380099146701639,2.013158304747975,231.9120086669922,229.32762908935547,227.1825729370117,224.06009216308593,0.013030109482685454,227.67825731260376,5.13702392578125,14.667312622070312,9.926956176757812,-0.21918309768153088,42902680.0,0.012276603449848267,0.0015963307295623341,-0.008851886007368082,0.016479810507873838,0.022395141266802865,0.06671481997547501,0.0442001025626253,1.01123786164994,1.0322895841151236,1.0466754765264201,66.65582015823591,-0.002625213346389563
233.90335083007812,234.26036494372266,230.67040061866737,231.94969236544068,38846600,-0.0026217704872381065,-0.6148529052734375,3.5899643250552913,1.9536584646374422,232.3106719970703,230.32825775146483,227.60355224609376,224.4236508178711,0.01306748372338167,228.27112336188705,1.993316650390625,10.00628662109375,8.419586181640625,0.07149733136576142,37721720.0,0.006297830113760838,0.012276603449848267,0.0015963307295623341,0.011024681153949167,0.00859521519817541,0.044691459695755276,0.03734009938484051,1.006855814325344,1.02767882364671,1.0422402005210234,64.70200760950371,-0.021860141772316065
228.84567260742188,233.18934216580075,225.8705597881939,232.13813805749322,52287000,-0.021622940435472637,-5.05767822265625,7.318782377606851,-3.2924654500713473,232.10836791992188,230.44924774169922,227.82123260498048,224.61187622070312,0.014037177749803906,228.3258423376523,-1.0115203857421875,1.20989990234375,4.353607177734375,0.3459865213429232,41362680.0,-0.0026217704872381065,0.006297830113760838,0.012276603449848267,-0.008851886007368082,-0.004400647082522524,0.00531506927916503,0.019393145006712853,0.9859432240994188,1.0044966836090192,1.0188493879217617,57.29856857934589,-0.0008236692085215761
228.65725708007812,228.9051831435476,226.51517225997247,228.0721400698136,31109500,-0.0008233300861536508,-0.18841552734375,2.3900108835751155,0.5851170102645256,231.7949951171875,230.60098114013672,227.97246704101562,224.78740814208984,0.014010117669777701,228.35740564645477,-1.566864013671875,1.517333984375,3.024688720703125,-0.4050241933941515,40985820.0,-0.021622940435472637,-0.0026217704872381065,0.006297830113760838,0.0015963307295623341,-0.006805820372895788,0.0066801730127190595,0.013405372915338942,0.9864633054931878,1.003003827821626,1.0172155948145554,55.55560594180901,0.003636421416652952
229.49026489257812,231.28524701350278,227.665532857223,227.83412074973037,38802300,0.0036430412187105077,0.8330078125,3.6197141562797697,1.6561441428477508,231.08294982910155,230.98377685546876,228.1519660949707,224.92009796142577,0.014024817514779053,228.46529700322841,-3.5602264404296875,3.8279571533203125,3.5899810791015625,0.2472813770713127,39459980.0,-0.0008233300861536508,-0.021622940435472637,-0.0026217704872381065,0.012276603449848267,-0.015276631343130065,0.016963210168635445,0.01589188388123386,0.9931077349596701,1.0058658218928096,1.0203190687385177,66.38575729845596,0.008562708787664242
231.46376037597656,232.78272881287972,230.62082086290692,231.38443735420992,36087100,0.008599473639207433,1.9734954833984375,2.1619079499728002,0.07932302176664052,230.47206115722656,231.19203491210936,228.17179946899415,225.06587829589844,0.01318499606985962,228.75086494349014,-3.054443359375,2.08258056640625,0.39666748046875,-0.0699752334268845,39426500.0,0.0036430412187105077,-0.0008233300861536508,-0.021622940435472637,0.006297830113760838,-0.013024333764818818,0.009079125707414981,0.0017166766392311406,1.004302904281632,1.0144275537758984,1.028426708342109,63.837533966614075,0.0011561484786660446
231.7315216064453,232.38605001867157,230.3927299983884,231.1662580738538,35417200,0.0011568170759594931,0.26776123046875,1.9933200202831642,0.5652635325915014,230.0376953125,231.17418365478517,228.5417053222656,225.22018768310548,0.011236704351452551,229.03473700662875,-2.1718292236328125,-0.1785125732421875,7.3981170654296875,-0.018563420169534273,38740620.0,0.008599473639207433,0.0036430412187105077,-0.0008233300861536508,-0.0026217704872381065,-0.009285156522663818,-0.0007697492429493691,0.032978223107549054,1.007363255364058,1.013957261234582,1.0289109692622296,58.57918984173091,-0.015395892863044106
228.19113159179688,231.53316974412917,227.64569128136466,230.68030356750913,47070900,-0.01527798199444419,-3.5403900146484375,3.8874784627645056,-2.489171975712253,229.906787109375,231.00757751464843,228.70632629394532,225.2913916015625,0.011854757200515048,228.95439363378762,-0.654541015625,-1.6660614013671875,3.29241943359375,0.32904069209310727,37697400.0,0.0011568170759594931,0.008599473639207433,0.0036430412187105077,-0.021622940435472637,-0.002860185242601676,-0.007248245659280839,0.014639565527070353,0.9925376038735129,0.9977473526399689,1.0128710643119587,51.9528450785991,-0.018377317928684238
224.035888671875,227.92336713292326,223.5003599556127,227.43742665071557,64370100,-0.018209484702302325,-4.155242919921875,4.423007177310552,-3.4015379788405653,228.98251342773438,230.38875427246094,228.71822662353514,225.28167236328125,0.012544809282034367,228.48596458979594,-4.621368408203125,-6.188232421875,0.238006591796875,0.367513686800125,44349520.0,-0.01527798199444419,0.0011568170759594931,0.008599473639207433,-0.0008233300861536508,-0.02021089759939121,-0.026879166233650498,0.001063489026726927,0.9783973689439805,0.9795279194807366,0.9944701063413746,47.25196700576322,-0.013368589170938411
221.06077575683594,223.4805363045207,218.44267740554844,219.1368672842602,65276700,-0.01327962645929659,-2.9751129150390625,5.037858898972274,1.9239084725757323,227.29661560058594,229.18978271484374,228.52534027099608,225.249541015625,0.012833577724670217,227.77880374856164,-8.429489135742188,-11.989715576171875,-3.85772705078125,0.014084178834583128,49644400.0,-0.018209484702302325,-0.01527798199444419,0.0011568170759594931,0.0036430412187105077,-0.03673135825473006,-0.05144685817907013,-0.017151666059599058,0.9725651883233147,0.9673359439906826,0.9814038899262463,35.57922085066005,-0.004045600980540427
220.1682586669922,220.94178678396568,217.88735096075072,219.1567312107691,44944500,-0.004037428561390333,-0.89251708984375,3.054435823214959,1.0115274562230923,225.03751525878906,227.75478820800782,228.54120864868165,225.15374267578125,0.011809793727362728,227.0539899312693,-11.295501708984375,-14.349945068359375,0.3173675537109375,-0.311477142686441,51415880.0,-0.01327962645929659,-0.018209484702302325,-0.01527798199444419,0.008599473639207433,-0.04880030329860974,-0.06118904562544303,0.0014435581866594216,0.9783624673148505,0.9633635000392401,0.9778574233342054,28.425630555790747,0.006465183784862307
221.59629821777344,222.09215031274817,219.3054639601429,219.9599923572388,28111300,0.0064861281977126595,1.42803955078125,2.7866863526052725,1.636305860534634,223.01047058105468,226.52408294677736,228.4261703491211,225.07976135253907,0.011120175929043567,226.53420976807922,-10.135223388671875,-12.307052612304688,-2.3007659912109375,-0.37453303518784276,49954700.0,-0.004037428561390333,-0.01327962645929659,-0.018209484702302325,0.0011568170759594931,-0.04373692158240239,-0.052615973942354066,-0.010275998925396435,0.9936587176395951,0.9701003080299029,0.9845234279891139,34.46471614517573,-0.003272339878701807
220.87234497070312,224.19455985797964,219.3550388628842,220.76325691115125,54561100,-0.003266991609935821,-0.7239532470703125,4.839520995095455,0.10908805955187972,221.54671325683594,225.72675018310548,228.08799896240234,224.97444244384766,0.010369869852583839,225.9949845492815,-7.31878662109375,-7.97332763671875,-6.763427734375,0.9408956540608224,51452740.0,0.0064861281977126595,-0.004037428561390333,-0.01327962645929659,-0.01527798199444419,-0.03207305459261256,-0.034841504957783376,-0.02971162069125932,0.9969560898637615,0.968364604781821,0.9817663845342415,32.6462563383504,0.02114704988458277
225.59288024902344,225.9895710313294,222.70703236030374,222.7665321945981,42137700,0.02137223326418014,4.7205352783203125,3.2825386710256623,2.826348054425324,221.8581115722656,225.4203125,228.01064682006836,224.9940786743164,0.011553107725229555,225.95668890163788,1.5569915771484375,-3.0643768310546875,-1.5470428466796875,-0.22769702223745492,47006260.0,-0.003266991609935821,0.0064861281977126595,-0.004037428561390333,-0.018209484702302325,0.0069497417863653155,-0.013401616332612276,-0.006810968435645104,1.0168340415876176,0.9893962558118925,1.002661410372376,37.07013958922186,-0.0011889816760012972
225.32481384277344,227.01256271730918,224.77877343219782,225.53329235935942,38328800,-0.0011882751173445394,-0.26806640625,2.2337892851113565,-0.20847851658598415,222.71091918945314,225.00376739501954,227.99377212524413,224.94290100097658,0.011463097237232869,225.89651032460316,4.2640380859375,-4.1654510498046875,-0.337493896484375,-0.0903917394637106,41616680.0,0.02137223326418014,-0.003266991609935821,0.0064861281977126595,-0.01327962645929659,0.019288985444563478,-0.018150883444901234,-0.0014955705268880903,1.01173671530266,0.9882937228609712,1.0016978212697416,33.368850042564844,-0.012101462056794335
222.61448669433594,224.07389700260043,219.90415975706793,223.3789433198207,42005600,-0.012028533840612421,-2.7103271484375,4.169737245532502,-0.7644566254847689,223.20016479492188,224.11884002685548,227.65543746948242,224.85318542480468,0.011070137794310321,225.5839366455301,2.44622802734375,-8.849273681640625,-6.766693115234375,0.09592786625200889,41028900.0,-0.0011882751173445394,0.02137223326418014,-0.003266991609935821,-0.004037428561390333,0.011110720692230736,-0.038231789146025985,-0.029499774658287126,0.997375996110379,0.9778571035632644,0.990043731307434,31.017256270003898,0.0
222.61448669433594,223.96468891324545,221.75075962779928,222.93218846295187,40398300,0.0,0.0,2.21392928544617,-0.31770176861593313,223.40380249023437,223.20713653564454,227.19066009521484,224.88703674316406,0.010684688252986,225.30113188827352,1.0181884765625,-9.117034912109375,-9.295547485351562,-0.038263945759613005,43486300.0,-0.012028533840612421,-0.0011882751173445394,0.02137223326418014,0.0064861281977126595,0.004594790096908108,-0.03934309345965037,-0.04008255838619401,0.9964668649902101,0.9798575636913901,0.9898947041068289,37.37443753891702,0.003961227260457123
223.49806213378906,225.01703765642938,221.15506473467502,222.39605879884869,48566200,0.003969083290910502,0.883575439453125,3.861972921754358,1.1020033349403775,223.92894592285157,222.73782958984376,226.8727035522461,224.976640625,0.010635761721409885,225.129410959275,2.6257171630859375,-4.6930694580078125,-6.359130859375,0.2021842503273652,42287320.0,0.0,-0.012028533840612421,-0.0011882751173445394,-0.003266991609935821,0.011887939902273548,-0.020566397235818434,-0.027665572595607757,0.998075801289169,0.9851253969048775,0.9934278577229025,39.83290643806971,0.013676491573147771
226.5757293701172,227.2210402122622,223.3789275067786,223.3987876531247,44923900,0.01377044260225313,3.077667236328125,3.8421127054836006,3.1769417169924736,224.12551574707032,222.99181365966797,226.69028396606444,225.09745208740233,0.011149121891426876,225.2671555698314,0.98284912109375,2.5398406982421875,-3.6483917236328125,-0.07499660257545371,42844560.0,0.003969083290910502,0.0,-0.012028533840612421,0.02137223326418014,0.004356738209152722,0.011336758201102581,-0.015847130640786133,1.0109323278738687,0.9994946647295903,1.0065672768350167,44.723234102460545,-0.014209569384126009
223.3789520263672,225.2851172657963,222.65421566813873,224.76885944610046,47923700,-0.014109089939319919,-3.19677734375,2.630901597657555,-1.3899074197332766,223.73634338378906,223.2236312866211,226.20670700073242,225.18526824951172,0.011088842572275602,225.08732666093005,-1.94586181640625,2.31817626953125,-9.671539306640625,0.0667751464142694,44763540.0,0.01377044260225313,0.003969083290910502,0.0,-0.0011882751173445394,-0.008635807939750606,0.010486601531160877,-0.04149975934966332,0.9984026226941198,0.9874992434492401,0.9919785328890028,35.98332536178823,0.013332821993872484
226.37716674804688,228.08477571151616,223.54769435597734,223.62711979019133,44633700,0.013422100401499604,2.9982147216796875,4.537081355538817,2.7500469578555453,224.48887939453124,223.84452209472656,225.79965515136718,225.33126434326172,0.011478972593916045,225.2101685739888,3.7626800537109375,6.2089080810546875,-8.141036987304688,-0.06865079282275788,45289160.0,-0.014109089939319919,0.01377044260225313,0.003969083290910502,-0.012028533840612421,0.016902224601749838,0.028200741190608003,-0.03471388087421845,1.0084114961890698,1.002557628337796,1.0046416213384037,41.51998140163432,0.001139628516370541
226.6352996826172,228.50175961033486,225.02697621656037,225.34466282087314,36211800,0.0011402781397011896,0.2581329345703125,3.474783393774487,1.2906368617440478,225.2930419921875,224.34842224121093,225.43625259399414,225.49829010009765,0.011493926654118882,225.34589534623913,4.02081298828125,5.03900146484375,-7.2680511474609375,-0.18868926394181973,44451860.0,0.013422100401499604,-0.014109089939319919,0.01377044260225313,0.0,0.018061775978676975,0.022739556144984352,-0.0310728816909549,1.0059578302044332,1.0053187855760826,1.005042209331232,47.250030071854205,0.003149127871053244
227.35012817382812,228.27342054954684,224.26253412411586,226.41689814964724,35169600,0.003154091583314589,0.7148284912109375,4.010886425430982,0.9332300241808866,226.0634552001953,224.99620056152344,225.36147537231446,225.62903533935548,0.010505219999937485,225.53677466315239,3.8520660400390625,6.477783203125,-1.49554443359375,-0.028780673703047044,41772540.0,0.0011402781397011896,0.013422100401499604,-0.014109089939319919,0.003969083290910502,0.01723534424980011,0.029328176888710145,-0.006535165889543837,1.0056916451732252,1.00882428018466,1.0076279758581783,56.66909437479965,-0.002098361143720062
226.87356567382812,228.50174921258224,224.08381355701644,227.2309725554499,42108300,-0.0020961611230569943,-0.4765625,4.417935655565799,-0.3574068816217846,226.1230224609375,225.1242691040039,225.27229080200195,225.7480682373047,0.010512567308728276,225.66408809274054,0.2978363037109375,1.2806854248046875,-1.78369140625,0.19729254810973118,41209420.0,0.003154091583314589,0.0011402781397011896,0.013422100401499604,0.01377044260225313,0.0013145110667365234,0.005676976256480115,-0.007800720733850741,1.0033191808809307,1.007108175027321,1.004985634850883,63.00447129298815,0.005890186650604376
228.21383666992188,229.05771868234922,226.4168797117104,226.4168797117104,38168300,0.005907567909522848,1.34027099609375,2.6408389706388107,1.7969569582114673,227.08999938964843,225.41317138671874,225.20846939086914,225.8992611694336,0.010569752984792352,225.90692129056734,4.8348846435546875,2.8890228271484375,-1.27642822265625,-0.09356825138986846,39258340.0,-0.0020961611230569943,0.003154091583314589,0.0011402781397011896,-0.014109089939319919,0.0216443160812394,0.0128215919848238,-0.005562014681771976,1.0049488629322911,1.0133448235192108,1.0102460516626137,67.64617097082304,0.01296652638810849
231.19224548339844,231.56951255942457,228.08480637706975,229.79241557012372,90152800,0.013050956317711693,2.9784088134765625,3.484706182354813,1.399829913274715,228.05301513671876,226.270947265625,225.19489364624025,226.23259674072267,0.010809522160723308,226.4102854994084,4.8150787353515625,8.5777587890625,-0.271514892578125,1.361981015659592,48362160.0,0.005907567909522848,-0.0020961611230569943,0.003154091583314589,0.013422100401499604,0.02127016078750832,0.038531898424204236,-0.0011730341377721443,1.013765353397313,1.0266318287242315,1.0219227857264082,69.70637229526217,0.009360390697106528
233.366455078125,233.87279036398945,231.6489234928732,231.6489234928732,45986200,0.00940433616266212,2.1742095947265625,2.2238668711162575,1.7175315852518054,229.3992462158203,227.3461441040039,225.27664031982422,226.60009490966797,0.011011535894946937,227.07277784023853,6.7311553955078125,10.751968383789062,1.6349334716796875,-0.4899082446690508,50317040.0,0.013050956317711693,0.005907567909522848,-0.0020961611230569943,0.0011402781397011896,0.029700383854299073,0.04829860151263299,0.0070552916597006465,1.0172939053974586,1.035910579751259,1.0298603589338935,74.21566597857654,-0.0005532492019868327
233.2373809814453,233.99191506726265,232.12545514826604,232.78070364946953,33498400,-0.0005530961878666973,-0.1290740966796875,1.8664599189966111,0.45667733197578286,230.57669677734376,228.32007598876953,225.52895278930663,226.88765869140624,0.01038172046869315,227.65988290130582,5.8872528076171875,9.73931884765625,5.0462493896484375,-0.27155537965737553,49982800.0,0.00940433616266212,0.013050956317711693,0.005907567909522848,0.003154091583314589,0.02589509341783125,0.04357674851706839,0.02211413456100253,1.0115392589159642,1.034179328626334,1.027986195135785,68.02428325960379,0.010164032981618944
235.62010192871094,236.0966394139658,232.28430923421996,233.11825362062933,28481400,0.010215862214021154,2.382720947265625,3.812330179745828,2.5018483080816054,232.3260040283203,229.2245132446289,226.10816345214843,227.06063415527345,0.009500920941526927,228.41799899915392,8.746536254882812,9.04437255859375,11.584213256835938,-0.14976834714493825,47257420.0,-0.0005530961878666973,0.00940433616266212,0.013050956317711693,-0.0020961611230569943,0.03855246964936199,0.03991765836410277,0.051706953406033485,1.0141787739782633,1.0420680895874666,1.0376968372579465,72.07321621356365,0.00947753489435474
237.8638153076172,239.0551666028684,235.45133007089746,235.5605381566453,48137100,0.009522588949499422,2.24371337890625,3.6038365319709555,2.303277150971894,234.25599975585936,230.6729995727539,226.9483154296875,227.29177276611327,0.008844754714878124,229.3176005523409,9.649978637695312,14.48486328125,16.80303955078125,0.6901240809791653,49251180.0,0.010215862214021154,-0.0005530961878666973,0.00940433616266212,0.005907567909522848,0.042284809626388364,0.06484435149261625,0.07601094989942658,1.0154011660555882,1.0480968534939907,1.0465130893777783,83.362265234315,0.012690863135458346
240.90174865722656,241.01095673492534,237.17876666593097,238.0822139315433,38861000,0.012771733883443215,3.037933349609375,3.832190068994379,2.819534725683269,236.197900390625,232.12545776367188,227.98498992919923,227.61798278808592,0.008868739988869865,230.4208527528062,9.709503173828125,14.524581909179688,20.733489990234375,-0.19270167916222625,38992820.0,0.009522588949499422,0.010215862214021154,-0.0005530961878666973,0.013050956317711693,0.04199752960367076,0.06416098459852737,0.0941711131103331,1.0199148606267132,1.0566561804443293,1.0583599138628161,85.31437993852188,0.0014826468663450905
241.25918579101562,242.35126670496282,239.5118714775545,241.12019505186365,44383900,0.0014837465306143383,0.3574371337890625,2.8393952274083176,0.13899073915197846,237.7764465332031,233.5878463745117,228.96813430786133,227.9334912109375,0.008881711464243816,231.4530749469214,7.892730712890625,14.623886108398438,19.662887573242188,0.14211934844702911,38672360.0,0.012771733883443215,0.009522588949499422,0.010215862214021154,0.00940433616266212,0.03382118784059318,0.06452607395616616,0.0887329243826922,1.014647116266523,1.0536801835779832,1.0584630828461539,85.00977211629329,0.00012332298932588406
241.2889404296875,242.77813324010052,240.3855083044983,242.23210799536452,40033900,0.000123330593918336,0.029754638671875,2.392624935602214,-0.9431675656770153,239.38675842285156,234.98172760009766,229.98896408081055,228.2694287109375,0.008761281542180034,232.38982404051816,8.051559448242188,13.938812255859375,20.416595458984375,-0.09800851209560224,39979460.0,0.0014837465306143383,0.012771733883443215,0.009522588949499422,-0.0005530961878666973,0.03452087917623592,0.06130989398520148,0.09243617828973782,1.0079460619265996,1.049132689448988,1.0570357221826532,82.96259832425724,-0.0008232001692714328
241.09039306640625,242.86750503393802,240.33587413565135,241.15989600483465,36870600,-0.0008228614329677253,-0.19854736328125,2.5316308982866644,-0.06950293842839983,240.48081665039064,236.40341033935547,230.7638397216797,228.57858520507813,0.007867289172148842,233.21844966203133,5.4702911376953125,14.216827392578125,15.497512817382812,-0.07901553433465136,41657300.0,0.000123330593918336,0.0014837465306143383,0.012771733883443215,0.010215862214021154,0.023216572325184703,0.06266409817447571,0.06869681702842612,1.002534823461207,1.0447494432281126,1.05473744554899,95.83751598358164,0.01597303955924295
244.97225952148438,245.45873471029222,240.0082826314847,240.08770807958732,44649200,0.016101290498161447,3.881866455078125,5.45045207880753,4.8845514418970595,241.90250549316406,238.07925262451172,231.74621200561523,228.96002471923828,0.008280620315221754,234.3378601248364,7.1084442138671875,16.7584228515625,19.647445678710938,0.21097025814605685,40959720.0,-0.0008228614329677253,0.000123330593918336,0.0014837465306143383,0.009522588949499422,0.029884512718650447,0.07343298327612424,0.08719610301074288,1.0126900464385933,1.0570712565327656,1.0699346308242281,96.01957321982336,0.004125087002401766
245.98487854003906,246.4217108653419,243.57237825215392,245.11121388943334,36914800,0.0041336068848476515,1.0126190185546875,2.8493326131879826,0.8736646506057184,242.91913146972655,239.5585159301758,232.91473159790038,229.25838043212892,0.00734736594540692,235.4470999739033,5.0831298828125,14.792633056640625,23.370391845703125,-0.17322594805730007,40570480.0,0.016101290498161447,-0.0008228614329677253,0.000123330593918336,0.012771733883443215,0.02110042750268759,0.06398412293505262,0.10498145108495205,1.0126204430740549,1.0561155872471937,1.0729591567225694,96.16286858390971,-0.005179490389872387
244.71409606933594,248.9930409884295,244.48574226451257,246.17350623578653,45205800,-0.005166099958035741,-1.270782470703125,4.507298723916932,-1.4594101664505956,243.61011352539063,240.6932800292969,234.01971206665038,229.6659942626953,0.007619268509000186,236.32967103061117,3.4549102783203125,11.347640991210938,22.099609375,0.22459826411087147,40734860.0,0.0041336068848476515,0.016101290498161447,-0.0008228614329677253,0.0014837465306143383,0.01432032636184477,0.04862584465026076,0.09927300645687165,1.0045317599009709,1.0456986461022553,1.0655216801030996,90.35522914176894,0.005946090808954336
246.17352294921875,246.9479020514793,243.9099357862414,245.11122473397327,32777500,0.0059638038973828245,1.4594268798828125,3.0379662652379125,1.0622982152454767,244.58703002929687,241.9868942260742,235.1534851074219,230.09149047851562,0.007621271565890849,237.26718073714522,4.88458251953125,12.936141967773438,22.675460815429688,-0.274927111122909,39283580.0,-0.005166099958035741,0.0041336068848476515,0.016101290498161447,0.000123330593918336,0.020243706615117985,0.05546341634149354,0.10145708020437261,1.006486414752785,1.0468631703959765,1.0698940775135044,92.89496102684033,0.0006853687309945354
246.34230041503906,247.4939314395242,244.46591792091505,246.03453629863122,33155300,0.0006856036498088525,0.1687774658203125,3.028013518609157,0.30776411640783863,245.63741149902344,243.05911407470703,236.14181365966797,230.54237884521484,0.007374731330574889,238.1314778493256,5.2519073486328125,10.722198486328125,19.766571044921875,0.011526199374571,38540520.0,0.0059638038973828245,-0.005166099958035741,0.0041336068848476515,-0.0008228614329677253,0.021783976050784526,0.045506297631482395,0.08724046083785386,1.002869631754031,1.0431964445317263,1.068533697140482,92.5046491310293,0.011659379140598981
249.23130798339844,249.56886987487528,245.86573275817128,246.20329464964811,51694800,0.011727614638216588,2.889007568359375,3.7031371167039993,3.028013333750323,246.48922119140624,244.19586334228515,237.43443145751954,231.02863494873046,0.006158221463812045,239.18860452876112,4.2590484619140625,11.36749267578125,25.85235595703125,0.5591715351693394,39949640.0,0.0006856036498088525,0.0059638038973828245,-0.005166099958035741,0.016101290498161447,0.01738583980991759,0.04778991987949177,0.11573317773457759,1.0111245707976126,1.0496847759335592,1.0787896835329849,92.47309432828871,0.009672712074720584
251.65374755859375,252.00123197197036,247.98040799068028,248.27824960945253,51356400,0.009719643951620505,2.4224395751953125,4.020823981290079,3.37549794914122,247.62299499511718,245.27106323242188,238.69826049804686,231.66469207763672,0.005960278613740089,240.3757610077928,5.6688690185546875,10.751998901367188,25.276580810546875,-0.006546112955268191,42837960.0,0.011727614638216588,0.0006856036498088525,0.0059638038973828245,0.0041336068848476515,0.02304559960026964,0.04463229910657884,0.11165693596068005,1.0162777797092555,1.0542755822079102,1.0862844281607582,92.56006113714523,-0.02165461019165992
246.2628631591797,252.44797328398425,245.95509905753715,250.34325221557475,56774100,-0.021421832385622896,-5.3908843994140625,6.4928742264471,-4.080389056395063,247.93274841308593,245.77143096923828,239.679638671875,232.11200805664063,0.008420931438913213,240.93643740316298,1.54876708984375,5.0036773681640625,19.6275634765625,0.1054922073977147,45151620.0,0.009719643951620505,0.011727614638216588,0.0006856036498088525,-0.005166099958035741,0.006328883847397604,0.02073984189144351,0.08660417641933615,0.9932647652857701,1.0274667657368977,1.06096563129593,74.35041818327039,0.006990222180880297
247.99032592773438,250.184410158509,245.3097817058068,245.71683140567848,60882300,0.007014710811017011,1.7274627685546875,4.874628452702183,2.2734945220558984,248.29610900878907,246.44156951904296,240.7116485595703,232.51909912109375,0.008440034573856703,241.60823631026503,1.816802978515625,6.701385498046875,20.64019775390625,0.07236046013939457,50772580.0,-0.021421832385622896,0.009719643951620505,0.011727614638216588,0.0059638038973828245,0.00738017215153719,0.02777328080645991,0.09078595169352655,0.9987684741324566,1.0302381601045068,1.0665374451609386,73.70623734923623,0.018640977671554624
252.65646362304688,253.16278373693368,243.9198625662762,246.25292226826556,147495300,0.018815805325697488,4.6661376953125,9.242921170657468,6.403541354781311,249.55894165039064,247.59817657470703,242.00079345703125,233.02942993164064,0.00887838274222961,242.66044843529187,6.3141632080078125,11.566070556640625,25.78289794921875,1.422630222577005,73640580.0,0.007014710811017011,-0.021421832385622896,0.009719643951620505,0.0006856036498088525,0.025631664547134836,0.047974000164555886,0.11364434579516569,1.012411985530038,1.04403155053253,1.0842255576781175,75.940112370915,0.003060278860076619
253.43084716796875,253.80809906094288,251.62395254537785,252.93444954402884,40858800,0.0030649662938257993,0.774383544921875,2.1841465155650326,0.49639762393991305,250.3988494873047,248.44403533935548,243.2616439819336,233.58480072021484,0.008893141879864574,243.6862006955468,4.1995391845703125,8.458587646484375,25.217010498046875,-0.7229823594378939,71473380.0,0.018815805325697488,0.007014710811017011,-0.021421832385622896,0.011727614638216588,0.01684996647712511,0.03452875710501635,0.11049729002417852,1.0121086725712682,1.0418035618750912,1.0849629187625323,73.86537959610274,0.011412728025814072
256.3397521972656,256.34965954757746,253.45069916161225,253.64927033575188,23234700,0.011478101666798635,2.908905029296875,2.8989603859652107,2.690481861513746,251.33605041503907,249.47952270507812,244.51901931762694,234.12397216796876,0.008827628756718678,244.89130083856764,4.686004638671875,10.354873657226562,25.147506713867188,-0.4313415959352698,65849040.0,0.0030649662938257993,0.018815805325697488,0.007014710811017011,0.009719643951620505,0.01862084186757773,0.0420955699337473,0.10877314099046198,1.0199084125574656,1.0483427952256086,1.0948889591423747,76.18063451058595,0.003170779966489601
257.1538391113281,258.2260750496306,255.77386933789322,256.32983230675023,27237100,0.003175812206590578,0.8140869140625,2.4522057117373777,0.8240068045778912,253.51424560546874,250.72349700927734,245.7083885192871,234.62884826660155,0.008781734777858874,246.0591616264496,10.890975952148438,12.439743041992188,23.787384033203125,0.1722595944858336,59941640.0,0.011478101666798635,0.0030649662938257993,0.018815805325697488,-0.021421832385622896,0.04422500336605251,0.05083378212290457,0.10193146236565886,1.0143565640548795,1.0465814401413593,1.0960026484856291,76.81210622083404,-0.013330744016078425
253.74853515625,256.836144148833,251.2367643772991,255.97238682838486,42355300,-0.01324228316732956,-3.405303955078125,5.599379771533904,-2.223851672134856,254.66588745117187,251.48099822998046,246.73394622802735,235.1066751098633,0.009615386299818358,246.79148291500204,5.758209228515625,7.57501220703125,20.511154174804688,0.555059092194103,56236240.0,0.003175812206590578,0.011478101666798635,0.0030649662938257993,0.007014710811017011,0.023219491353036137,0.030771027348029723,0.08794110999058247,0.9963978202809053,1.0284297683211368,1.07929107090505,69.30060649716016,-0.013352151443498387
250.38296508789062,251.67360197393796,248.9434149702759,250.4127477342041,35557500,-0.013263406885430706,-3.365570068359375,2.730187003662053,-0.029782646313464056,254.21118774414063,251.88506469726562,247.47208938598632,235.5098519897461,0.010262429948372929,247.13352883622954,-2.27349853515625,4.0406646728515625,14.762863159179688,-0.16049467244949278,33848680.0,-0.01324228316732956,0.003175812206590578,0.011478101666798635,0.018815805325697488,-0.008998378678125585,0.01640264244526346,0.0626553636058027,0.9849407782158547,1.0117624403993462,1.0631528276736044,58.38198849673746,-0.007082877365050594
248.6157989501953,251.4551941340452,247.63292614272083,250.6212497119267,39480700,-0.007057852905747786,-1.7671661376953125,3.8222679913243667,-2.005450761731396,253.24817810058593,251.82351379394532,248.00968856811522,235.82115814208984,0.010384695954034203,247.274697418512,-4.8150482177734375,-0.615509033203125,10.751983642578125,0.11033396611122837,33573060.0,-0.013263406885430706,-0.01324228316732956,0.003175812206590578,0.0030649662938257993,-0.018999455952503408,-0.0024696296712615196,0.04520226680410855,0.9817081442198936,1.002443898000838,1.0542556949041708,53.9825821508623,-0.026586328112937273
242.09310913085938,247.30528379202167,240.07773614045146,247.1364952815275,55740700,-0.026236022999659103,-6.5226898193359375,7.227547651570205,-5.043386150668113,250.3988494873047,250.86744995117186,248.0692565917969,235.97265625,0.01186497737273099,246.78121281968794,-14.24664306640625,-9.560638427734375,1.1913604736328125,0.41184680109521876,40074260.0,-0.007057852905747786,-0.013263406885430706,-0.01324228316732956,0.011478101666798635,-0.05557718982049564,-0.037991242016009785,0.004945420613480023,0.9668299579912151,0.9759093587692271,1.0259371275389428,46.57675881324822,-0.0020113731344405163
241.60665893554688,242.42074318433572,240.14724866814672,241.60665893554688,40244100,-0.002009351679025051,-0.4864501953125,2.273494516189004,0.0,247.28941345214844,250.4018295288086,248.08663024902344,236.1267224121094,0.01187255754605712,246.28839816405545,-15.54718017578125,-4.6562042236328125,0.34747314453125,-0.27801229622161183,42675660.0,-0.026236022999659103,-0.007057852905747786,-0.013263406885430706,0.003175812206590578,-0.0604586741909402,-0.018907455894489167,0.0014402483511331,0.9770198228979131,0.9738802074623202,1.023207608471664,43.8797186209153,0.00671633916018187
243.23483276367188,245.54804748087855,241.4477983095151,242.54980162717402,45045600,0.006738944345732412,1.628173828125,4.100249171363458,0.6850311364978552,245.18667297363282,249.92628021240233,248.18392486572264,236.41450561523436,0.011963898555507271,245.99758241163798,-10.513702392578125,-4.7554931640625,1.945892333984375,0.1193094142992388,43213720.0,-0.002009351679025051,-0.026236022999659103,-0.007057852905747786,-0.01324228316732956,-0.04143354910838848,-0.019176123690600178,0.008064573247821283,0.9920393707117562,0.9800587725223202,1.0288490214705253,45.992294380029776,-0.011453023445924242
240.46495056152344,243.78088314896328,239.61114601786818,241.22939201717418,40856000,-0.011387687243132882,-2.7698822021484375,4.169737131095104,-0.76444145565074,243.20307006835938,248.70712890625,248.15265274047852,236.65065948486327,0.012253710902539485,245.47066509257945,-9.918014526367188,-12.191513061523438,-0.6254425048828125,-0.09300797414175854,44273420.0,0.006738944345732412,-0.002009351679025051,-0.026236022999659103,-0.013263406885430706,-0.03961137900450107,-0.048253319494381386,-0.002594224087189345,0.9887414270466803,0.9690202700069663,1.0161178130031965,38.65916864855646,0.0020209133301735496
240.95140075683594,241.95413364050106,238.32049944087447,240.17702168463396,37628900,0.002022956751811744,0.4864501953125,3.6336341996265844,0.774379072201981,241.6701904296875,247.4591842651367,247.95160980224608,236.87988220214845,0.011666881605986685,245.04025896536578,-7.664398193359375,-12.479446411132812,-4.0208587646484375,-0.07898717446641867,43903060.0,-0.011387687243132882,0.006738944345732412,-0.002009351679025051,-0.007057852905747786,-0.03082828293987372,-0.04924201828856967,-0.016413526872400053,0.9970257412733712,0.971767841914827,1.0171881145702906,35.42452616498598,-0.024399057895535963
235.1435546875,238.42970445265777,231.32128701842691,238.28077607985776,61710900,-0.024103807037823,-5.8078460693359375,7.108417434230859,-3.137221392357759,240.28027954101563,245.33956451416014,247.40954360961913,236.95347808837892,0.012705579868380935,244.09771570080713,-6.949554443359375,-21.196197509765625,-10.841323852539062,0.6399868186420543,45097100.0,0.002022956751811744,-0.011387687243132882,0.006738944345732412,-0.026236022999659103,-0.028706122484481456,-0.0826879066866466,-0.044073131311502256,0.9786219457405001,0.950422329134266,0.992361693039999,35.02672203535404,-0.010397946612852217
232.71121215820312,232.9792711307645,228.06493742769467,231.84748509521594,49630700,-0.010344074846233342,-2.432342529296875,4.914333703069815,0.8637270629871807,238.50119018554688,242.89530181884766,246.8093994140625,236.97307189941407,0.012821979748081021,243.0132867919877,-8.89544677734375,-24.442626953125,-12.002883911132812,-0.19575472080296996,46974420.0,-0.024103807037823,0.002022956751811744,-0.011387687243132882,-0.002009351679025051,-0.03681788745614323,-0.09505060098497375,-0.04904860040319048,0.9757234837157864,0.9428782400940597,0.9820154260268865,29.808435299526522,-0.004789510663034648
231.59930419921875,234.41883943252472,230.79514236813586,233.05871461446375,39435300,-0.004778059246360988,-1.111907958984375,3.623697064388864,-1.459410415245003,236.17408447265626,240.68037872314454,246.0806884765625,237.0412353515625,0.01267588988033937,241.9262408307716,-11.635528564453125,-22.14923095703125,-14.57421875,-0.20542527105199004,45852360.0,-0.010344074846233342,-0.024103807037823,0.002022956751811744,0.006738944345732412,-0.047836604783321746,-0.08728811357824184,-0.059203031160286135,0.9806296263044595,0.9411518865336602,0.9770422595702698,19.28756148042642,0.019484727008488755
236.1562042236328,237.2383625727966,232.74098609709984,232.94947976770305,39832000,0.01967579324199642,4.5569000244140625,4.497376475696768,3.206724455929759,235.3123352050781,239.25770263671876,245.57138366699218,237.28364166259766,0.013638805058032147,241.37671353485362,-4.308746337890625,-14.226760864257812,-10.18609619140625,0.010059515205919523,45647560.0,-0.004778059246360988,-0.010344074846233342,-0.024103807037823,-0.011387687243132882,-0.01791839653899263,-0.056820003147034615,-0.04134935889713076,1.0035861656713374,0.9616601116027149,0.9952485665212101,27.308230251577342,-0.0412390164613867
226.6154327392578,236.29518618874627,226.38709407905125,235.63995285298606,71759100,-0.0404002575995851,-9.540771484375,9.90809210969502,-9.024520113728244,232.4451416015625,237.057666015625,244.44058990478516,237.3947348022461,0.015698562282282887,239.97087726860642,-14.335968017578125,-22.0003662109375,-22.615875244140625,0.8015439847358907,52473600.0,0.01967579324199642,-0.004778059246360988,-0.010344074846233342,0.002022956751811744,-0.05949734250370986,-0.0884914245347086,-0.09074251315828707,0.9749200657749282,0.9270777526250014,0.9545933397723938,16.748003784010947,0.007507166770253475
228.3230743408203,230.61642921557544,226.83388128979956,230.447655820989,68488300,0.007535416193509281,1.7076416015625,3.782547925775873,-2.1245814801687004,231.08104553222657,235.6806625366211,243.2740562438965,237.55783111572265,0.015600796855002454,238.86156270405536,-6.8204803466796875,-13.770034790039062,-23.330673217773438,-0.045580281803980216,53829080.0,-0.0404002575995851,0.01967579324199642,-0.004778059246360988,-0.024103807037823,-0.02900560194279589,-0.056879086065171336,-0.09270942095682977,0.9880649181543467,0.9385426373287954,0.9611262793083686,18.37975825769891,-0.03243640011036173
221.03591918945312,222.80309340530198,217.79941234276583,222.38612124582832,98070400,-0.03191598208987656,-7.2871551513671875,5.003681062536145,-1.3502020563751955,228.74598693847656,233.62358856201172,242.01270904541016,237.54662353515624,0.01635001725162921,237.16388236933133,-11.67529296875,-20.57073974609375,-25.226943969726562,0.43192924922943043,63517020.0,0.007535416193509281,-0.0404002575995851,0.01967579324199642,-0.010344074846233342,-0.050170736770572266,-0.08514144368670473,-0.10243909148989438,0.9662941944808976,0.9133236021418154,0.9304948893821697,16.93754842498508,0.0053309272444518165
222.21739196777344,222.50529596279392,218.2064901448012,218.2064901448012,64126500,0.005345161920527808,1.1814727783203125,4.298805817992729,4.010901822972244,226.8696044921875,231.52184448242187,240.72406234741212,237.57352447509766,0.016288189238635956,235.74040709299248,-9.381912231445312,-21.017440795898438,-25.772933959960938,-0.3461176868861553,68455260.0,-0.03191598208987656,0.007535416193509281,-0.0404002575995851,-0.004778059246360988,-0.04050924187308924,-0.08640802206285592,-0.10392717483451874,0.97949389238445,0.9231208122728923,0.9353626102013997,20.218387210546908,-0.0007599411193292016
222.048583984375,225.39429904989126,220.69838187044374,223.12080464680741,60234800,-0.0007596524372085467,-0.1688079833984375,4.69591717944752,-1.0722206624324144,224.04808044433594,229.68020782470703,239.19366836547852,237.5026385498047,0.015319313195017219,234.4364239397908,-14.107620239257812,-18.416366577148438,-30.607879638671875,-0.06068785915339214,72535820.0,0.005345161920527808,-0.03191598208987656,0.007535416193509281,0.01967579324199642,-0.05973851199733171,-0.07658649018970676,-0.1211442573040109,0.9910755920961452,0.9283213284939195,0.934931019462384,20.925703709220457,-0.003942361475965803
221.17491149902344,224.00438385368136,219.81478693461753,223.16050188156166,54697900,-0.003934600571076086,-0.8736724853515625,4.189596919063831,-1.98559038253822,222.95997619628906,227.7025588989258,237.58087158203125,237.4196405029297,0.015172804137755043,233.17342275495582,-5.440521240234375,-19.7764892578125,-32.25593566894531,-0.09192194545345878,69123580.0,-0.0007596524372085467,0.005345161920527808,-0.03191598208987656,-0.0404002575995851,-0.02400772610440083,-0.08207667270534191,-0.12727706997549015,0.9919937886264659,0.9309457871176164,0.9315779900538355,23.87803174281362,0.031285832068581224
228.2039337158203,230.47742834163907,222.36629236472388,222.40601266103107,94863400,0.03178037766199315,7.029022216796875,8.111135976915193,5.797921054789242,222.93614807128907,227.00859680175782,236.174080657959,237.53142944335937,0.017018037017339952,232.70013808456196,-0.119140625,-6.9396209716796875,-28.135818481445312,0.7343152113700893,74398600.0,-0.003934600571076086,-0.0007596524372085467,0.005345161920527808,0.007535416193509281,-0.00052180720386652,-0.029512273814616186,-0.10975987235796913,1.0236291229130179,0.9662530836578909,0.960731530352015,35.613851017475426,0.03589200838529228
236.54339599609375,238.4594987479956,229.147074251248,229.18679454547646,75707600,0.03654390239678551,8.339462280273438,9.31242449674761,7.3566014506172905,226.0376434326172,227.39181518554688,235.14355850219727,237.81000762939453,0.019398787536555523,233.066162647565,15.507476806640625,3.832183837890625,-20.610443115234375,-0.2019303545940795,69926040.0,0.03178037766199315,-0.003934600571076086,-0.0007596524372085467,-0.03191598208987656,0.07015817548345593,0.016467551358399612,-0.08014830027994102,1.046477889275148,1.0059531186089599,0.9946738505838043,43.72206977431346,0.004606166778231802
237.63546752929688,238.1318651456976,232.3240069742682,232.43321505583046,45486100,0.004616791471198534,1.092071533203125,5.8078581714293875,5.202252473466416,229.1212585449219,227.99543151855468,234.3379051208496,238.09275573730469,0.01936145655321648,233.50133454106327,15.418075561523438,6.036163330078125,-16.113067626953125,-0.39918713576972453,66197960.0,0.03654390239678551,0.03178037766199315,-0.003934600571076086,0.005345161920527808,0.0693828481425045,0.026062959692166876,-0.06350014047187003,1.0371602750370965,1.014071826778287,0.9980793695020593,47.25907750522885,-0.007422197244272815
235.8782196044922,239.05516137192973,235.50096771104396,236.95044029141235,55658300,-0.007394720758962636,-1.7572479248046875,3.5541936608857725,-1.0722206869201614,231.8871856689453,227.96763305664064,233.6126678466797,238.2788055419922,0.019243374058582185,233.72770454710414,13.829635620117188,-0.277984619140625,-14.504745483398438,0.22363315386458726,65282660.0,0.004616791471198534,0.03654390239678551,0.03178037766199315,-0.0007596524372085467,0.062282025725912016,-0.0011771218124652094,-0.05793024089441112,1.01721110170031,1.0096978977154585,0.9899253064827163,45.20369260100671,-0.006714662304453805
234.2996826171875,245.40906406001392,231.75812916176676,245.40906406001392,100959800,-0.006692169331918407,-1.5785369873046875,13.650934898247158,-11.109381442826418,234.51213989257812,228.7360580444336,232.8968620300293,238.4972201538086,0.019239291944919818,233.78217864901683,13.124771118164062,7.6842498779296875,-14.316116333007812,0.8139217331467186,74535040.0,-0.007394720758962636,0.004616791471198534,0.03654390239678551,-0.003934600571076086,0.05934113878111358,0.033908766870132556,-0.05758329274912943,0.999094045726213,1.0060233554670106,0.9824000567641247,49.13283613262225,-0.03444238440263603
226.3672332763672,230.15971829856622,224.0738787357251,228.33297872450572,73063300,-0.03385599695318753,-7.9324493408203125,6.08583956284113,-1.9657454481385344,234.1447998046875,228.54047393798828,232.11056823730468,238.497021484375,0.019795549954703576,233.07599337543115,-1.836700439453125,-1.955841064453125,-15.725875854492188,-0.27631294832200537,70175020.0,-0.006692169331918407,-0.007394720758962636,0.004616791471198534,0.03178037766199315,-0.008048504727969918,-0.00856611216408909,-0.0649579655982353,0.9667830909129395,0.9752560385140859,0.9491407140746934,44.142987190782485,0.020790378263206278
231.1227569580078,231.45038123633566,225.01705656002386,225.61273982041166,45067300,0.02100800373274292,4.755523681640625,6.433324676311798,5.510017137596151,233.0606719970703,229.54915771484374,231.58637313842775,238.5867706298828,0.02052208051162216,232.88997085948608,-5.4206390380859375,10.086837768554688,-10.483901977539062,-0.38317458970509133,64046960.0,-0.03385599695318753,-0.006692169331918407,-0.007394720758962636,0.03654390239678551,-0.022916044708242267,0.04563438288918609,-0.04339243803845594,0.9916849332731399,0.9979980852321444,0.9687157269777802,49.58776714750599,-0.0014185931736733547
230.7951202392578,230.99367626573292,226.625383087866,226.88350440739822,39620300,-0.0014175874460061744,-0.32763671875,4.368293177866917,3.911615831859592,231.6926025390625,230.40693054199218,230.96438751220703,238.6556704711914,0.02041975200708879,232.6904612766072,-6.8403472900390625,8.577728271484375,-12.439712524414062,-0.12086368608725173,62873800.0,0.02100800373274292,-0.03385599695318753,-0.006692169331918407,0.004616791471198534,-0.028785043584437786,0.038600616250272335,-0.051142808713177,0.9961264093459635,0.9992671282582893,0.9670632161539927,44.996325686583916,0.0032209720557260426
231.53970336914062,232.11552641696264,228.76979621063217,229.62360070928509,29925300,0.0032261649601210696,0.7445831298828125,3.3457302063304724,1.9161026598555395,230.82489929199218,231.35604248046874,230.51812515258788,238.74899322509765,0.02034339776190377,232.58086528541992,-4.3385162353515625,9.491119384765625,-8.925247192382812,-0.24469779380771983,57727200.0,-0.0014175874460061744,0.02100800373274292,-0.03385599695318753,-0.007394720758962636,-0.01839303451851615,0.04274343575833606,-0.03711662415475081,1.0030967373075477,1.0044316611367394,0.9698038942130326,55.498871487220704,-0.024260656362246783
225.989990234375,232.31409120281862,225.62264568638093,230.9241838961893,39707200,-0.023968732161316564,-5.549713134765625,6.691445516437682,-4.934193661814305,229.1629608154297,231.8375503540039,229.77005462646486,238.7045162963867,0.020915733479784395,231.95316289960613,-8.3096923828125,4.8150787353515625,-14.961410522460938,0.32687725770501874,45476680.0,0.0032261649601210696,-0.0014175874460061744,0.02100800373274292,-0.006692169331918407,-0.03546608467408541,0.021770456254360582,-0.062093063063616505,0.9861540862896677,0.9835484898228576,0.9467352932433638,47.60056456196701,0.0011866980292349104
226.25833129882812,229.1803610121675,225.81108525741098,228.16660736242451,33115600,0.0011874024339522116,0.268341064453125,3.3692757547565293,-1.9082760635963893,229.14118041992188,231.6429901123047,229.32579345703124,238.6058380126953,0.02032842432575775,231.41079798524632,-0.1089019775390625,-1.9456024169921875,-8.885223388671875,-0.16600515775476488,37487140.0,-0.023968732161316564,0.0032261649601210696,-0.0014175874460061744,-0.03385599695318753,-0.0004810854290298039,-0.008525718138649774,-0.03778637862509193,0.9874188955655606,0.9866239984959307,0.9482514475894332,56.27715774546421,0.02159674247760015
231.1979217529297,233.79196667406026,226.7353801285285,226.80494431220234,53718400,0.021831640080371972,4.9395904541015625,7.056586545531758,4.39297744072735,229.15621337890624,231.1084426879883,229.25012893676757,238.5624673461914,0.020876393945877838,231.39052405835903,0.075164794921875,-5.3454742431640625,-1.5132904052734375,0.622147869886096,39217360.0,0.0011874024339522116,-0.023968732161316564,0.0032261649601210696,0.02100800373274292,0.0003252158978681585,-0.022598281472429482,-0.006502868474788648,1.0089096793140298,1.0084963651937546,0.9691294876550107,59.899902236976764,0.018105423344237107
235.42198181152344,235.5114431570428,229.2698195612854,229.7866449882993,45243300,0.018270320193915168,4.22406005859375,6.241623595757403,5.635336823224151,230.0815856933594,230.88709411621093,229.4412628173828,238.60615936279297,0.021238646269485024,231.77447241580327,4.626861572265625,-2.2134857177734375,3.8226776123046875,-0.15776903258473818,40341960.0,0.021831640080371972,0.0011874024339522116,-0.023968732161316564,-0.0014175874460061744,0.02004748439858317,-0.009314626898026312,0.016505566048749643,1.0232108801843944,1.0260664490802633,0.9866550907161282,63.53256487513815,0.019482169270881797
240.05348205566406,240.85852795215618,234.1299251101732,235.4617298072221,53614100,0.019673185182208508,4.631500244140625,6.72860284198299,4.5917522484419635,231.78434143066406,231.30462036132812,229.63612670898436,238.69482696533203,0.021238525794832597,232.56294952436144,8.513778686523438,4.175262451171875,3.89727783203125,0.1850174500975834,45079720.0,0.018270320193915168,0.021831640080371972,0.0011874024339522116,0.0032261649601210696,0.03677027551922718,0.017700924053830613,0.016502966097560856,1.03567601061383,1.045364618781789,1.005692017324403,67.75311576992263,0.012630623761790957
243.104736328125,244.0489258287467,239.5168040933544,239.77520922194773,40896200,0.012710726986053134,3.0512542724609375,4.5321217353922805,3.3295271061772667,235.20729064941406,232.18512573242188,230.46059188842773,238.7996453857422,0.018986062862357014,233.56692921995798,17.11474609375,8.8050537109375,16.489303588867188,-0.23721185285214152,45317520.0,0.019673185182208508,0.018270320193915168,0.021831640080371972,-0.023968732161316564,0.07573231927662039,0.03758030575450544,0.07276337445137582,1.033576534370622,1.054864670510864,1.018028045793069,65.1455637600443,-0.0005316464754096564
242.97552490234375,243.6811760890431,240.3615975750387,242.65747382373942,48822500,-0.0005315051764637202,-0.12921142578125,3.319578514004405,0.31805107860432713,238.55072937011718,233.84595489501953,231.1932144165039,238.84112091064452,0.018985746521238186,234.46298595161377,16.717193603515625,16.608291625976562,14.652450561523438,0.19381507328309233,48458900.0,0.012710726986053134,0.019673185182208508,0.018270320193915168,0.0011874024339522116,0.07388542780966856,0.07336879717790179,0.06417419966784244,1.0185486564803639,1.050963046279609,1.0173102687507733,57.84755851004812,0.0016348461860650533
243.37307739257812,244.50610783818917,241.67353930691675,243.16436963880025,32204200,0.001636183275637082,0.397552490234375,2.8325685312724147,0.20870775377787254,240.9857604980469,235.07098693847655,232.31007232666016,238.88339874267578,0.017100259540168982,235.31156608884845,12.175155639648438,12.250320434570312,22.337158203125,-0.3403819960059399,44156060.0,-0.0005315051764637202,0.012710726986053134,0.019673185182208508,0.021831640080371972,0.05266118115308771,0.053003523304267386,0.10105668927039635,1.0099064645545752,1.0476217193474153,1.0187944355846117,57.120884215278636,0.0039127854671376595
244.32720947265625,245.2713989598738,242.7966152101895,243.44265077076676,32316900,0.003920450406020182,0.954132080078125,2.4747837496843204,0.8845587018894889,242.76680603027344,236.4241958618164,233.4155632019043,238.94416412353516,0.017101554476024655,236.17019879206825,8.905227661132812,13.532089233398438,22.109817504882812,0.0034995435377993545,41570780.0,0.001636183275637082,-0.0005315051764637202,0.012710726986053134,0.018270320193915168,0.037826661693223906,0.058632475501952275,0.09949634143887898,1.0064275815458403,1.0467477237638751,1.022528465463329,60.69923470482051,-0.0011397161979061871
244.0489044189453,247.1697083342209,243.72091995824803,244.44645306890683,53197400,-0.0011390669680696464,-0.2783050537109375,3.4487883759728675,-0.3975486499615215,243.56589050292968,237.67511596679688,234.5155792236328,239.00333435058593,0.0171083634926852,236.9205517089137,3.99542236328125,12.509201049804688,22.000320434570312,0.646117047117762,41487440.0,0.003920450406020182,0.001636183275637082,-0.0005315051764637202,0.019673185182208508,0.01664388422557761,0.05402615995348947,0.09907885940906702,1.0019830934250205,1.0406511380901546,1.0211108773108504,62.76615767875618,0.00629259403956299
245.58944702148438,247.33868242018207,242.92582237394555,243.43269920852308,51326400,0.0063124340025493275,1.5405426025390625,4.412860046236517,2.1567478129612994,244.06283264160157,239.63506164550782,235.73630599975587,239.01567810058594,0.016983680940760835,237.74616078630137,2.484710693359375,19.599456787109375,24.414535522460938,-0.035170891810502036,43573480.0,-0.0011390669680696464,0.003920450406020182,0.001636183275637082,0.012710726986053134,0.010220741606636885,0.08672710134985495,0.11038564617021995,1.0062550055793402,1.0417972996562468,1.0275035050969834,80.23126281187051,-0.00024296285553030212
245.52978515625,248.4716967182176,243.41281661275679,246.48392314447185,48013300,-0.0002429333424459612,-0.059661865234375,5.0588801054608155,-0.954137988221845,244.5736846923828,241.56220703125,236.60259857177735,239.00657623291016,0.015835009533044165,238.4874583453441,2.55426025390625,19.271453857421875,17.325851440429688,-0.06454962748215343,43411640.0,0.0063124340025493275,-0.0011390669680696464,0.003920450406020182,-0.0005315051764637202,0.010512417886257674,0.08517456018876635,0.07592266775736367,1.0039092532177767,1.037730720788193,1.0272930102014557,76.58507384687987,-0.02741238926625797
238.89064025878906,243.48239258336395,237.66816369812489,242.83637220684057,44433600,-0.02704007944794118,-6.6391448974609375,5.814228885239061,-3.9457319480515025,243.677197265625,242.33147888183595,236.7199607849121,238.89010711669923,0.015285117796290255,238.52585662281504,-4.4824371337890625,7.692718505859375,2.3472442626953125,-0.07455642499057558,45857520.0,-0.0002429333424459612,0.0063124340025493275,-0.0011390669680696464,0.001636183275637082,-0.018417966283750364,0.033273303010397326,0.009923102071021539,0.9803569761120559,1.0091698201819546,1.0000022317462045,62.11628756737006,-0.01281262144049488
235.84934997558594,240.9778097055873,235.61081167459415,237.94645181292123,41153600,-0.012730889246679977,-3.041290283203125,5.366998030993159,-2.0971018373352877,241.98162536621095,242.37421569824218,236.63065490722656,238.68362365722658,0.015535670837661527,238.27095122784084,-8.477859497070312,0.4273681640625,-1.7861175537109375,-0.07381801159482915,47624860.0,-0.02704007944794118,-0.0002429333424459612,0.0063124340025493275,0.003920450406020182,-0.03469879394672626,0.0018153282067119303,-0.007516207796257279,0.9746580948807806,0.9966982091481472,0.9881253952901647,56.03519270127957,0.01895108710518024
240.361572265625,240.61004395755495,228.79273089598732,235.50146657809572,56833400,0.019131798711788495,4.5122222900390625,11.817313061567631,4.860105687529284,241.24415893554686,242.40502471923827,236.8548225402832,238.5640090942383,0.016019458073350624,238.47005799334408,-3.6873321533203125,0.3080902099609375,4.4833526611328125,0.38100676490027596,48352060.0,-0.012730889246679977,-0.02704007944794118,-0.0002429333424459612,-0.0011390669680696464,-0.015108988758214092,0.0012834232077063579,0.019007065038265214,0.9963415210804848,1.0148054816352552,1.007534930261323,70.72815816022015,-0.015879522735890262
236.57489013671875,242.53821134874983,234.66662916873,240.31189930334125,47184000,-0.01575410783518072,-3.78668212890625,7.8715821800198285,-3.7370091666224994,239.44124755859374,241.75204010009764,236.96858291625978,238.3108807373047,0.016374612614309687,238.28956581652264,-9.014556884765625,-6.52984619140625,2.27520751953125,-0.16978396506279758,47523580.0,0.019131798711788495,-0.012730889246679977,-0.02704007944794118,0.0063124340025493275,-0.03670579902391746,-0.02686021790456905,0.009710672648450158,0.9880289739086263,0.9983386287975561,0.9927154370995777,63.508600592527,-0.008861547333673276
234.48773193359375,238.60243830930253,233.24537329325,236.2568645897131,53798100,-0.00882239954510311,-2.087158203125,5.35706501605253,-1.7691326561193534,237.2328369140625,240.90326080322265,237.3746078491211,237.96756042480467,0.014444254679687817,237.92748639910084,-11.04205322265625,-8.48779296875,8.120498657226562,0.14017675483214642,48680540.0,-0.01575410783518072,0.019131798711788495,-0.012730889246679977,-0.0002429333424459612,-0.044972357287036746,-0.03493270761391043,0.03587311882419142,0.9884286466571103,0.9878383120179295,0.9853768787434768,54.655472854357356,-0.0008057313928901334
234.2988739013672,235.1039197629907,227.82866128733946,233.98082285378285,47227600,-0.0008054068785143809,-0.1888580322265625,7.275258475651242,0.31805104758433345,236.31448364257812,239.99584045410157,237.53341369628907,237.72828063964843,0.013728367778796867,237.58190425645955,-4.591766357421875,-9.074203491210938,3.176116943359375,-0.12213256601998956,49239340.0,-0.00882239954510311,-0.01575410783518072,0.019131798711788495,-0.02704007944794118,-0.019221206625959164,-0.03728515737413962,0.013742121222344306,0.9914706466140285,0.9863828008675126,0.985574258438862,48.20575550651987,-0.0017406857767680698
233.89138793945312,236.4059203890797,231.73465535282332,233.00682927336524,45170400,-0.0017391716619414854,-0.4074859619140625,4.671265036256386,0.8845586660878837,235.92289123535156,238.95225830078124,237.68822708129883,237.4463018798828,0.013731255776867757,237.23042651198273,-1.9579620361328125,-10.435821533203125,3.0962677001953125,-0.04355927466142684,50042700.0,-0.0008054068785143809,-0.00882239954510311,-0.01575410783518072,-0.012730889246679977,-0.008301748706687095,-0.04271248198564248,0.013415654962659174,0.9913891217369329,0.9840259688564759,0.9850285562997396,38.619694987682394,0.015767658286873966
237.60853576660156,239.89446338205195,233.32487071745646,233.67273718007357,46273600,0.015892623751117663,3.7171478271484375,6.56959266459549,3.9357985865279943,235.37228393554688,238.30822143554687,237.99166870117188,237.14534332275392,0.014137271392640033,237.26643691718454,-2.7530364990234375,-6.44036865234375,6.0688323974609375,0.024423073517170435,47930740.0,-0.0017391716619414854,-0.0008054068785143809,-0.00882239954510311,0.019131798711788495,-0.011453729783315936,-0.026389664266994295,0.02621076346368767,1.0095009140144429,0.9983901414000699,1.0019532006716119,40.0931499525009,-0.049694144985495244
226.08937072753906,234.71631625547707,222.84930513729455,234.10009611136832,72071200,-0.04847959271285418,-11.5191650390625,11.867011118182518,-8.010725383829254,233.27518005371093,236.35821380615235,237.99663772583008,236.5985137939453,0.017185121812515042,236.20195442293257,-10.485519409179688,-19.500076293945312,0.0993804931640625,0.5575014695204177,52908180.0,0.015892623751117663,-0.0017391716619414854,-0.0008054068785143809,-0.01575410783518072,-0.04432219921192826,-0.07940111649927462,0.000439756172656125,0.9691959970858565,0.9499687595922759,0.9555823792048047,28.422648584590192,-0.029623946460703248
219.4899444580078,224.45937816788214,216.12066900933334,222.4417892949138,76137400,-0.02918945834691289,-6.59942626953125,8.338709158548795,-2.951844836905991,230.27562255859374,233.7542297363281,237.65821838378906,235.86151763916016,0.018390050514696693,234.61033442627308,-14.997787475585938,-26.039840698242188,-6.7683868408203125,0.05641920767241282,57376040.0,-0.04847959271285418,0.015892623751117663,-0.0017391716619414854,-0.00882239954510311,-0.06395979590025314,-0.1060557303940578,-0.02991442039710368,0.9531618762735448,0.9235529322346357,0.9305881970699481,23.657082691115974,-0.017633239258681873
215.65354919433594,220.39439337943787,213.59621144659917,218.79423505763873,62547500,-0.017478683468371115,-3.836395263671875,6.798181932838702,-3.1406858633027923,226.5465576171875,231.4305206298828,236.88099975585936,235.03151184082031,0.017874992369877565,232.80492630894574,-18.64532470703125,-23.237091064453125,-15.54437255859375,-0.17849177933577975,60440020.0,-0.02918945834691289,-0.04847959271285418,0.015892623751117663,-0.0008054068785143809,-0.07957923312461324,-0.09727083086754884,-0.06723404968668056,0.9519171311300246,0.9103877027562303,0.9175516402259776,20.26385890644073,-0.03422268677998138
208.39816284179688,215.51439548794804,207.14587101812543,214.62983690242842,61368300,-0.03364371409441025,-7.2553863525390625,8.368524469822603,-6.231674060631548,221.44791259765626,228.6854019165039,235.52980880737306,234.12450439453124,0.018338046626891202,230.48047264540776,-25.49322509765625,-27.451187133789062,-27.023818969726562,-0.018852871817418793,63679600.0,-0.017478683468371115,-0.02918945834691289,-0.04847959271285418,-0.0017391716619414854,-0.10899599733982346,-0.11639288866656061,-0.11478885175370568,0.9410707935659381,0.8848058931353115,0.8901168349751976,17.702142318609873,0.018007598367132466
212.18490600585938,212.64208545758027,208.2988048386841,209.9585940343847,60107600,0.01817071279528104,3.7867431640625,4.343280618896159,2.226311971474672,216.36318664550782,225.86773529052735,234.13638000488282,233.36054321289063,0.018230462722822055,228.7380377273555,-25.423629760742188,-28.176666259765625,-27.868576049804688,-0.02054317945910189,66446400.0,-0.03364371409441025,-0.017478683468371115,-0.02918945834691289,0.015892623751117663,-0.1069979648614785,-0.11722616886790638,-0.11609319644587568,0.9806885787530288,0.9062449244386299,0.9092578508967855,20.920594573686245,0.002386019105445983
212.69178771972656,213.9043309003415,208.68642489319868,212.00600336087763,48073400,0.0023888679143519997,0.5068817138671875,5.21790600714283,0.6857843588489345,213.6836700439453,223.47942504882812,232.6157325744629,232.64206298828125,0.017814518118714016,227.20982344091465,-13.3975830078125,-23.883102416992188,-30.412948608398438,-0.200210955020663,61646840.0,0.01817071279528104,-0.03364371409441025,-0.017478683468371115,-0.04847959271285418,-0.05925790745801118,-0.10095366589070354,-0.12510224633118316,0.9953581744266431,0.9143482487868336,0.9142447629104817,21.634644660516642,-0.006140284415222016
211.38980102539062,213.83475423543342,210.19713981325924,212.85081593904235,42432400,-0.006121471394333389,-1.3019866943359375,3.637614422174181,-1.4610149136517236,212.0636413574219,221.1696319580078,231.03644638061525,232.0279968261719,0.017759595726175532,225.70315463943615,-8.100143432617188,-23.097930908203125,-31.585723876953125,-0.11734139877770244,54905840.0,0.0023888679143519997,0.01817071279528104,-0.03364371409441025,-0.02918945834691289,-0.03690439419727898,-0.09850379257685171,-0.12999549600581373,0.9968224617491334,0.9149630040497669,0.9110529932461436,23.83206594982329,0.011918035488511128
213.92422485351562,217.42269587202972,212.44332789190165,212.91045595477615,54385400,0.011989338254879023,2.534423828125,4.979367980128075,1.013768898739471,211.7177764892578,219.13216705322264,229.56400375366212,231.47434814453126,0.018164303811912728,224.5813518026818,-1.7293243408203125,-20.374649047851562,-29.4488525390625,0.2816951197669706,53273420.0,-0.006121471394333389,0.0023888679143519997,0.01817071279528104,-0.017478683468371115,-0.008018993182727252,-0.08696008097942753,-0.12100291804898122,1.010421649050191,0.931871815073721,0.9241811309473591,28.934338193532838,-0.005310537292756995
212.7911834716797,216.16045933121794,210.92267131595005,212.6818553101102,48862900,-0.005296461317608081,-1.1330413818359375,5.237788015267881,0.10932816156949343,212.59638061523438,217.02214660644532,227.9872024536133,230.8654751586914,0.018008432812433542,223.45847862830067,4.3930206298828125,-21.100204467773438,-31.536026000976562,-0.10154379668072677,50772340.0,0.011989338254879023,-0.006121471394333389,0.0023888679143519997,-0.03364371409441025,0.02107993933333141,-0.09021368701799137,-0.12907291852201952,1.000916303729544,0.9333470527363245,0.9217107206065009,21.670832506280107,0.019289597898125593
216.93568420410156,217.5021918152461,209.9884097524224,210.26669685360034,94127800,0.019476844222606093,4.144500732421875,7.513782062823708,6.668987350501226,213.54653625488282,214.95486145019532,226.63154144287108,230.39488983154297,0.018912616138241203,222.8372601117103,4.7507781982421875,-20.6728515625,-27.11322021484375,0.926365401971639,57576380.0,-0.005296461317608081,0.011989338254879023,-0.006121471394333389,0.01817071279528104,0.022389802779425816,-0.08700382541310114,-0.11109748793749952,1.0158707699439038,0.9572175294884377,0.9415820132239812,29.967598272115367,0.011207336503279378
219.38063049316406,220.1260455978378,217.24377992596973,219.64898417718916,44299500,0.011270373972970704,2.4449462890625,2.882265671868055,-0.26835368402510085,214.88430480957032,214.28398742675782,225.32110061645508,229.96347442626953,0.019109808517475582,222.50805729089637,6.6888427734375,-6.708740234375,-26.208816528320312,-0.5293685818642314,56821600.0,0.019476844222606093,-0.005296461317608081,0.011989338254879023,0.0023888679143519997,0.03144852391880626,-0.029672957259276544,-0.10671800782232932,1.0209244024945348,0.9736355356553891,0.9539803268344751,34.70209964303936,0.013589135676383642
222.38217163085938,222.7300380772677,218.73460889257407,219.42039321145907,34493600,0.013681887644081847,3.0015411376953125,3.99542918469362,2.9617784194003036,217.08277893066406,214.57321014404297,224.16371994018556,229.70824676513672,0.019557963183868505,222.49606818041667,10.99237060546875,2.8922271728515625,-23.147613525390625,-0.2213546428289258,55233840.0,0.011270373972970704,0.019476844222606093,-0.005296461317608081,-0.006121471394333389,0.05200047756395043,0.013177037244204604,-0.094276193459217,1.0244118521344705,0.9920524681255221,0.9681070434455589,38.583144044770826,-0.009971370542080015
220.1757354736328,223.64440576884627,219.12221792138408,222.1436270366165,34466100,-0.00992182125502894,-2.2064361572265625,4.522187847462192,-1.9678915629836808,218.3330810546875,215.02542877197266,223.22797470092775,229.45753723144531,0.018894697614094125,222.27508411310393,6.2515106201171875,4.522186279296875,-18.71490478515625,-0.0007972493448059614,51249980.0,0.013681887644081847,0.011270373972970704,0.019476844222606093,0.011989338254879023,0.029223014010675508,0.020969681677817986,-0.07834088754956026,1.008439648311855,0.9863268067929918,0.9595489349802866,37.29750415399647,0.010418229860519757
222.4815673828125,223.61459773398053,219.21167130142226,220.03659916949772,37094800,0.010472688574058697,2.3058319091796875,4.402926432558274,2.4449682133147803,220.27115783691406,216.43376922607422,222.55958557128906,229.27518249511718,0.01903571009728657,222.29474918640952,9.690383911132812,14.083404541015625,-13.367782592773438,0.07626914562425102,48896360.0,-0.00992182125502894,0.013681887644081847,0.011270373972970704,-0.005296461317608081,0.0455394051249427,0.0675793123555839,-0.056679327690142944,1.0100349476872275,0.9996494503335981,0.9703691649555252,35.614381772817865,-0.026939982458131496
216.56793212890625,222.44180687800483,216.34927581514728,220.31488968867507,39818600,-0.02658033797348691,-5.91363525390625,6.092531062857546,-3.7469575597688163,220.197607421875,216.8720718383789,221.36990356445312,228.88341705322264,0.019015807168423184,221.74933803807588,-0.3677520751953125,4.383026123046875,-23.79364013671875,0.07342808156399272,38034520.0,0.010472688574058697,-0.00992182125502894,0.013681887644081847,0.019476844222606093,-0.0016952124614469932,0.020656634845297894,-0.09899103218722605,0.9835162818730601,0.9783079300382459,0.9461931970307284,39.864594226104444,0.019226651343855584
220.7720947265625,224.24075018814546,214.90815310911736,215.6833836525119,65299300,0.019412673687782434,4.20416259765625,9.33259707902809,5.088711074050593,220.47590026855468,217.6801025390625,220.57976379394532,228.76655029296876,0.019588706294256793,221.65626724650318,1.3914642333984375,8.080307006835938,-15.80279541015625,0.6399195350916407,42234480.0,-0.02658033797348691,0.010472688574058697,-0.00992182125502894,0.011270373972970704,0.006342694112376535,0.037990686398685636,-0.06679827855366927,1.001343432355405,1.0008719337137237,0.9650540887373255,51.438164916149404,0.004760527836152876
221.82559204101562,222.31258685550372,217.56180927777046,218.46624988397502,36412700,0.004771877151222181,1.053497314453125,4.75077757773326,3.359342157040601,220.36458435058594,218.723681640625,219.9466567993164,228.63660064697265,0.01962158848099716,221.67239341740913,-0.55657958984375,10.435791015625,-12.662139892578125,-0.4423722765787689,42618300.0,0.019412673687782434,-0.02658033797348691,0.010472688574058697,0.013681887644081847,-0.002502806703262306,0.049367523716868034,-0.053999157176222834,1.0066299568723136,1.008542686072349,0.9702103312125708,57.38406037064609,0.003131381393561642
222.52130126953125,223.81335706264446,219.6688511830836,219.9670202377264,35905900,0.003136289289772165,0.695709228515625,4.144505879560853,2.5542810318048623,220.8336975097656,219.58338928222656,219.3577781677246,228.6663082885742,0.019660176733578366,221.7532417842779,2.3455657958984375,8.597076416015625,-11.777572631835938,-0.01391822084053096,42906260.0,0.004771877151222181,0.019412673687782434,-0.02658033797348691,-0.00992182125502894,0.010653152995504955,0.04018748424542595,-0.050267303618343195,1.0076419666871312,1.0144217502941144,0.9731267493447787,70.04229441346492,-0.09701320868348914
201.9478759765625,206.22159255986557,200.01973301812973,204.2835010267849,103419000,-0.09245598140759104,-20.57342529296875,6.201859541735843,-2.3356250502224043,216.72695922851562,218.49905853271486,217.76060256958007,228.26091796875,0.02813878297228519,219.86701646925738,-20.53369140625,-10.843307495117188,-31.943511962890625,1.8802787285655005,56171100.0,0.003136289289772165,0.004771877151222181,0.019412673687782434,0.010472688574058697,-0.09229389943535748,-0.050957503587362285,-0.13657412632550525,0.9318078225959413,0.9273848143032898,0.8847238404789476,40.16049001755259,-0.07568031537135211
187.22840881347656,198.65810753704542,186.19475800144227,192.70471987275084,125910900,-0.07288745718124923,-14.719467163085938,12.463349535603157,-5.4763110592742805,210.8590545654297,215.52833099365233,215.24159622192383,227.56451446533202,0.031187301740244637,216.7585776448973,-29.339523315429688,-29.707275390625,-50.380126953125,0.21748324775911576,73389560.0,-0.09245598140759104,0.003136289289772165,0.004771877151222181,-0.02658033797348691,-0.13547492016484752,-0.13694047385341745,-0.21202995418738857,0.8879315578804299,0.8698523524255767,0.8227487016302781,30.77730831079431,-0.037425891320497666
180.35072326660156,192.96313526897592,173.55252535537636,176.1167553732534,160466300,-0.0367341985677333,-6.877685546875,19.410609913599558,4.233967893348165,202.7747802734375,211.6253402709961,212.95466384887695,226.7480307006836,0.03055581094637162,213.29116294220248,-40.42137145996094,-39.0299072265625,-45.7386474609375,0.27444327695219406,92422960.0,-0.07288745718124923,-0.09245598140759104,0.003136289289772165,0.019412673687782434,-0.1830909450310052,-0.17790954077770638,-0.20230339583746848,0.8894139745751539,0.8468972691510869,0.7953794469980279,28.387542873195216,-0.05110199135496103
171.365966796875,189.17641711488596,168.175598539417,185.55866963100107,120859500,-0.04981824473442753,-8.984756469726562,21.00081857546897,-14.192702834126067,192.68285522460937,206.52371978759766,210.5484649658203,225.61127136230468,0.0315423032205126,209.29828711883795,-50.459625244140625,-51.016204833984375,-48.12397766113281,-0.24682316473926302,109312320.0,-0.0367341985677333,-0.07288745718124923,-0.09245598140759104,0.004771877151222181,-0.22747431790832606,-0.2294078003639074,-0.21925367824920905,0.8893680062874022,0.8139027127302683,0.7595629675863215,22.809225937351684,0.14261742992966572
197.6343994140625,199.38363475051753,170.83920418374143,170.89883496621582,184395900,0.1532885035937399,26.2684326171875,28.5444305667761,26.735564447846684,187.70547485351562,204.26958618164062,209.64750747680665,224.83309143066407,0.048487743770330306,208.1874406707641,-24.88690185546875,-22.541336059570312,-18.019149780273438,0.5257046405123305,139010320.0,-0.04981824473442753,-0.0367341985677333,-0.07288745718124923,0.003136289289772165,-0.11184053712378861,-0.10237883848136275,-0.0835560084570438,1.0528962970754867,0.9426985409589324,0.8790271848172788,42.670377393491854,-0.043318680896740624
189.25592041015625,193.58926741380884,181.88128226075605,187.9141823452429,121880000,-0.042393829357370905,-8.37847900390625,11.707985153052789,1.3417380649133577,185.16708374023438,200.947021484375,208.6903953552246,223.86550048828124,0.04881460536166088,206.3844387411824,-12.69195556640625,-33.22564697265625,-19.142242431640625,-0.33903085697675495,142702520.0,0.1532885035937399,-0.04981824473442753,-0.0367341985677333,-0.09245598140759104,-0.06284768039788269,-0.14934112233885244,-0.09185418033733939,1.0220818764724835,0.9068741284811515,0.8454001174694771,37.1410031517646,0.03979213263841825
196.93865966796875,198.32016168749274,184.92257212057936,184.96233608452022,87435900,0.040594446087406144,7.6827392578125,13.397589566913382,11.976323583448533,187.1091339111328,198.98409423828124,207.92808303833007,223.08670928955078,0.04959483881657118,205.48484073420968,9.710250854492188,-19.6292724609375,-15.246246337890625,-0.2826066622907778,135007520.0,-0.042393829357370905,0.1532885035937399,-0.04981824473442753,-0.07288745718124923,0.051863127588537505,-0.09063794564586647,-0.07185358574690326,1.0525336500221547,0.9471479599591388,0.8827897470680617,40.058117235718875,0.0218145145310943
201.281982421875,211.63828226401768,199.93029560984905,210.14745189040866,101352900,0.022054190686729314,4.34332275390625,11.707986654168621,-8.86546946853366,191.2953857421875,197.0350830078125,207.3575927734375,222.42635528564452,0.04989271541189534,205.08456851398734,20.931259155273438,-19.4901123046875,-11.409805297851562,0.1591680305229317,123184840.0,0.040594446087406144,-0.042393829357370905,0.1532885035937399,-0.0367341985677333,0.11605863717181775,-0.08828159341798614,-0.05364478534961947,1.0522051101282004,0.9706998414174262,0.9049376462757056,40.7623517176622,-0.0018782387688179901
200.90428161621094,202.26590170954893,198.57859009217825,200.6259945192588,51343900,-0.0018764759821990884,-0.3777008056640625,3.687311617370682,0.27828709695214116,197.2030487060547,194.94295196533204,206.83331680297852,221.9170962524414,0.049881509848871845,204.68644595229432,29.538314819335938,-20.921310424804688,-10.485519409179688,-0.49341459395833764,109281720.0,0.022054190686729314,0.040594446087406144,-0.042393829357370905,-0.04981824473442753,0.17236978480300325,-0.09431423233139091,-0.049602768715981016,1.0187686394020876,0.9713342353233384,0.9053123216233535,41.425675437143404,-0.03971147709702315
193.08241271972656,199.47309822086447,191.19401850640656,197.1474065096439,59732400,-0.03893331109501463,-7.821868896484375,8.279079714457907,-4.064993789917338,196.2926513671875,191.99906311035156,205.79122619628907,221.15628936767578,0.05045889064384221,203.581299930145,-4.5519866943359375,-29.438888549804688,-20.841812133789062,0.16337870711028968,84349020.0,-0.0018764759821990884,0.022054190686729314,0.040594446087406144,0.1532885035937399,-0.023032360296747267,-0.13229694587371899,-0.09742614305631103,0.983645650384253,0.9382441432928704,0.8730586558120625,37.531623886490394,0.013853033622560497
195.7758026123047,197.61449911758032,193.23145502579916,195.99445890478637,52164700,0.01394943151289385,2.693389892578125,4.383044091781159,-0.2186562924816826,197.59662780761718,191.3818557739258,204.94045715332032,220.45590301513673,0.050614875151580876,202.83791923320786,6.5198822021484375,-6.1720733642578125,-17.015380859375,-0.12669338583415368,70405960.0,-0.03893331109501463,-0.0018764759821990884,0.022054190686729314,-0.042393829357370905,0.03445008318904108,-0.03056270502678682,-0.07996280946310719,0.9907851403360726,0.9552813794391053,0.8880497184911511,40.93429458797281,-0.0195831751242472
191.97918701171875,192.6152739871965,188.64966000796989,192.08851517151226,46742500,-0.019392670339880458,-3.7966156005859375,3.9656139792266174,-0.10932815979350607,196.6047332763672,191.85693359375,203.69263229370117,219.6646926879883,0.050453411610669366,201.8037542597327,-4.95947265625,4.7507781982421875,-24.956497192382812,-0.10394385475235168,62267280.0,0.01394943151289385,-0.03893331109501463,-0.0018764759821990884,0.040594446087406144,-0.025182829336868107,0.025374237960731127,-0.11504099606269835,0.9764728641698248,0.9424945067964314,0.8739646989350536,37.40104970109265,0.03349760352717913
198.51895141601562,200.35763286451953,194.7719939992729,194.92107095045932,52976400,0.03406496561472405,6.539764404296875,5.585638865246636,3.597880465556301,196.0521270751953,193.67375640869142,202.64954833984376,219.1152719116211,0.05109177556973686,201.4909158936644,-2.763031005859375,18.168228149414062,-20.861679077148438,0.13336685029683903,52591980.0,-0.019392670339880458,0.01394943151289385,-0.03893331109501463,0.022054190686729314,-0.013727165107447203,0.10073831598976768,-0.09509353232439766,1.0125824921036137,0.9796170435233287,0.9060023506535277,40.2688988343249,0.02404041684625394
203.34925842285156,206.72846769395255,201.56025903470575,204.7406939661261,52929200,0.0243317173115305,4.8303070068359375,5.168208659246801,-1.3914355432745253,196.54112243652344,196.87208557128906,201.69790267944336,218.65709045410156,0.05133823163815846,201.66790089644414,2.444976806640625,31.983291625976562,-19.032913208007812,-0.0008909627683270083,52909040.0,0.03406496561472405,-0.019392670339880458,0.01394943151289385,-0.0018764759821990884,0.012169859133770444,0.18663735993674457,-0.08558650663597833,1.0346397532583897,1.0081872727552983,0.9299916046652817,42.26234588695008,0.018258318888437385
207.09617614746094,207.55337072286264,201.69937840299403,203.63745452212558,47311000,0.01842602109134761,3.746917724609375,5.85399231986861,3.4587216253353574,199.3438751220703,197.8182632446289,201.04392471313477,218.17505554199218,0.05153516401257642,202.18487949177907,14.013763427734375,9.461776733398438,-13.079559326171875,-0.10614556804183706,50424760.0,0.0243317173115305,0.03406496561472405,-0.019392670339880458,-0.03893331109501463,0.07257918124358831,0.047875151094395996,-0.05940508974813086,1.0388890856096955,1.0301041249715055,0.9492202288340937,52.40436698188624,0.00435785636499934
208.00064086914062,208.46776890662989,204.9394675201618,205.10842646651815,38222300,0.004367365629366571,0.9044647216796875,3.5283013864680868,2.8922144026224714,201.7888427734375,199.69273529052734,200.31987838745118,217.62662872314453,0.051476512482738504,202.73876152771825,12.224838256835938,18.744720458984375,-14.480926513671875,-0.19210543002684366,47636280.0,0.01842602109134761,0.0243317173115305,0.03406496561472405,0.01394943151289385,0.062443050130382094,0.09904430159099253,-0.0650882079087266,1.030783654885605,1.0383424877426972,0.9557683362992785,61.13835070174287,0.004100803449488269
208.85536193847656,210.2070485309222,206.19175271644127,208.71621839949725,38743100,0.004109223249334493,0.8547210693359375,4.015295814480936,0.13914353897931164,205.16407775878906,200.88440551757813,199.9342498779297,217.00266632080078,0.05116590254417441,203.32129490017144,16.876174926757812,11.916702270507812,-7.7125701904296875,0.01362555366893159,46036400.0,0.004367365629366571,0.01842602109134761,0.0243317173115305,-0.019392670339880458,0.08790627353645197,0.06050971551547546,-0.03561270643632963,1.0179918639754633,1.044620229230328,0.9624552798338438,66.34000305793384,0.005079081126148953
209.91885375976562,210.94255602883885,207.096203506044,207.41425458581946,36827600,0.005092001524013234,1.0634918212890625,3.8463525227948594,2.5045991739461613,207.44405822753907,201.7480926513672,199.39158782958984,216.3389486694336,0.050970941457166005,203.94963383918042,11.39990234375,8.636871337890625,-10.853240966796875,-0.04944106176325591,42806640.0,0.004109223249334493,0.004367365629366571,0.01842602109134761,0.03406496561472405,0.05742475598644692,0.042909311772318715,-0.04916038406139678,1.0119299417557288,1.0527969411586857,0.9703239063092708,74.30757241949915,0.006088971378046485
211.20094299316406,212.2743425468257,205.40658118436113,208.02050829648644,52286500,0.006107546846962464,1.2820892333984375,6.867761362464563,3.1804346966776222,209.01439514160157,202.7777587890625,198.86035537719727,215.70345703125,0.05098021098771572,204.64023471098838,7.8516845703125,10.296661376953125,-10.624649047851562,0.4197639813618048,42678100.0,0.005092001524013234,0.004109223249334493,0.004367365629366571,0.0243317173115305,0.03861181806714753,0.05125157758769383,-0.04789640793965311,1.0104612309122594,1.0620565501482648,0.979126370527137,62.48856276398349,0.0038514694056759457
212.0159454345703,213.2483553954001,207.62295230903422,207.80185982414434,57365700,0.003858895845141319,0.81500244140625,5.625403086365878,4.214085610425968,209.99834899902345,204.67111206054688,198.33508758544923,215.07631439208984,0.050983738055213404,205.3426833513295,4.919769287109375,18.93353271484375,-10.505355834960938,0.09714170961911783,44689040.0,0.006107546846962464,0.005092001524013234,0.004109223249334493,0.01842602109134761,0.02375596391314483,0.09805933356720153,-0.0472105626518704,1.0096076776087237,1.0689785050929372,0.9857707764512814,74.34102543599552,-0.03807755324706034
204.09466552734375,205.72463931330321,200.92416412992952,204.83013207172814,101010600,-0.03736171772830699,-7.9212799072265625,4.800475183373692,-0.7354665443843942,209.21715393066407,205.50299835205078,198.4424270629883,214.2716635131836,0.04713759351876427,205.2238245109499,-3.905975341796875,8.318862915039062,2.14678955078125,0.7608187470910317,57246700.0,0.003858895845141319,0.006107546846962464,0.005092001524013234,0.004367365629366571,-0.018778669745802556,0.042491782968260505,0.010630414112552389,0.9755159254053425,1.0284830141820498,0.9525042284220951,57.6142405599692,-0.031964049428634615
197.67413330078125,202.85228989395054,196.99829759637964,201.85840315300126,69018500,-0.03145859892992797,-6.4205322265625,5.853992297570898,-4.184269852220012,206.980908203125,206.07249298095704,198.9647132873535,213.34416809082032,0.04453298784380488,204.50480630045766,-11.181228637695312,5.6949462890625,10.445724487304688,-0.31672022540208655,63301780.0,-0.03736171772830699,0.003858895845141319,0.006107546846962464,0.004109223249334493,-0.05353575093269103,0.02966439423829237,0.05579134359738691,0.9550355876629435,0.993513523251189,0.9265504422723739,46.32363413595047,-0.0019123975643469287
197.2964630126953,199.42338015596502,195.81558138809015,196.9983091053983,51216500,-0.0019105700972583683,-0.3776702880859375,3.6077987678748684,0.2981539072970065,204.45643005371093,205.950244140625,199.8120002746582,212.37830841064454,0.04354216293631192,203.81829741590886,-12.622390747070312,-1.2224884033203125,16.94573974609375,-0.25793084462861404,66179560.0,-0.03145859892992797,-0.03736171772830699,0.003858895845141319,0.005092001524013234,-0.060129857423457445,-0.0061580438270524285,0.09395992119778684,0.9649804751108356,0.9874104795582593,0.9289859425342645,46.32366294661738,-0.011450047947276118
195.05029296875,198.2207944248892,192.0686324392914,197.9524407308952,68536700,-0.011384745624156367,-2.2461700439453125,6.152161985597786,-2.902147762145205,201.22630004882814,205.12034759521484,200.99621658325196,211.36871856689453,0.041791940062733575,202.98324937332228,-16.150650024414062,-8.298965454101562,23.684326171875,0.3381761736940243,69429600.0,-0.0019105700972583683,-0.03145859892992797,-0.03736171772830699,0.006107546846962464,-0.07647053936182857,-0.040811387848016634,0.13820904240541942,0.9693081516751065,0.9704177336490352,0.9227964019047594,52.262325725646846,0.006298604640156997
196.28271484375,198.82706269335065,193.48988012199126,196.51130456752412,50478900,0.006318482562840622,1.232421875,5.337182571359392,-0.228589723774121,198.07965393066405,204.03900146484375,200.92863235473632,210.51656005859374,0.02382634234719116,202.34510322764874,-15.733230590820312,-10.813461303710938,-1.3516845703125,-0.2634763564630337,68052240.0,-0.011384745624156367,-0.0019105700972583683,-0.03145859892992797,0.003858895845141319,-0.07420777035695036,-0.052214683558480135,-0.006839318328792476,0.9909281995840772,0.9768777726870502,0.9323861020202782,50.603015421991,0.005252288792973204
197.3163604736328,199.3140676367793,196.33240700583877,197.78348851905432,36453900,0.005266106242241664,1.0336456298828125,2.9816606309405245,-0.46712804542150366,196.72399291992187,202.97057342529297,201.33165435791017,209.7459002685547,0.021655156889869163,201.86617534631387,-6.7783050537109375,-10.684280395507812,8.060440063476562,-0.2778388594046225,55140900.0,0.006318482562840622,-0.011384745624156367,-0.0019105700972583683,-0.03736171772830699,-0.033211573836077646,-0.051366574405074084,0.042590160698845914,1.0030111606872074,0.980056321013787,0.9407400107510692,56.79574773489324,0.06123262265510327
209.77613830566406,210.25384054136518,205.75557652693038,209.95528044040137,63775800,0.0631461973154337,12.45977783203125,4.498264014434795,-0.17914213473730456,199.14439392089844,203.06265106201172,201.97352828979493,209.13419158935548,0.02419203359050342,202.61950515196625,12.102005004882812,0.9207763671875,12.837478637695312,0.7494918239200743,54092360.0,0.005266106242241664,0.006318482562840622,-0.011384745624156367,-0.03145859892992797,0.061221996033585135,0.004408679569637863,0.0651851630316711,1.053387113618617,1.0386318448855032,1.003069544541856,62.455811685603756,0.010100989620236565
211.90582275390625,212.37356332026266,207.99473291206186,209.41784747983854,51909300,0.0101521768178372,2.1296844482421875,4.378830408200798,2.4879752740677077,202.06626586914064,203.26134796142577,202.50472030639648,208.64081024169923,0.023854037220500966,203.50391635215104,14.609359741210938,1.986968994140625,10.62384033203125,-0.18606587451666623,54230920.0,0.0631461973154337,0.005266106242241664,0.006318482562840622,-0.0019105700972583683,0.07404775290001453,0.009465414652152004,0.05278088085283428,1.048694703405554,1.046424115118332,1.015648963922373,60.069420377556355,-0.002821699138493527
211.30873107910156,212.91098786371114,209.56714827780408,211.40824098508043,49325800,-0.002817721887227731,-0.5970916748046875,3.3438395859070624,-0.09950990597886289,205.31795349121094,203.27212677001953,203.02494277954102,208.1772302246094,0.023864765811586558,204.24723204043204,16.258438110351562,0.1077880859375,10.404449462890625,-0.04976950180410833,50388740.0,0.0101521768178372,0.0631461973154337,0.005266106242241664,-0.011384745624156367,0.08335510735662632,0.0005103579766734256,0.05178809221580627,1.0291780503654155,1.040801825559708,1.015042475351956,55.35430157118265,-0.0041531557841528515
210.43295288085938,211.93569971673273,208.53213606160298,209.93535780893234,45029500,-0.004144543359707931,-0.8757781982421875,3.4035636551297443,0.4975950719270372,208.14800109863282,203.11382751464845,203.89246978759766,207.69991180419922,0.021845509185328016,204.83634831094892,14.150238037109375,-1.5829925537109375,17.350540161132812,-0.0871004626382137,49298860.0,-0.002817721887227731,0.0101521768178372,0.0631461973154337,0.006318482562840622,0.07209110618005066,-0.007466384429087536,0.0898608004568413,1.0109775341111433,1.0320781002852886,1.0131586048974186,53.09380795892209,-0.0008989652784505343
210.24386596679688,211.54757782116647,208.7610423595207,211.33858120774948,54737900,-0.0008985613302188167,-0.1890869140625,2.7865354616457694,-1.0947152409526097,210.73350219726564,203.72874755859374,204.61587295532226,207.2269613647461,0.02176089821484339,205.35134999245824,12.927505493164062,6.149200439453125,14.468063354492188,0.21560088386502185,52955660.0,-0.004144543359707931,-0.002817721887227731,0.0101521768178372,0.005266106242241664,0.06551664272609337,0.030129158072626172,0.0739011826867253,0.9976765145296621,1.0275051633589711,1.0145584560145176,51.79654538598372,-0.011808423715665017
207.77581787109375,208.47244800462508,203.27755371752323,206.9100072183761,46140500,-0.011738977897661429,-2.468048095703125,5.194894287101846,0.8658106527176415,210.33343811035155,204.738916015625,205.40570449829102,206.63030700683595,0.02139592478810076,205.58225169518545,-2.0003204345703125,10.1016845703125,15.796630859375,-0.15706484903512918,49428600.0,-0.0008985613302188167,-0.004144543359707931,-0.002817721887227731,0.0631461973154337,-0.009535500322994994,0.051102713347637385,0.08228303862132069,0.98784016339848,1.011538693039669,1.0055437698411778,47.32443446706627,-0.009238910683148471
205.8650360107422,207.46729276724128,204.04383620537516,206.67113760639387,42496600,-0.009196363079831738,-1.9107818603515625,3.423456561866118,-0.8061015956516826,209.12528076171876,205.59577331542968,205.77300872802735,206.2258203125,0.020377802452810397,205.60918353476228,-6.0407867431640625,8.568572998046875,7.3460845947265625,-0.07897400331595883,47546060.0,-0.011738977897661429,-0.0008985613302188167,-0.004144543359707931,0.0101521768178372,-0.028506940794068902,0.04342993719809107,0.03700444991436669,0.9844100878712443,1.0004472271814642,0.9982505376814063,43.441120621680646,-0.02332915915357061
201.1179656982422,206.04415370597744,199.74461367242378,204.18315305948536,59211800,-0.023059138183388672,-4.7470703125,6.299540033553654,-3.0651873612431757,207.08712768554688,206.2025405883789,205.66144409179688,205.85838073730469,0.020401306434789972,205.18144850271275,-10.190765380859375,6.0676727294921875,-2.231292724609375,0.3933302899526079,49523260.0,-0.009196363079831738,-0.011738977897661429,-0.0008985613302188167,-0.002817721887227731,-0.048226901599463745,0.031108247196861782,-0.010972711392778,0.97117560104282,0.9779079719408821,0.9769724457071693,37.78500960151161,-0.003618779122478993
200.3914794921875,201.77479312617928,198.73946027881726,199.74461200022,46742400,-0.0036122392324945407,-0.7264862060546875,3.035332847362014,0.6468674919674982,205.0788330078125,206.61341705322266,205.3262092590332,205.5531393432617,0.01992299921906084,204.72526097790083,-10.041473388671875,4.1087646484375,-6.7046966552734375,-0.21058978109093118,49865840.0,-0.023059138183388672,-0.009196363079831738,-0.011738977897661429,-0.004144543359707931,-0.04771816035085075,0.020932890864630016,-0.03237479696631107,0.9771436503373976,0.9759663913113976,0.9748889271768575,45.051101558740285,-0.03071109199247199
194.33078002929688,196.74908474491085,192.52948833207407,192.73846975457602,78432900,-0.03024429720389843,-6.060699462890625,4.219596412836779,1.5923102747208588,201.8962158203125,206.31485900878906,204.64271621704103,205.27179168701173,0.020871022202998066,203.73531041136712,-15.9130859375,-2.9855804443359375,-13.66986083984375,0.677981875128363,54604840.0,-0.0036122392324945407,-0.023059138183388672,-0.009196363079831738,-0.0008985613302188167,-0.07568870494425317,-0.01513093205839311,-0.06572028231607163,0.9625280951389953,0.9496100502457783,0.9466998774269133,45.48858959692768,0.024983702011514636
199.24703979492188,199.77448939448533,196.4803970243206,197.34622283817185,56288500,0.025298410086574297,4.916259765625,3.2940923701647193,1.9008169567500204,200.19046020507812,205.26194915771484,204.16230010986328,205.01303436279298,0.02177903928343191,203.30785606694377,-8.528778076171875,-10.529098510742188,-9.608322143554688,-0.2823356015141605,56634440.0,-0.03024429720389843,-0.0036122392324945407,-0.023059138183388672,-0.011738977897661429,-0.04104798221255568,-0.05019206948790467,-0.04600467066957592,0.9952873857765759,0.975924740697492,0.9718749854818131,52.34483768116899,0.0010482444818219235
199.4560089111328,201.75489573800118,198.9385057789635,199.6251894151235,45339700,0.001048794082090465,0.2089691162109375,2.8163899590376786,-0.16918050399067397,198.90865478515624,204.0169677734375,203.63915786743163,204.7483187866211,0.021727183470873625,202.94101348067608,-6.409027099609375,-12.449813842773438,-10.462844848632812,-0.1945122005382982,57203060.0,0.025298410086574297,-0.03024429720389843,-0.0036122392324945407,-0.009196363079831738,-0.03113217875071772,-0.05875163636834957,-0.04984233031591656,1.0027517863743425,0.97945803253114,0.9741521204821043,55.56898834985837,-0.0023478471859156363
198.98826599121094,202.8297005493605,197.55518975609246,202.60081106845576,51396800,-0.002345093148486077,-0.467742919921875,5.2745107932680355,-3.6125450772448175,198.48271484375,202.78492126464843,203.02852401733398,204.5002880859375,0.021636408297079485,202.56456133882224,-2.12969970703125,-12.320465087890625,-12.212677001953125,0.13359373793827478,55640060.0,0.001048794082090465,0.025298410086574297,-0.03024429720389843,-0.023059138183388672,-0.010589306130048382,-0.0583055183047716,-0.05782491701444914,1.002547078962815,0.9801000472929701,0.9730463846955059,53.487332896706214,0.0044911245861008154
199.8839569091797,200.98861863398105,195.8335255231089,198.41106448584634,70819900,0.00450122480090509,0.89569091796875,5.155093110872144,1.4728924233333487,198.38121032714844,201.73002166748046,202.42192459106445,204.21948272705077,0.02164721521801914,202.3092656788563,-0.5075225830078125,-10.548995971679688,-12.131988525390625,0.3779048501073996,60455560.0,-0.002345093148486077,0.001048794082090465,0.025298410086574297,-0.0036122392324945407,-0.0025326555015908747,-0.05012996219110322,-0.05722205705105632,1.0075750449326983,0.9874619921383911,0.9787702634441312,53.32132731506008,0.004223033325793962
200.7298583984375,201.15779807678393,199.15745607510846,199.31669015009302,35423300,0.004231962896562802,0.8459014892578125,2.0003420016754774,1.4131682483444763,199.66102600097656,200.77862091064452,202.25368423461913,203.97825622558594,0.02008585171083843,202.15884593786402,6.399078369140625,-9.514007568359375,-3.36480712890625,-0.4998114936620921,51853640.0,0.00450122480090509,-0.002345093148486077,0.001048794082090465,-0.03024429720389843,0.03292879474973498,-0.045252248024500674,-0.016486502085746313,1.005353235024725,0.9924657696993349,0.984074783816389,33.27197303457527,0.007753727531178285
202.2923126220703,202.78990771325485,199.99342573046133,200.38154929416936,46381600,0.007783865520053501,1.5624542236328125,2.796481982793523,1.910763327900952,200.27008056640625,200.2302703857422,202.4845932006836,203.68538879394532,0.018792146515146536,202.17155705064556,3.0452728271484375,-5.4835052490234375,4.6181793212890625,0.3093528835540449,49872260.0,0.004231962896562802,0.00450122480090509,-0.002345093148486077,0.025298410086574297,0.015283904996946651,-0.026391450676062078,0.02336258793284829,1.010097524552568,0.9990503940296203,0.9931606475058243,31.84215789858969,-0.002216307273696679
201.84446716308594,205.24801554678163,201.1279290627925,201.9340306292736,43604000,-0.0022138530781495858,-0.447845458984375,4.120086483989127,-0.08956346618765565,200.74777221679688,199.82821350097657,202.7119934082031,203.33466552734376,0.018795012531479704,202.14040563278274,2.388458251953125,-4.02056884765625,4.548004150390625,-0.05988581678941651,49525120.0,0.007783865520053501,0.004231962896562802,0.00450122480090509,0.001048794082090465,0.011974862351814552,-0.0195301199541551,0.02305162536085592,1.00546304914958,0.9957204000092376,0.9926712036022337,32.02269791987905,-0.010856431323701435
199.66500854492188,203.76518718349973,199.18730633012683,202.52119947175674,55126100,-0.010797712955902372,-2.1794586181640625,4.577880853372903,-2.85619092683487,200.88312072753905,199.68291778564452,202.9427291870117,202.880322265625,0.018774600282621456,201.90465352917695,0.6767425537109375,-1.4529571533203125,4.614715576171875,0.2642441060453169,50270980.0,-0.0022138530781495858,0.007783865520053501,0.004231962896562802,-0.002345093148486077,0.0034009168849225,-0.007224402595143231,0.023659106099939153,0.9939362143608406,0.9838490363502039,0.9841516728443805,30.51156291251732,0.01626531572126686
202.93917846679688,204.7106157617459,201.07817770068002,202.0236053289331,46607700,0.016398316088211073,3.274169921875,3.6324380610658977,0.9155731378637881,201.4941650390625,199.93768768310548,203.27555236816406,202.53559112548828,0.01904874134745509,202.0031797137122,3.0552215576171875,2.547698974609375,6.656463623046875,-0.1545257146796164,45428540.0,-0.010797712955902372,-0.0022138530781495858,0.007783865520053501,0.00450122480090509,0.015284976367589964,0.012713609286510108,0.03391263274683021,1.0071714901890794,0.9983452318911525,1.0019926736780724,38.107599986883386,-0.012186523072653214
200.48106384277344,205.0091823144686,199.05794913802782,203.40692547634254,72862600,-0.012112568123092138,-2.4581146240234375,5.95123317644078,-2.925861633569099,201.44440612792968,200.55271606445314,203.43378753662108,202.0955810546875,0.019279112501905435,201.85821629743234,-0.2487945556640625,6.1502838134765625,3.164703369140625,0.5633167910023451,52916400.0,0.016398316088211073,-0.010797712955902372,-0.0022138530781495858,0.004231962896562802,-0.0012394496645846687,0.031648531501542676,0.016038727663251873,0.9952178255843726,0.9854855787251362,0.9920111206613806,38.11992964435011,0.006037726243510588
201.69517517089844,203.36710243054736,199.60528507808198,199.63513956616538,54672600,0.0060559900513954545,1.214111328125,3.7618173524653855,2.0600356047330592,201.32497863769532,200.7975296020508,203.0297393798828,201.79812591552735,0.01268838614452203,201.84268857109578,-0.597137451171875,2.4481353759765625,-8.080963134765625,-0.24964796754439178,54574600.0,-0.012112568123092138,0.016398316088211073,-0.010797712955902372,0.007783865520053501,-0.0029518543904704098,0.012286934744407452,-0.038521841425981806,1.0018388008070738,0.9934267550504643,0.9994898329993808,43.05138409870597,-0.01938021422813731
197.82391357421875,203.51640292967522,197.45569804682734,202.5212126953003,60989900,-0.01919362519901391,-3.8712615966796875,6.060704882847887,-4.6972991210815565,200.52086791992187,200.6343200683594,202.32564392089844,201.33916229248047,0.012917783499285128,201.45994809520272,-4.0205535888671875,-1.6320953369140625,-14.0819091796875,0.1155478246873205,58051780.0,0.0060559900513954545,-0.012112568123092138,0.016398316088211073,-0.0022138530781495858,-0.019919067613672348,-0.008182733354707983,-0.06645362074850258,0.9865502559724599,0.9777500752774587,0.9825406608518853,44.34578359766769,0.0021106033870480845
198.24188232421875,198.71956936233477,196.4107360236097,198.12246436103902,43904600,0.002112832278202692,0.41796875,2.3088333387250657,0.1194179631797283,200.23624267578126,200.55968170166017,201.67230148315429,200.86748809814452,0.012975452236747799,201.1534656408233,-1.423126220703125,-0.7463836669921875,-13.066848754882812,-0.2801332679673192,55807480.0,-0.01919362519901391,0.0060559900513954545,-0.012112568123092138,-0.010797712955902372,-0.007127569477868412,-0.003750892864331834,-0.06183771341654287,0.9900399631709443,0.9829901323399035,0.9869286672582728,46.27073417373027,-0.013901465204757279
195.50509643554688,199.4062398916536,194.758703844025,198.7693188209708,51447300,-0.013805286030304842,-2.736785888671875,4.647536047628591,-3.2642223854239205,198.74942626953126,200.12179565429688,200.92590866088867,200.32716400146484,0.013194115750333562,200.61552571651126,-7.43408203125,-4.3788604736328125,-14.9278564453125,0.1717974881903035,56775400.0,0.002112832278202692,-0.01919362519901391,0.0060559900513954545,0.016398316088211073,-0.03663206921115181,-0.021907013155750277,-0.07093877760563572,0.9836762807577385,0.973020840062539,0.975929037931757,52.30287608156777,0.00997805529540567
197.4656219482422,197.73432753277095,195.61456771612566,196.35101387226533,43020700,0.010028002074829123,1.9605255126953125,2.119759816645285,1.1146080759768608,198.146337890625,199.79537200927734,200.28699645996093,200.23751892089842,0.013533254985062177,200.315534881438,-3.01544189453125,-3.2642364501953125,-12.778244018554688,-0.1637909083664254,50807020.0,-0.013805286030304842,0.002112832278202692,-0.01919362519901391,-0.012112568123092138,-0.015041030991815307,-0.016261838055582123,-0.06077820135105727,0.9965645797463157,0.9859133415469498,0.9861569550621967,46.048494259930806,-0.014109778885394917
194.69898986816406,197.43576263348734,194.27106541566712,196.2514839890114,38856200,-0.014010702484725579,-2.766632080078125,3.164697217820219,-1.5524941208473422,196.74710083007812,199.03603973388672,199.63315505981444,200.3869305419922,0.013619342484057228,199.78062583255476,-6.996185302734375,-7.59332275390625,-13.076828002929688,-0.09680223706262336,47643740.0,0.010028002074829123,-0.013805286030304842,0.002112832278202692,0.0060559900513954545,-0.03468692444827415,-0.03753638808852,-0.06293719902978645,0.9895901339675499,0.9752838390488193,0.9716152113391636,40.523361781446035,0.004793352022077007
195.63449096679688,196.61973472966923,194.13175923439314,194.99756984742208,45394700,0.004804858511419319,0.9355010986328125,2.487975495276089,0.6369211193747901,196.30921630859376,198.4150421142578,199.1216278076172,200.69260589599608,0.01365235077240371,199.38575584533973,-2.189422607421875,-6.2099761962890625,-10.230545043945312,0.16827430371472252,44524700.0,-0.014010702484725579,0.010028002074829123,-0.013805286030304842,-0.01919362519901391,-0.011067532574116523,-0.030766145258128597,-0.04969539870486539,0.9965629461800906,0.9824874029043724,0.9747967051072104,43.441055050936406,0.022235368433496387
200.03321838378906,200.72984844555882,195.9131318065836,197.28649906078425,96813500,0.02248441670614576,4.3987274169921875,4.816716638975208,2.746719323004811,196.6674835205078,198.45186309814454,199.06739044189453,201.26595092773437,0.013832109835991717,199.44741894423967,1.7913360595703125,0.3682098388671875,-1.084747314453125,1.1327049192967462,55106480.0,0.004804858511419319,-0.014010702484725579,0.010028002074829123,0.002112832278202692,0.009036113048203509,0.0018441380467741908,-0.005393587344059925,1.0171138350022682,1.0048517637155465,0.9938751063542391,50.25673246912492,0.002484519702133711
200.53082275390625,201.3269779408771,198.00304635957568,200.6602023375907,55814300,0.0024876086788869767,0.4976043701171875,3.323931581301423,-0.1293795836844538,197.6726287841797,198.21102752685547,199.07435760498046,201.32387939453125,0.013819675790874841,199.550600259446,5.025726318359375,-2.408355712890625,0.13934326171875,-0.4234863939429935,55979880.0,0.02248441670614576,0.004804858511419319,-0.014010702484725579,-0.013805286030304842,0.02570636985934649,-0.011867376871660396,0.0006953552220476666,1.0144592298251225,1.0073161866070959,0.996060791978527,49.6535034824972,-0.005973143235657363
199.3365936279297,202.46149014710028,199.23706853700068,201.61557243039425,54064000,-0.0059553394813630645,-1.1942291259765625,3.224421610099597,-2.2789788024645645,198.04682312011718,198.0965805053711,199.32464828491212,201.5254928588867,0.01195128722026328,199.53021867549208,1.8709716796875,-1.14447021484375,5.0058135986328125,-0.031359346977387514,58188540.0,0.0024876086788869767,0.02248441670614576,0.004804858511419319,0.010028002074829123,0.009474923590385265,-0.005708620020798083,0.02575924204018598,1.0065124523963216,1.0000599290811265,0.9891383506875244,44.78763148915742,0.006270846868604022
200.5905303955078,202.690382284235,199.65504919597097,200.48105886821313,39525700,0.006290549791969635,1.253936767578125,3.035333088264025,0.10947152729468712,199.22513122558593,197.98611602783203,199.3918228149414,201.5985302734375,0.010628347507326568,199.631200744065,5.89154052734375,-1.104644775390625,1.3434906005859375,-0.26890907073098547,58322440.0,-0.0059553394813630645,0.0024876086788869767,0.02248441670614576,-0.014010702484725579,0.030259738539645697,-0.00547680317317778,0.006742838448032806,1.0068535488546162,1.0060118191590983,0.9949999641536946,47.849830923208465,-0.0027822233350803093
200.03321838378906,201.66532960796235,198.50063224789568,200.4611428555203,50799100,-0.0027783565386655384,-0.55731201171875,3.1646973600666684,-0.42792447173124515,200.10487670898436,198.20704650878906,199.42068328857422,201.57355499267578,0.010650286774862416,199.66948813832445,4.3987274169921875,2.2093048095703125,0.57720947265625,0.2852169601044383,59403320.0,0.006290549791969635,-0.0059553394813630645,0.0024876086788869767,0.004804858511419319,0.02248441670614576,0.011168037117724072,0.002893918693186226,0.9996418961577858,1.0030715725425956,0.9923584390375876,50.66857580138497,0.0003978802500067327
200.11282348632812,202.2425296541318,199.03801637565215,200.91892502298623,73188600,0.00039795941485243347,0.0796051025390625,3.204513278479652,-0.8061015366581046,200.12079772949218,198.394140625,199.47691116333007,201.5577258300781,0.01063345776946302,199.71171055242002,0.0796051025390625,1.870941162109375,1.1245574951171875,0.4407459974684591,54678340.0,-0.0027783565386655384,0.006290549791969635,-0.0059553394813630645,0.02248441670614576,0.00039795941485243347,0.00943766846931715,0.005651375921667867,0.999960152851405,1.0031878993879015,0.9928313224521689,44.1945642757654,0.020136066358567607
204.1831512451172,206.39247448465787,198.30157410241034,201.03834688076608,91912800,0.020340164552558715,4.0703277587890625,8.090900382247526,3.1448043643511028,200.85126342773438,199.26194610595704,199.69187088012694,201.77974060058594,0.011513441966289424,200.1375620469626,3.6523284912109375,8.678054809570312,4.2991943359375,0.2558349251112879,61898040.0,0.00039795941485243347,-0.0027783565386655384,0.006290549791969635,0.0024876086788869767,0.01821330227968554,0.04438787002379363,0.0215084512154764,1.0165888317579919,1.0224910525661124,1.0119110602351735,57.13187172390115,0.012833485893462695
206.82041931152344,209.17901505124104,205.1484920031366,205.6759415551798,78788900,0.012916188482370305,2.63726806640625,4.030523048104442,1.1444777563436332,202.34802856445313,200.19742584228516,199.99639892578125,202.00063293457032,0.011796951137107763,200.77402464358744,7.48382568359375,9.35479736328125,6.0905609130859375,-0.14278642365372396,66843020.0,0.020340164552558715,0.00039795941485243347,-0.0027783565386655384,-0.0059553394813630645,0.037543661940780515,0.047374308859358116,0.030342077465109973,1.0221024676088986,1.0341207162848696,1.023860253836503,59.36025825092073,0.02198734624048182
211.418212890625,212.31387801499196,207.13889190503232,207.90519262679368,67941800,0.02223084932525987,4.5977935791015625,5.174986109959633,3.513020263831322,204.51356506347656,201.86934814453124,200.45269393920898,202.38941345214843,0.012612142622068478,201.787756857591,10.827682495117188,16.719223022460938,9.125900268554688,-0.137672946316042,72526240.0,0.012916188482370305,0.020340164552558715,0.00039795941485243347,0.006290549791969635,0.053979031182419535,0.08587216109226858,0.04511244223898925,1.0337613195731314,1.0547037744214178,1.044611026261071,74.18551468695944,0.00521132464908639
212.52285766601562,213.61755770997246,210.7912213537831,211.12958235725722,34955800,0.0052249272202584685,1.104644775390625,2.8263363561893584,1.3932753087584047,207.01149291992186,203.5581848144531,200.98661346435546,202.66949157714845,0.012582167978184377,202.8101474107743,12.489639282226562,16.88836669921875,10.678390502929688,-0.48550376940263573,69357580.0,0.02223084932525987,0.012916188482370305,0.020340164552558715,-0.0027783565386655384,0.0624378259927989,0.0863261207967927,0.05290405356665917,1.026623472293037,1.0573980724527512,1.0486179050047915,74.80120200970936,-0.017001603648317123
208.94017028808594,215.18996325511674,207.79570768244494,211.65703516300363,50229000,-0.01685789198054155,-3.5826873779296875,7.394255572671796,-2.7168648749176896,208.77696228027344,204.44888000488282,201.45037155151368,202.78130981445312,0.012989592609119935,203.3939591133754,8.827346801757812,8.906951904296875,9.275161743164062,0.43692892166679065,64765660.0,0.0052249272202584685,0.02223084932525987,0.012916188482370305,0.00039795941485243347,0.04411184974540583,0.044527363886170956,0.046453616538810305,1.0007817337987388,1.03717937415001,1.0303719335833674,72.66620569568605,0.00028579648622503154
208.99989318847656,210.41306148236814,207.44739887083225,209.08947184941582,42848900,0.0002858373299317041,0.059722900390625,2.9656626115358904,-0.08957866093925304,209.7403106689453,205.29578704833983,201.75340728759767,202.81938415527344,0.012565367363598165,203.92785759671835,4.816741943359375,8.469070434570312,6.0607147216796875,-0.14692906488283664,54952880.0,-0.01685789198054155,0.0052249272202584685,0.02223084932525987,0.020340164552558715,0.023590300737287517,0.04223326029517005,0.02986468540706788,0.9964698370184193,1.0359175391300781,1.0304729701204076,70.79296651933811,0.005366309202147919
210.1244659423828,210.31355451699514,206.22332203726856,208.52220905408606,48749400,0.005380733629811507,1.12457275390625,4.0902324797265806,1.6022568882967505,210.4011199951172,206.37457427978515,202.23557739257814,202.8618606567383,0.012167001086559402,204.5180107724959,3.304046630859375,10.787872314453125,9.643402099609375,0.13770481856010308,48944980.0,0.0002858373299317041,-0.01685789198054155,0.0052249272202584685,0.012916188482370305,0.01597543725062578,0.05411887560690021,0.048101311489309406,0.9986851113114759,1.0390084111387128,1.0358007427425382,79.55759105358075,0.005996919826337067
211.3883514404297,212.45319704499605,209.0197939340788,209.49748097232364,44443600,0.006014937348578053,1.263885498046875,3.4334031109172543,1.8908704681060442,210.39514770507813,207.45435638427733,202.7202362060547,202.91252044677734,0.01216635919036983,205.17232893134675,-0.0298614501953125,10.797821044921875,9.69317626953125,-0.08832518964335967,44245340.0,0.005380733629811507,0.0002858373299317041,-0.01685789198054155,0.02223084932525987,-0.00014124350871680402,0.053830163485941274,0.04805854310257107,1.0047206589419249,1.042759003228293,1.0417708625125255,79.81165537565263,-0.005902303230973185
210.14434814453125,211.1096837700706,208.85059795908091,209.55718962168862,39765800,-0.005884918858686472,-1.2440032958984375,2.2590858109896885,0.5871585228426284,209.91944580078126,208.46546936035156,203.3362579345703,202.91703033447266,0.011251559427243556,205.64585457069765,-2.378509521484375,10.111129760742188,12.3204345703125,-0.10525249979749618,45207340.0,0.006014937348578053,0.005380733629811507,0.0002858373299317041,0.0052249272202584685,-0.011191782133958772,0.05054725331341059,0.062279804032338015,1.001071374511742,1.0334819292885367,1.0356171081261423,71.727923455519,-0.01210174070414454
207.61656188964844,209.89555581124029,206.54175471753558,208.92025854176603,38840100,-0.012028809136205187,-2.5277862548828125,3.3538010937047034,-1.3036966521175941,209.65472412109375,209.2158432006836,203.80499191284179,202.84534271240236,0.011749238360827198,205.8335409820263,-1.3236083984375,7.5037384033203125,9.374679565429688,-0.02327879735853422,42929560.0,-0.005884918858686472,0.006014937348578053,0.005380733629811507,-0.01685789198054155,-0.00633486799887506,0.037497539001207336,0.04728909681203319,0.990278481727566,1.0187020442484387,1.0235214627728022,64.00466851436894,0.002346000712750035
208.1042022705078,210.8708295317098,207.91511372197888,208.21367378884585,42296300,0.002348754725639779,0.487640380859375,2.9557158097309184,-0.10947151833804014,209.4755859375,209.60794830322266,204.43494720458983,202.7671078491211,0.011116352682109901,206.04979443807218,-0.89569091796875,3.921051025390625,12.599105834960938,0.08898535276685693,42819040.0,-0.012028809136205187,-0.005884918858686472,0.006014937348578053,0.0002858373299317041,-0.0042856046685201266,0.0192035973657958,0.06444387417345188,0.9934532529848067,1.0179482770245047,1.0263213026905629,67.82672957691946,0.005008729395726807
209.14915466308594,211.37837076419683,207.63646146204943,209.28848066940537,47490500,0.0050212940496983105,1.044952392578125,3.7419093021474055,-0.13932600631943615,209.28052368164063,209.8408218383789,205.01912384033204,202.86819763183593,0.011010030073585418,206.3449716023592,-0.975311279296875,2.3287353515625,11.68353271484375,0.12280506805559832,42567260.0,0.002348754725639779,-0.012028809136205187,-0.005884918858686472,0.005380733629811507,-0.004641588379167172,0.011259697467564056,0.059167426712413373,0.9993722826365127,1.0201446125873133,1.0309607770196128,67.55096651129725,-0.0006662417241275338
209.00985717773438,210.78129457926272,208.5819174807461,209.55721484346458,48068100,-0.0006660198343901857,-0.1392974853515625,2.1993770985166066,-0.5473576657302033,208.80482482910156,209.59998626708983,205.73466720581055,203.094912109375,0.010311168027474714,206.5987702285854,-2.3784942626953125,-2.408355712890625,14.310867309570312,0.012162432486497288,43292160.0,0.0050212940496983105,0.002348754725639779,-0.012028809136205187,0.006014937348578053,-0.011251775447832957,-0.011391429716306245,0.07350252468829233,1.0009819330027485,1.015919485113549,1.029124043566261,68.72927832045116,0.005508005171935988
210.1642608642578,210.77132749863404,208.6913836081342,209.85575432940058,48974600,0.005523202121236581,1.1544036865234375,2.079943890499834,0.30850653485723,208.80880737304688,209.36412658691407,206.4611557006836,203.35226806640625,0.01031682481043814,206.93834076531613,0.0199127197265625,-2.3585968017578125,14.529769897460938,0.01885866094145605,45133920.0,-0.0006660198343901857,0.0050212940496983105,0.002348754725639779,-0.005884918858686472,9.47573413341285e-05,-0.011098085296144422,0.07426998084876013,1.0064913616827922,1.0179360865776745,1.0334984844901118,70.07157417479456,0.006137014597578168
211.4580078125,214.74213848423943,210.61210526026528,211.07984586548804,51377400,0.006155884653850752,1.2937469482421875,4.130033223974152,0.3781619470119608,209.57709655761718,209.61591033935548,207.03239517211915,203.68042236328125,0.009347524722560405,207.3687852460003,3.8414459228515625,2.5178375244140625,11.424789428710938,0.04906216691917842,47641380.0,0.005523202121236581,-0.0006660198343901857,0.0050212940496983105,-0.012028809136205187,0.01850259867463433,0.012050519155519357,0.057114460893145313,1.0089747939339626,1.021376425832786,1.0381852382225856,66.3388826098072,0.008995498287768371
213.36875915527344,213.91611676733493,211.20919838168209,212.1148250502387,46404100,0.009036079373582862,1.9107513427734375,2.706918385652841,1.2539341050347446,210.6300079345703,210.05279693603515,207.6742919921875,204.0221432495117,0.00944931644458581,207.94021133259773,5.264556884765625,4.368865966796875,12.837936401367188,-0.09679937092963053,48462940.0,0.006155884653850752,0.005523202121236581,-0.0006660198343901857,0.002348754725639779,0.02529769618934652,0.020903675595934423,0.06401976626367345,1.0130026639962617,1.0274201833479715,1.045811771981687,65.20331931391777,-0.0011666395960046021
213.11997985839844,214.11517007989065,211.38835859165647,213.96589762082587,46989300,-0.001165959336596023,-0.248779296875,2.7268114882341763,-0.8459177624274332,211.4241729736328,210.35234832763672,208.36346130371095,204.33821563720704,0.009265321129870857,208.43352262076922,3.9708251953125,2.995513916015625,13.78338623046875,0.012610954635474014,48362700.0,0.009036079373582862,0.006155884653850752,0.005523202121236581,0.0050212940496983105,0.018985614365542247,0.01425590257936471,0.06914629160462149,1.0080208751010562,1.0228279878099855,1.0429766120537287,54.9507750193322,-0.0018228778410747772
212.73184204101562,214.65256693634578,212.50295255730364,212.87116805528336,46022600,-0.0018212174083382937,-0.3881378173828125,2.1496143790421343,-0.13932601426773772,212.16856994628907,210.4866973876953,208.97052688598632,204.39732971191407,0.009309076099040933,208.8428863750784,3.72198486328125,1.3434906005859375,12.141311645507812,-0.02057276869414948,47953600.0,-0.001165959336596023,0.009036079373582862,0.006155884653850752,-0.0006660198343901857,0.017807700141702965,0.006355556450633237,0.06052784057935634,1.0026548328759022,1.0179992614799764,1.0407760333310057,50.634425357744384,0.0005612560321282327
212.8512725830078,214.2047317845148,212.37357038101962,213.6673206036272,40268800,0.0005614135657658892,0.1194305419921875,1.831161403495173,-0.8160480206193768,212.70597229003906,210.75738983154298,209.61142959594727,204.41623870849608,0.009229893230422608,209.22463744250024,2.68701171875,2.7069244384765625,12.81805419921875,-0.1250211852437716,46212440.0,-0.0018212174083382937,-0.001165959336596023,0.009036079373582862,0.005523202121236581,0.012785293311528001,0.01288126215326435,0.06407962788773247,1.0006831039646156,1.0154564233129164,1.0412640107645281,65.03447774255838,0.000794555957921764
213.0204620361328,213.81661722083774,212.03521828670327,213.00055398053098,37858000,0.000794871701126576,0.169189453125,1.7813989341344723,0.01990805560183162,213.01846313476562,211.29777984619142,210.2568115234375,204.45047332763673,0.009224087872691545,209.58614454665573,1.5624542236328125,5.403900146484375,12.907638549804688,-0.059867689129052715,43508560.0,0.0005614135657658892,-0.0018212174083382937,-0.001165959336596023,0.006155884653850752,0.007388957456831102,0.02602827104591321,0.0645018061557987,1.000009383700069,1.013144166377636,1.0419171869304624,65.32628826162622,-0.013072712105562628
210.2538299560547,213.7767964509494,209.80599741985404,213.14982178903043,51411700,-0.012987635336218717,-2.766632080078125,3.9707990310953676,-2.8959918329757386,212.39547729492188,211.5127426147461,210.5603454589844,204.44689086914062,0.008965853529029517,209.64973363326516,-3.11492919921875,2.149627685546875,6.0706787109375,0.3580141581700036,44510080.0,0.000794871701126576,0.0005614135657658892,-0.0018212174083382937,0.009036079373582862,-0.014598806364862216,0.010329573656338908,0.029731535995591418,0.9899166998933155,0.9985442866639417,1.0284031665251925,50.43826546542572,-0.01056346823372082
208.0445098876953,211.36844143995228,206.72090512781878,210.88079278566187,45512500,-0.010507870742811898,-2.209320068359375,4.6475363121334965,-2.836282897966555,211.38038330078126,211.40227813720702,210.62154998779297,204.40290374755858,0.008926491125701305,209.4968551813061,-5.075469970703125,-1.104644775390625,1.224090576171875,-0.11474430917475986,44214720.0,-0.012987635336218717,0.000794871701126576,0.0005614135657658892,-0.001165959336596023,-0.023815082818961275,-0.005281612431903282,0.005918615677536598,0.9842186235023559,0.9877645943625093,1.017815823911358,39.35358371988628,-0.007104843273338677
206.57162475585938,208.83069544134486,206.16359315375274,207.48719786288635,80698400,-0.007079663542340131,-1.4728851318359375,2.6671022875921153,-0.9155731070269724,210.14833984375,211.15845489501953,210.37922058105468,204.3788198852539,0.007421287281111534,209.21826180745404,-6.16021728515625,-2.438232421875,-4.846588134765625,0.77310409228234,51149880.0,-0.010507870742811898,-0.012987635336218717,0.000794871701126576,-0.0018212174083382937,-0.02895766438184899,-0.011665633644262097,-0.022924175114813594,0.9829800459496849,0.9819012742100719,1.0107291199344266,38.78825721952686,-0.025321448299336583
201.40660095214844,212.5527283441607,200.530828701964,209.8557561748323,104434500,-0.02500354930071025,-5.1650238037109375,12.0218996421967,-8.449155222683856,207.85940551757812,210.2826889038086,209.82340774536132,204.28965118408203,0.008974086874135303,208.47429410694875,-11.444671630859375,-8.757659912109375,-11.116256713867188,0.29413346485184344,63983020.0,-0.007079663542340131,-0.010507870742811898,-0.012987635336218717,0.0005614135657658892,-0.05376839655208632,-0.04167054796136738,-0.05230616996189952,0.9689559173453712,0.9598862353649913,0.9858874386674843,33.279759674482506,0.0047815016861833684
202.37193298339844,206.88014336875773,200.70995198839026,203.52634207300898,75109300,0.004792951306890725,0.96533203125,6.17019138036747,-1.1544090896105388,205.72969970703124,209.37408142089845,209.49499588012696,204.31473052978515,0.008460394351175722,207.89311685708682,-10.648529052734375,-9.086074829101562,-6.5682373046875,-0.28079992722711367,71433280.0,-0.02500354930071025,-0.007079663542340131,-0.010507870742811898,0.000794871701126576,-0.04998829197416799,-0.04296869588007368,-0.03143597181734481,0.9836787458086294,0.9659988876259157,0.9904911528339192,34.95300090841947,-0.002116899873787892
201.94398498535156,204.35234334482283,201.18764593221573,202.42167200915333,44155100,-0.002114660821478598,-0.427947998046875,3.1646974126070972,-0.47768702380176364,204.06773071289064,208.23160400390626,209.1422004699707,204.34578063964844,0.008449828609336097,207.32653286930253,-8.309844970703125,-11.424774169921875,-7.055908203125,-0.4121220674403836,69981960.0,0.004792951306890725,-0.02500354930071025,-0.007079663542340131,-0.012987635336218717,-0.03952291842883415,-0.05354473736057963,-0.033760343584300134,0.9895929370110601,0.9655821949446655,0.9882464142553924,30.453536178083027,0.049653469025324734
212.2243194580078,214.34407953630614,204.60115854716602,204.64097466073486,108483100,0.050906861491328614,10.28033447265625,9.742920989140117,7.583344797272957,204.90369262695313,208.14203796386718,209.24719314575196,204.70365142822266,0.014452503879710263,207.79298873489353,4.1798095703125,-0.895660400390625,2.099853515625,1.4568645524526045,82576080.0,-0.002114660821478598,0.004792951306890725,-0.02500354930071025,-0.010507870742811898,0.02009093906188064,-0.004202611134750067,0.009993379429698468,1.0357271591214443,1.0142277956874772,1.0367392959398294,55.625213285632114,0.031298648724321844
218.97169494628906,219.78775818606874,215.53829184895108,217.82723230897543,90224800,0.0317936017206375,6.74737548828125,4.249466337117667,1.1444626373136373,207.38370666503906,208.76602325439453,209.62636032104493,205.09814453125,0.016025281016843078,208.8576274216931,12.400070190429688,6.2398529052734375,7.583343505859375,-0.16830547799611184,84481360.0,0.050906861491328614,-0.002114660821478598,0.004792951306890725,-0.007079663542340131,0.060027945295414886,0.0293320118201692,0.03587398952773602,1.0558770429345572,1.0445809134449104,1.067643471113534,62.88959951407529,0.04148534023996629
228.2468719482422,229.88892965735022,218.19544514014734,219.76784743364436,113854000,0.04235788102306204,9.275177001953125,11.693484517202876,8.479024514597825,212.75176086425782,210.30558319091796,210.53148651123047,205.67396179199218,0.018268205858525358,210.7042221385073,26.84027099609375,15.395599365234375,18.102523803710938,0.26189251735664687,86365260.0,0.0317936017206375,0.050906861491328614,-0.002114660821478598,-0.02500354930071025,0.13326410787534537,0.07233031392485745,0.0861432818134158,1.0728318817246862,1.0841460141215824,1.1097509376470274,69.91735638921242,-0.008372346759315892
226.34388732910156,228.71513292468896,223.9327956372812,227.08116933177635,61806100,-0.008337396271402842,-1.902984619140625,4.782337287407756,-0.7372820026747888,217.54615173339843,211.63792572021484,211.4678527832031,206.22107421875,0.018112575593601254,212.19371406142105,23.971954345703125,13.32342529296875,18.727325439453125,-0.45714599399230593,83704620.0,0.04235788102306204,0.0317936017206375,0.050906861491328614,0.004792951306890725,0.11845493588120082,0.062545283986422,0.09020150063657728,1.0404407778561153,1.0703465531526883,1.09757883953706,65.39579344088483,0.010813812010512562
228.8048095703125,229.95058632959714,226.2343181614284,227.17084589508121,55626200,0.010872492605169315,2.4609222412109375,3.716268168168739,1.6339636752312856,222.91831665039064,213.49302368164064,212.50288314819335,206.79949127197267,0.01815999656177248,213.77572315750595,26.860824584960938,18.550979614257812,20.700607299804688,-0.09998851246074414,85998840.0,-0.008337396271402842,0.04235788102306204,0.0317936017206375,-0.002114660821478598,0.13301126342985325,0.08823135168636487,0.09947231758874642,1.0264065017553214,1.076713907033208,1.1064089575994145,67.68273361666874,0.01589729183540452
232.47125244140625,234.1351043372746,229.58191650034667,230.2195756343437,69878500,0.016024326053194482,3.66644287109375,4.553187836927947,2.2516768070625517,226.96770324707032,215.93569793701172,213.6689880371094,207.43431915283202,0.01832952859568917,215.55624975597263,20.246932983398438,24.426742553710938,23.322097778320312,0.2562155962478112,78277920.0,0.010872492605169315,-0.008337396271402842,0.04235788102306204,0.050906861491328614,0.09540345345484602,0.11741113748638088,0.11150940493108563,1.0242481600492073,1.0879971612961978,1.1206981245476921,70.72205096792672,-0.002359949785194589
231.92327880859375,234.25466305951576,230.0003892485326,233.1985666998313,51916300,-0.0023571672929779686,-0.5479736328125,4.254273810983165,-1.2752878912375536,229.55802001953126,218.47086334228516,214.81465911865234,208.0269384765625,0.018363130748125785,217.11501442765083,12.951583862304688,25.351654052734375,22.913421630859375,-0.25704902080038927,70616220.0,0.016024326053194482,0.010872492605169315,-0.008337396271402842,0.0317936017206375,0.059147296939367155,0.12272573293982991,0.10962842585636823,1.0103035336724948,1.0796436321437985,1.1148713743855994,69.84288612252298,-0.005125246918470202
230.73765563964844,233.417757832359,228.49593650929467,233.1387895567921,56038700,-0.00511213525022558,-1.1856231689453125,4.921821323064336,-2.401133917143653,230.0561767578125,221.40396881103516,215.84332885742188,208.60480224609375,0.018511916907767968,218.41240882879345,2.49078369140625,29.3310546875,20.573394775390625,0.07940473415863614,59053160.0,-0.0023571672929779686,0.016024326053194482,0.010872492605169315,0.04235788102306204,0.01091267394004447,0.14563104957254436,0.09789197597530008,1.0029622281454906,1.069005268131614,1.1060994433265456,68.05151686259683,-0.0030271363099408618
230.0402374267578,232.26202593201924,229.26310933608104,230.8472538899505,37476200,-0.0030225591525460116,-0.697418212890625,2.998916595938198,-0.8070164631926957,230.79544677734376,224.1707992553711,216.77244033813477,209.21230682373047,0.01859119024073115,219.51982107621862,3.69635009765625,27.668304443359375,18.582229614257812,-0.33124430081354495,54187180.0,-0.00511213525022558,-0.0023571672929779686,0.016024326053194482,-0.008337396271402842,0.01633068222550138,0.13672006802262016,0.0878766891189795,0.9967277978784629,1.0612061065877523,1.0995540411519658,71.04723772473595,-0.0014303218810211283
229.71144104003906,232.01293684851592,228.50590285589897,230.4287923573085,39402600,-0.0014292994582021379,-0.32879638671875,3.507033992616954,-0.717351317269447,230.97677307128907,226.94754486083986,217.58957443237304,209.7477520751953,0.018600565222838192,220.49045154896342,0.9066314697265625,27.7674560546875,16.342681884765625,0.051403290621781395,50942460.0,-0.0030225591525460116,-0.00511213525022558,-0.0023571672929779686,0.010872492605169315,0.003962466835505607,0.13750078298544843,0.07659360231303913,0.9945218213311021,1.0557097767174204,1.0951795133312643,74.00808585779684,-0.019931863248420733
225.17819213867188,229.6217843388592,224.93908515924198,229.13358225147155,42263900,-0.019734536864348118,-4.5332489013671875,4.682699179617202,-3.9553901127996767,229.51816101074218,228.24293212890626,218.1924850463867,210.24169464111327,0.019314267081210656,220.93690303369755,-7.293060302734375,12.953872680664062,12.058212280273438,0.07261703542405828,45419540.0,-0.0014292994582021379,-0.0030225591525460116,-0.00511213525022558,0.016024326053194482,-0.03137188029118809,0.061038587442506564,0.05657945486052118,0.9810909565806988,1.0320162589046091,1.0710444116380222,69.30758692847547,-0.004923439602806354
224.072265625,225.6863136691638,222.95639256938466,225.43723377620466,30621200,-0.004911339340493592,-1.105926513671875,2.7299210997791477,-1.364968151204664,227.94795837402344,228.75298919677735,218.75950622558594,210.68923645019532,0.01936656291090105,221.23550899477397,-7.85101318359375,5.1005706787109375,11.340423583984375,-0.2754762338544242,41160520.0,-0.019734536864348118,-0.0014292994582021379,-0.0030225591525460116,-0.0023571672929779686,-0.03385176867076456,0.023293287655110184,0.053308538464109656,0.9829974667171,1.0242858447208942,1.0635202319790469,75.68317962908338,0.012636643084641422
226.9217529296875,228.2468598588307,224.58041092619504,225.33760837029214,42477800,0.012716822837219421,2.8494873046875,3.66644893263566,1.5841445593953551,227.18477783203124,228.62047729492187,219.46303024291993,211.2711932373047,0.01948380649166295,221.77705603619432,-3.8159027099609375,-1.3251190185546875,14.070480346679688,0.38720233041161034,38448340.0,-0.004911339340493592,-0.019734536864348118,-0.0014292994582021379,-0.00511213525022558,-0.016537841209240622,-0.005805639337984725,0.06610475087102174,0.9988422424035021,1.0339862375841236,1.0740780579338318,76.6789849994478,-0.002637768568326629
226.323974609375,228.45609804536198,225.3973894325087,225.6464693442017,30983100,-0.0026342927136550065,-0.5977783203125,3.0587086128532803,0.6775052651732949,226.4415252685547,228.6184860229492,220.12820587158203,211.8328350830078,0.019522831063589163,222.21009590030675,-3.7162628173828125,-0.0199127197265625,13.303512573242188,-0.2706048806670779,37149720.0,0.012716822837219421,-0.004911339340493592,-0.019734536864348118,-0.0030225591525460116,-0.016154838209841538,-8.797551354944311e-05,0.06245180601939371,0.9994808785224341,1.0281461828722096,1.0684083726712563,76.3969893131123,0.00942012934872984
228.46604919433594,228.6453946309622,223.86305742355088,226.03502689374838,54575100,0.009464638417816973,2.1420745849609375,4.782337207411302,2.431022300587557,226.19244689941405,228.58460998535156,221.0388168334961,212.4920541381836,0.019184911684473203,222.80590097592858,-1.245391845703125,-0.3387603759765625,18.21221923828125,0.7614473696950919,40184220.0,-0.0026342927136550065,0.012716822837219421,-0.004911339340493592,-0.0014292994582021379,-0.005421549053301389,-0.0014805649261164788,0.0866201545155576,1.0100516278332359,1.0336014844235917,1.0751745523894483,71.34753536804021,0.0051327529866178855
229.6417236328125,230.05020313892598,227.41991984776428,227.7686378094015,31259500,0.005145948129371858,1.1756744384765625,2.630283291161703,1.873085823411003,227.08515319824218,228.3016571044922,222.11867752075196,213.135576171875,0.018864159738317766,223.45693170515563,4.463531494140625,-2.82952880859375,21.597213745117188,-0.42722047233994986,37983340.0,0.009464638417816973,-0.0026342927136550065,0.012716822837219421,-0.019734536864348118,0.01982221924666594,-0.012171521333834256,0.10381054398780143,1.0112582015977878,1.033869489031861,1.0774443561108107,66.4308341984179,0.0089406963910999
231.70408630371094,232.55096405412047,228.4959359400532,229.9704999102399,38074700,0.008980783797791325,2.0623626708984375,4.055028114067284,1.733586393471029,228.61151733398438,228.2797378540039,223.37530059814452,213.87567810058593,0.018658353546193072,224.24237500025612,7.6318206787109375,-0.2191925048828125,25.132461547851562,0.21802012188294762,39474040.0,0.005145948129371858,0.009464638417816973,-0.0026342927136550065,-0.004911339340493592,0.03405963989976035,-0.0009451078219004927,0.12166463606777955,1.0135276166563758,1.0372860637826293,1.0833587454237799,56.84414919068355,-0.0018076304121467212
231.28562927246094,232.52107103838586,230.51845893056873,231.65426265633033,39418400,-0.0018059976322623017,-0.41845703125,2.0026121078171286,-0.36863338386939404,229.48429260253906,228.33453521728515,224.86925201416017,214.5887008666992,0.01730693390287251,224.91316112141848,4.3638763427734375,0.5479736328125,29.8790283203125,0.03529115134196714,38862160.0,0.008980783797791325,0.005145948129371858,0.009464638417816973,0.012716822837219421,0.019230753713266102,0.0023748773527814127,0.1483517828068175,1.0078494987586875,1.0285338133196473,1.0778089821986188,60.39395763877032,-0.010479434121202637
228.87454223632812,230.00038826150748,226.1346633063032,228.4062708029861,44075600,-0.010424716156024028,-2.4110870361328125,3.8657249552042856,0.4682714333420108,229.9944061279297,228.21796569824218,226.19438247680665,215.16552734375,0.017741818283321033,225.29043551331463,2.550567626953125,-1.1656951904296875,26.502609252929688,0.11814787003023963,41480660.0,-0.0018059976322623017,0.008980783797791325,0.005145948129371858,-0.0026342927136550065,0.011269542395388354,-0.005067353448549805,0.1309599056658901,0.9951309081361802,1.011848922728204,1.0637138070480803,50.146976717858735,0.03738230681500496
237.5923309326172,237.9709372370204,233.49745685978084,236.33697373754433,66427800,0.03808981379539955,8.717788696289062,4.473480377239554,1.255357195072861,231.81966247558594,229.0060546875,227.97679977416993,215.90675750732422,0.01897104606072039,226.46204460086724,9.12628173828125,7.880889892578125,35.648345947265625,0.5071331984136347,43851200.0,-0.010424716156024028,-0.0018059976322623017,0.008980783797791325,0.009464638417816973,0.039945899053553946,0.034307781349055544,0.17652591113249283,1.0249015480196344,1.042177674078995,1.1004395308218056,58.89888864318165,0.005478308003059458
238.8975067138672,239.0170601981439,235.8687018920251,237.57239985348932,47549400,0.005493341372285965,1.30517578125,3.1483583061188085,1.325106860377872,233.6708190917969,230.37798614501952,229.3104591369629,216.69797576904296,0.016108473419742714,227.64637432591485,9.255783081054688,13.719314575195312,26.673187255859375,-0.28419426806246784,47109180.0,0.03808981379539955,-0.010424716156024028,-0.0018059976322623017,0.005145948129371858,0.04030531967202222,0.06092647980203392,0.12568393350950102,1.0223677378390026,1.041808156562009,1.1024445699875136,61.8083568908154,-0.00037531663988593574
238.807861328125,240.43186723598095,237.61228077870243,239.1167179897741,54870400,-0.00037524621740636643,-0.0896453857421875,2.8195864572785183,-0.308856661649088,235.0915740966797,231.85154571533204,230.3022674560547,217.4623223876953,0.014969322959823986,228.70937308803008,7.1037750244140625,14.735595703125,19.836166381835938,0.1539661909508847,50468320.0,0.005493341372285965,0.03808981379539955,-0.010424716156024028,0.008980783797791325,0.03065882495961958,0.06576269339725438,0.09058781038664154,1.0158078282717058,1.036932306251363,1.0981574127695304,64.19065945948267,-0.007580102767017539
237.0045166015625,239.2661511981365,235.47017586985078,238.41928864081726,48999500,-0.00755144624022519,-1.8033447265625,3.7959753282857207,-1.414772039254757,236.2353515625,232.85982208251954,230.7401496887207,218.20174835205077,0.012225983943831191,229.49938675598557,5.7188873291015625,10.082763671875,8.757644653320312,-0.10699575727532518,52384540.0,-0.00037524621740636643,0.005493341372285965,0.03808981379539955,-0.0018059976322623017,0.024726513908758907,0.04443277712119209,0.03836917710445653,1.0032559269134578,1.0271490112201658,1.0861714830037703,61.78754114821933,-0.01495057743672432
233.48751831054688,237.90120710535396,232.5011563745861,236.12775932745953,66313900,-0.014839372436636689,-3.516998291015625,5.400050730767873,-2.640241016912654,237.15794677734374,233.57617645263673,231.09733123779296,218.86924224853516,0.012594939554251304,229.87920880880094,4.61297607421875,7.163543701171875,7.1436309814453125,0.3533587077419158,56832200.0,-0.00755144624022519,-0.00037524621740636643,0.005493341372285965,-0.010424716156024028,0.020155042274013768,0.031651722772789936,0.03156096268267472,0.984523274397198,1.0103427722853904,1.0667899971317671,55.76869372487973,-0.03279133026830906
225.955322265625,231.56460664903227,225.118417424808,231.33545739080094,83440800,-0.032259523333079354,-7.532196044921875,6.44618922422427,-5.38013512517594,234.8305450439453,233.32510375976562,230.9548568725586,219.30468566894533,0.014480535477547176,229.5055053284985,-11.637008666992188,-2.5107269287109375,-2.8494873046875,0.2582701364269029,60234800.0,-0.014839372436636689,-0.00755144624022519,-0.00037524621740636643,0.03808981379539955,-0.04897889010690548,-0.010989496853317071,-0.012453791115836887,0.9622058417627936,0.9783527626366726,1.0303260123074582,51.087564649557756,0.014185312195141271
229.18341064453125,229.60186307827533,225.81584532196928,226.04500979013486,50208600,0.014286401163462914,3.22808837890625,3.7860177563060518,3.1384008543963944,232.88772583007812,233.2792724609375,230.79046478271485,219.75194549560547,0.014380855964472186,229.47482964431114,-9.714096069335938,-0.45831298828125,-3.287841796875,-0.3982727874133517,60766640.0,-0.032259523333079354,-0.014839372436636689,-0.00755144624022519,0.005493341372285965,-0.040662191091725086,-0.001995774030219666,-0.01414300375786759,0.9840939870388461,0.9930367394524007,1.0429186878307495,56.7518145184048,0.017410479916919613
233.2085418701172,233.6469097348115,228.17712472443904,228.37638560886936,55824200,0.017562925755691072,4.0251312255859375,5.469785010372448,4.832156261247832,231.76786193847656,233.42971801757812,230.854727935791,220.1877520751953,0.014932995267629761,229.8304212848641,-5.5993194580078125,1.50445556640625,1.2852630615234375,0.11184538107017516,60957400.0,0.014286401163462914,-0.032259523333079354,-0.014839372436636689,-0.00037524621740636643,-0.02344696454659123,0.0064930040311601545,0.0055417596203619635,1.0062160470377168,1.010196082858571,1.0591349413044338,58.05465681626684,0.011173214085381364
235.82884216308594,237.31336381412066,234.16499028444412,236.1277410783948,42699500,0.011235867571386393,2.62030029296875,3.1483735296765474,-0.29889891530885393,231.53272705078126,233.88403930664063,231.1092872619629,220.65387176513673,0.01506328810266136,230.40169946374237,-1.1756744384765625,4.543212890625,5.0911865234375,-0.23510771314232892,59697400.0,0.017562925755691072,0.014286401163462914,-0.032259523333079354,-0.00755144624022519,-0.004960557103867447,0.019643299520667457,0.022064827300614542,1.0185551095390606,1.0204213121724244,1.0687727356721908,61.577655908998146,0.006107245516747719
237.2735137939453,240.33222235518573,235.45026224943368,236.30708253667353,63421100,0.00612593276381479,1.444671630859375,4.881960105752057,0.966431257271779,232.28992614746093,234.72393646240235,231.47095108032227,221.22053863525392,0.015067237316090717,231.05615797138074,3.7859954833984375,8.398971557617188,7.2332763671875,0.48528905490696617,59118840.0,0.011235867571386393,0.017562925755691072,0.014286401163462914,-0.014839372436636689,0.01621498018734746,0.03669683607250951,0.031443526785136955,1.0214541703514113,1.0250682113092002,1.0725654826524014,60.91358541966195,0.0035210063016859377
238.1104278564453,239.21634322602875,236.85505542454314,238.09049720761,46508000,0.003527212326053464,0.8369140625,2.3612878014856165,0.019930648835298825,234.720947265625,234.77574615478517,231.8909004211426,221.8027493286133,0.015054561992369073,231.72799319852976,12.155105590820312,0.518096923828125,8.39898681640625,-0.2666793858826163,51732280.0,0.00612593276381479,0.011235867571386393,0.017562925755691072,-0.032259523333079354,0.053794287600498425,0.00218061299282879,0.036563206335649134,1.0144404691200593,1.026820920631242,1.073523338088435,60.582662818044284,-0.0046553503108424064
237.0045166015625,240.31228984200703,235.77903252032195,239.08682096339746,44249600,-0.004644530963379578,-1.1059112548828125,4.533257321685085,-2.0823043618349573,236.28516845703126,234.5864471435547,232.48221664428712,222.34035034179686,0.014270707061464646,232.23051923691384,7.82110595703125,-1.8929901123046875,11.826324462890625,-0.04855938763223533,50540480.0,0.003527212326053464,0.00612593276381479,0.011235867571386393,0.014286401163462914,0.034125968956636,-0.007923858805994,0.052519848172542405,1.0030444066770194,1.0194522403586455,1.0659536887354133,56.785730332030376,0.0315305769896094
244.59646606445312,245.3935247988757,239.32594197772087,240.34217704154452,163741300,0.03203293157342535,7.591949462890625,6.067582821154815,4.254289022908608,238.56275329589843,235.1653076171875,233.50842666625977,223.00451263427735,0.015571009625806344,233.40822845858423,11.387924194335938,5.788604736328125,20.524200439453125,2.7004018115417994,72123900.0,-0.004644530963379578,0.003527212326053464,0.00612593276381479,0.017562925755691072,0.04883150549724857,0.02423959037250656,0.09159634451950316,1.025291931306103,1.0474845364533283,1.0968229439625112,64.39656768691844,0.042192888031361925
255.13751220703125,255.69547916115815,247.2068166293636,247.38616206443075,105517400,0.043095660015793014,10.541046142578125,8.488662531794546,7.751350142600501,242.4244873046875,236.97860717773438,234.91921463012696,223.90437591552734,0.017744158816947003,235.4776840536744,19.308670043945312,18.13299560546875,28.21575927734375,-0.35558469366006007,84687480.0,0.03203293157342535,-0.004644530963379578,0.003527212326053464,0.011235867571386393,0.08187577849613725,0.07650907191761602,0.12434135957907255,1.0524411747496678,1.0860648951544358,1.1394931928587553,74.15689398570996,-0.0064640612933677165
253.4936065673828,256.3929004583055,252.64674396870498,254.93828225227924,60275200,-0.0064432141923312924,-1.6439056396484375,3.746156489600537,-1.4446756848964242,245.668505859375,238.97921600341797,236.27769622802734,224.82191680908204,0.017862041939068086,237.1934861978371,16.2200927734375,20.006088256835938,27.169631958007812,-0.4287653031632698,84058300.0,0.043095660015793014,0.03203293157342535,-0.004644530963379578,0.00612593276381479,0.06836031765232531,0.085683759036006,0.12004752039593414,1.0318522745951288,1.0728630362247171,1.1275306703422898,66.81419270396349,-0.008367259758244473
251.38140869140625,254.79879299943292,250.11607847800005,254.2807025242173,42303700,-0.008332351669844251,-2.1121978759765625,4.682714521432871,-2.899293832811054,248.32270202636718,241.5218246459961,237.42346420288087,225.6874609375,0.018113235387157107,238.54471691151036,13.270980834960938,25.42608642578125,22.915359497070312,-0.29815745115735826,83217440.0,-0.0064432141923312924,0.043095660015793014,0.03203293157342535,0.003527212326053464,0.055734563809031856,0.11252705256436157,0.10030094002097534,1.0123174669093054,1.0587892377671575,1.1138474758286272,62.97910670710523,0.017911611862899187
255.92462158203125,256.22353571779615,250.7836237831838,252.27810324622078,55202100,0.01807298683810865,4.543212890625,5.439911934612354,3.6465183358104696,252.10672302246093,244.1959457397461,238.73760910034179,226.6229702758789,0.018349880721270927,240.19994592775046,18.92010498046875,26.7412109375,26.28289794921875,0.30490004420417116,85407940.0,-0.008332351669844251,-0.0064432141923312924,0.043095660015793014,-0.004644530963379578,0.07983014523000032,0.1166803952445592,0.11445175351167447,1.0151439775734588,1.0719912231108326,1.1292969166827265,66.28744650292161,-0.00550423844052231
254.5198211669922,256.65194458214916,252.84599627139946,253.1648258525147,46076300,-0.005489117875236538,-1.4048004150390625,3.8059483107496987,1.3549953144774918,254.09139404296874,246.3270736694336,239.87839584350587,227.53316955566407,0.01849390311237485,241.563743569583,9.923355102539062,21.311279296875,22.81573486328125,-0.1653161745658227,61874940.0,0.01807298683810865,-0.008332351669844251,-0.0064432141923312924,0.03203293157342535,0.04057031265498412,0.09138292759766942,0.09846928134610033,1.001686114264661,1.0610368652500004,1.1186053517560923,66.79405897890493,-0.004040113664132518
253.4936065673828,254.06151607705354,252.07883445903423,253.6231329894407,40127700,-0.0040319633846358505,-1.026214599609375,1.9826816180193134,-0.1295264220578929,253.76261291503906,248.0935501098633,240.98879470825196,228.39975646972655,0.018542814480093695,242.6999209979449,-1.6439056396484375,17.664764404296875,22.207977294921875,-0.12910324830769837,48797000.0,-0.005489117875236538,0.01807298683810865,-0.008332351669844251,0.043095660015793014,-0.0064432141923312924,0.07490502112579134,0.09601970241203461,0.9989399291543932,1.0518895987436658,1.109868112319911,70.1444646468309,0.0007858245367061693
253.69288635253906,254.9781320575181,252.17847617402816,253.92203562343897,37704300,0.0007861333777003932,0.19927978515625,2.7996558834899474,-0.2291492708999101,253.8024688720703,249.73548736572266,242.2297119140625,229.24445404052733,0.01822648731131235,243.74687007933483,0.19927978515625,16.41937255859375,24.818344116210938,-0.06039219790817818,44282820.0,-0.0040319633846358505,-0.005489117875236538,0.01807298683810865,-0.0064432141923312924,0.0007861333777003932,0.06920019135744226,0.1084364555083821,0.999568236983595,1.0473235688053968,1.106647868164739,82.76841830883495,0.003215080221651942
254.5098419189453,257.83756097799323,253.9917514638179,254.10134722927504,48713900,0.0032202541354311442,0.81695556640625,3.845809514175329,0.40849468967027747,254.42815551757812,251.37542877197265,243.0755874633789,230.0672756958008,0.016513862076733974,244.7719150164406,3.1284332275390625,16.3994140625,16.917510986328125,0.2919985253671331,45564860.0,0.0007861333777003932,-0.0040319633846358505,-0.005489117875236538,-0.008332351669844251,0.012444966570218874,0.06887314516265985,0.07120394383068729,1.0003210588120683,1.047039912871913,1.1062409512575049,81.72745015206226,0.006555081944564943
256.18365478515625,257.229778167004,253.21461153357077,255.63566078088252,42630200,0.006576613515574703,1.6738128662109375,4.015166633433211,0.5479940042737326,254.47996215820314,253.29334259033203,243.93989486694335,230.92854919433594,0.01652226422456278,245.8587473753659,0.259033203125,19.17913818359375,17.286148071289062,-0.12488632607941474,43050480.0,0.0032202541354311442,0.0007861333777003932,-0.0040319633846358505,0.01807298683810865,0.001012146473144071,0.08092309150308963,0.07235800954588045,1.0066948006927712,1.0501917077765868,1.1093632886835794,80.58359390138726,0.0034552856218699286
257.07037353515625,258.2858846694617,253.01536064819075,253.73271197999827,49155600,0.003461262002619314,0.88671875,5.2705240212709725,3.337661555157979,254.99007263183594,254.54073333740234,244.85302047729493,231.81531982421876,0.016495591826696066,246.92652129534594,2.5505523681640625,12.473907470703125,18.26251220703125,0.15306988942111466,43666340.0,0.006576613515574703,0.0032202541354311442,0.0007861333777003932,-0.005489117875236538,0.010021036304636688,0.050997905535626886,0.07647366424817292,1.008158360370068,1.0498966810131478,1.1089447139649267,79.64409664918652,-0.0051678459096806744
255.74530029296875,258.1165459888059,254.11133663097664,257.0405037108186,44664100,-0.005154515566945683,-1.3250732421875,4.005209357829273,-1.295203417849848,255.44041137695314,254.60151214599608,245.79005966186523,232.67320037841796,0.016417149377374592,247.76640500940525,2.2516937255859375,0.6077880859375,18.74078369140625,-0.09137310906590501,44573620.0,0.003461262002619314,0.006576613515574703,0.0032202541354311442,-0.0040319633846358505,0.008882645034234526,0.0023821980573530688,0.07907352973746118,1.0011935813694164,1.040503023778907,1.0991609685903942,75.86505874173507,-0.0008184476835414431
255.53607177734375,256.45266881763376,254.48991791397023,255.86484387966763,31955800,-0.000818112846591168,-0.209228515625,1.962750903663533,-0.32877210232388165,255.80904846191407,254.80575866699218,246.8924873352051,233.5235125732422,0.015863053227859282,248.50637327301843,1.8431854248046875,2.0424652099609375,22.048553466796875,-0.28453052899308395,43423920.0,-0.005154515566945683,0.003461262002619314,0.006576613515574703,0.0007861333777003932,0.007265420214594975,0.00805726518162908,0.09443140098594682,0.9989328888629561,1.0350095077231058,1.0942627102579128,74.83678936661356,0.006141320666886164
257.1102294921875,257.56852798749276,255.16739414069707,255.5758888188916,36496900,0.006160217240152921,1.57415771484375,2.4011338467956875,1.534340673295901,256.3291259765625,255.3786407470703,248.4502326965332,234.46064056396483,0.013274398432985385,249.32578815103454,2.6003875732421875,5.72882080078125,31.1549072265625,0.1421056584407212,40980520.0,-0.000818112846591168,-0.005154515566945683,0.003461262002619314,0.0032202541354311442,0.010217237783953115,0.0227893575368332,0.13788082933465007,1.0030472678929838,1.0348560623254959,1.0966029474019263,78.27922788673268,-0.015700375384075295
253.1050262451172,257.0504585775582,252.2083446799687,256.8611554198282,38322000,-0.015577766995038989,-4.0052032470703125,4.842113897589485,-3.7561291747110204,255.7134002685547,255.0966812133789,249.6463134765625,235.36185089111328,0.014018530606233365,249.6857155885662,-3.0786285400390625,-2.8195953369140625,23.921615600585938,0.05000698689477745,40118880.0,0.006160217240152921,-0.000818112846591168,-0.005154515566945683,0.006576613515574703,-0.012017271525854745,-0.011017288291702343,0.10437760540045771,0.9897996193367334,1.0138544516055086,1.0753867939380395,63.31051168954799,-0.03513206563064245
244.3673095703125,255.436420799504,243.10197943699816,254.00171816056968,61999100,-0.034522098610332286,-8.737716674804688,12.334441362505828,-9.63440859025718,253.17278747558595,254.08143005371093,250.20425186157226,236.11776458740235,0.016237559633900132,249.1792007296849,-12.70306396484375,-10.152511596679688,11.158767700195312,0.6178461458170241,42687580.0,-0.015577766995038989,0.006160217240152921,-0.000818112846591168,0.003461262002619314,-0.04941473336719027,-0.039888883899610095,0.04784888070870941,0.965219493006836,0.9766712905642823,1.034938264799032,32.14398831044906,0.009697219450940967
246.74851989746094,248.7710475029622,244.6562426215344,248.46219085423505,38142900,0.009744389834039024,2.3812103271484375,4.114804881427801,-1.7136709567741093,251.37343139648436,253.40692138671875,250.750235748291,237.0246029663086,0.01619853130651415,248.94770731709215,-8.996780395507812,-6.745086669921875,10.919677734375,-0.3847830049145875,41383340.0,-0.034522098610332286,-0.015577766995038989,0.006160217240152921,-0.005154515566945683,-0.03517867341140413,-0.02660850804585846,0.04630340222263207,0.9816014306948427,0.9840410285602001,1.0410249265665241,39.08413037229614,0.00044403222541274074
246.8581085205078,247.93413549962378,243.79940008876653,245.69241642712313,35478000,0.00044413082231420375,0.109588623046875,4.134735410857246,1.1656920933846777,249.6378387451172,252.72344360351562,251.22946548461914,237.9143264770508,0.016179365117425633,248.74869790789364,-8.677963256835938,-6.83477783203125,9.5845947265625,-0.06986621363346779,42087780.0,0.009744389834039024,-0.034522098610332286,-0.015577766995038989,-0.000818112846591168,-0.033959836654283815,-0.02694114892340116,0.040394709773152515,0.9888649483644685,0.9826001422417588,1.037592448407346,42.172372108792885,0.006316540342189272
248.42233276367188,250.89321639065437,246.559219921403,248.57178982967116,33893600,0.0063365317531554055,1.5642242431640625,4.33399646925136,-0.149457065999286,247.90025939941407,252.11469268798828,251.74506072998048,238.8438934326172,0.016204534022276673,248.71761551320586,-8.687896728515625,-6.0875091552734375,10.311904907226562,-0.04465866170584587,41567120.0,0.00044413082231420375,0.009744389834039024,-0.034522098610332286,0.006160217240152921,-0.03379055258001551,-0.023918560906623587,0.04330723773863232,1.0021059815166093,0.9868012188335543,1.0401033461370741,35.52474456990235,-0.007608936498969647
246.53927612304688,248.1234206007849,244.2278226113223,247.33633482463924,39777000,-0.007580061823251549,-1.883056640625,3.895597989462601,-0.7970587015923627,246.587109375,251.15025482177734,252.2217987060547,239.53019256591796,0.01628333340669895,248.510154618905,-6.5657501220703125,-9.644378662109375,9.534759521484375,0.1735843935138197,41858120.0,0.0063365317531554055,0.00044413082231420375,0.009744389834039024,-0.015577766995038989,-0.025940812869167496,-0.03764634660317212,0.040230286148992045,0.9998060188463445,0.9774701369502548,1.0292617956928334,34.88100228080167,0.01937068861595788
251.36146545410156,252.44746537322095,246.35995200283696,247.10719170360767,49147000,0.019559517683697347,4.8221893310546875,6.087513370383988,4.254273750493894,247.9859405517578,250.57936401367186,252.5600486755371,240.1779879760742,0.015284743830962429,248.78170803178085,6.9941558837890625,-5.7089080810546875,6.7649993896484375,0.23556326520350956,39287700.0,-0.007580061823251549,0.0063365317531554055,0.00044413082231420375,-0.034522098610332286,0.028621487448903693,-0.02220756908914656,0.027657796935895984,1.0136117591780944,0.9952542643711026,1.046563290717305,46.468610432120855,0.03868088051631
261.27484130859375,263.4069798400544,254.68918336894043,254.94822099113512,90483000,0.03943872556830863,9.913375854492188,8.717796471113985,6.326620317458634,250.89120483398438,251.13231811523437,252.86691513061524,240.83854736328124,0.014773988614909153,249.97153024862018,14.526321411132812,5.529541015625,6.1373291015625,0.8410686308421673,49755720.0,0.019559517683697347,-0.007580061823251549,0.0063365317531554055,0.009744389834039024,0.05887095662081121,0.021621281053026742,0.024054985284101882,1.0413870086896042,1.0332504004078016,1.0848547467548306,59.50059864989248,0.002018995667876844
261.8028869628906,264.3136317818121,260.86634411857244,260.9161783410852,46695900,0.002021035212009581,0.528045654296875,3.447287663239649,0.8867086218054396,253.88016052246093,251.75899963378907,253.28237915039062,241.54772735595702,0.01466153227722687,251.09832612616972,14.944778442382812,6.266815185546875,8.309280395507812,-0.48392626239183056,51999300.0,0.03943872556830863,0.019559517683697347,-0.007580061823251549,0.00044413082231420375,0.06053995362741449,0.024524190036885773,0.032779053121006596,1.0312065599144316,1.0336403497198705,1.0838557242026317,59.20522842383452,-0.016576664246438957
257.49884033203125,261.882640960004,254.48993535873984,261.68336485657886,45015300,-0.016440027383920586,-4.304046630859375,7.39270560126414,-4.184524524547612,255.69546203613282,251.79786071777343,253.58825073242187,242.1216079711914,0.015060635141884032,251.70789890768032,9.076507568359375,0.38861083984375,6.117431640625,-0.03599031178326151,54223640.0,0.002021035212009581,0.03943872556830863,0.019559517683697347,0.0063365317531554055,0.03653660066461906,0.0015114561587505904,0.024335258810386895,1.0070528365327172,1.015421020446786,1.0635103677432602,51.556659726667085,0.0043625035439569535
258.6246337890625,259.6608147081683,257.0604350924048,258.98332466328685,32754900,0.00437203311509915,1.12579345703125,2.6003796157634724,-0.35869087422435086,258.11253356933594,252.34982147216797,253.72325134277344,242.64467559814454,0.014561368397860987,252.36663556305004,12.085357666015625,5.5196075439453125,2.70001220703125,-0.2723607306849005,52819220.0,-0.016440027383920586,0.002021035212009581,0.03943872556830863,-0.007580061823251549,0.049020009533831344,0.021807577770501796,0.010550029107558201,1.0019840191897889,1.0193178292503726,1.0658574442300277,51.82927705304294,0.012404496504713917
261.85272216796875,263.15789839957887,258.22610426270086,260.2287163700197,38253700,0.01248175137693619,3.22808837890625,4.931794136878011,1.624005797949053,260.2107849121094,254.0983627319336,254.08989639282225,243.24326446533203,0.014717828695705076,253.2700723825661,10.491256713867188,17.48541259765625,7.3329010009765625,0.16787717257570622,50640560.0,0.00437203311509915,-0.016440027383920586,0.002021035212009581,0.019559517683697347,0.04173772895107053,0.071553812285293,0.02881072667486051,1.0063100276816503,1.030551493331105,1.0765055416582316,56.879908253222204,0.022535316744581882
267.8206481933594,268.1295048126629,263.6759553344934,263.9051197703755,44888200,0.022791155180591938,5.967926025390625,4.453549478169521,3.9155284229838685,261.5199462890625,256.20557556152346,254.8062484741211,243.98492431640625,0.015391606663154289,254.65584150740355,6.545806884765625,21.072128295898438,14.327041625976562,0.17343420375022545,41521600.0,0.01248175137693619,0.00437203311509915,-0.016440027383920586,0.03943872556830863,0.02505333790265074,0.0853992084923354,0.05651835492019863,1.024092624649489,1.0510756694436403,1.0976934289843348,62.249146298639374,0.000706568628486994
268.00994873046875,268.896687690681,267.16307106420925,267.9999758056659,41534800,0.0007068183069018907,0.189300537109375,1.7336166264717576,0.0099729248028666,262.7613586425781,258.32075958251954,255.52210159301757,244.74431854248047,0.015392180711913273,255.92766124293357,6.207061767578125,21.151840209960938,14.317062377929688,-0.07470560191765319,40489380.0,0.022791155180591938,0.01248175137693619,0.00437203311509915,0.002021035212009581,0.02370891260820196,0.08568420270547339,0.05643462291660106,1.0199747410159727,1.0488718864614741,1.095060961278045,61.176960244342084,0.0025989438500351207
268.7073974609375,270.4110953948544,266.1269030442272,268.28892986747474,51086700,0.002602324032269898,0.69744873046875,4.2841923506271655,0.41846759346276485,265.00307006835936,260.3492660522461,256.2319793701172,245.52423767089843,0.015392042008454232,257.14477897798156,11.20855712890625,20.285064697265625,14.197555541992188,0.2299734198792338,41703660.0,0.0007068183069018907,0.022791155180591938,0.01248175137693619,-0.016440027383920586,0.043528573233391654,0.08165555999573981,0.05578391560399365,1.0139784319918352,1.0486879823568005,1.0944231005865654,67.16356530254541,0.0062834516395499015
270.401123046875,273.1310593223432,267.49188695276854,270.98894793982623,69886500,0.0063032339337949495,1.6937255859375,5.6391723695746805,-0.5878248929512324,267.3583679199219,262.7354507446289,256.94285278320314,246.4286962890625,0.015388660894077436,258.4072879369238,11.7764892578125,23.861846923828125,14.21746826171875,0.36799793292579097,49129980.0,0.002602324032269898,0.0007068183069018907,0.022791155180591938,0.00437203311509915,0.04553506402417007,0.09678720283058984,0.055497171642905796,1.0113808112707527,1.0523784573802772,1.097279363640721,83.89111631284791,-0.003802263162687257
269.37493896484375,276.29937269597025,268.16940070155243,275.9705701844509,86167100,-0.00379504371308903,-1.02618408203125,8.129971994417815,-6.595631219607128,268.86281127929686,264.53679809570315,257.5580810546875,247.33474975585938,0.015458043870326081,259.45182613005903,7.522216796875,18.013473510742188,12.3045654296875,0.2329577243101315,58712660.0,0.0063032339337949495,0.002602324032269898,0.0007068183069018907,0.01248175137693619,0.02872689936005246,0.07166362385021752,0.04786457988323867,1.0019047918271407,1.0458803616713046,1.0891107668078988,80.53251136080517,-0.00489420425752579
268.0597839355469,269.8531775103368,265.2701011373342,269.42476736726525,50194600,-0.0048822471546564605,-1.315155029296875,4.583076373002598,-1.3649834317183718,268.9106384277344,265.2152923583984,258.1738052368164,248.15751037597656,0.015451109224743192,260.27163163534357,0.2391357421875,6.784942626953125,12.314483642578125,-0.41747372256928683,59773940.0,-0.00379504371308903,0.0063032339337949495,0.002602324032269898,0.022791155180591938,0.0008928950915496614,0.02596860299664061,0.048151358513612186,0.9968359210436512,1.0382919509965867,1.0802001661340692,77.70840736677073,0.003672868619450181
269.046142578125,270.49078769741067,266.6350358638735,267.3424142382169,49274800,0.003679621866796934,0.986358642578125,3.8557518335371697,1.703728339908082,269.1178771972656,265.9396179199219,258.8493087768555,249.01195373535157,0.015433495404659799,261.10729934417986,1.03619384765625,7.243255615234375,13.51007080078125,-0.01832468034410073,61321940.0,-0.0048822471546564605,-0.00379504371308903,0.0063032339337949495,0.0007068183069018907,0.0038662514304583784,0.027666828655946274,0.052869525256508565,0.9997334453590089,1.0393929342498645,1.0804547273423895,77.36654677453448,0.0003703898219392952
269.14581298828125,270.7000692568828,265.94760492323326,267.6214146886098,43683100,0.00037045842471905566,0.09967041015625,4.752464333649527,1.5243982996714749,269.2055603027344,267.10431518554685,259.45108795166016,249.82554901123046,0.015419315026446716,261.8728720721895,0.43841552734375,11.64697265625,12.03558349609375,-0.11347991265312085,59841220.0,0.003679621866796934,-0.0048822471546564605,-0.00379504371308903,0.002602324032269898,0.001631572228700806,0.045231165473335055,0.04681098655570781,0.9997780606225742,1.0373662917090074,1.0773350205914378,81.48778822783294,-0.0013707648047970096
268.7771301269531,272.3937751745226,266.90407480138714,266.90407480138714,51204000,-0.0013698257358518706,-0.368682861328125,5.489700373135463,1.8730553255659856,268.88076171875,268.11956481933595,260.234693145752,250.60825714111328,0.01486463665554249,262.53042045835747,-1.623992919921875,10.152496337890625,15.672103881835938,0.1721695575634512,56104720.0,0.00037045842471905566,0.003679621866796934,-0.0048822471546564605,0.0063032339337949495,-0.00600586603200004,0.039255720497882285,0.06191937044607898,0.9996145816043719,1.0328258960323047,1.0724990995632249,77.69331892399723,-0.004830497568446612
267.48193359375,271.2878818962731,265.7881780523408,268.80702532983145,48227400,-0.004818849477972176,-1.295196533203125,5.499703843932309,-1.325091736081447,268.5021606445313,268.68248596191404,261.39042434692385,251.32381408691407,0.012140803921249669,263.00199313791865,-1.89300537109375,5.62921142578125,23.1146240234375,-0.05813217717365826,48516780.0,-0.0013698257358518706,0.00037045842471905566,0.003679621866796934,-0.00379504371308903,-0.007027399721623029,0.021497624233863588,0.09458967348816616,0.9962003022682118,1.0233042555481733,1.0642920352197427,63.59676448960492,0.004538196928686639
268.6985778808594,272.98692304032335,266.733924572705,268.2298525605972,41312400,0.004548510139593898,1.216644287109375,6.25299846761834,0.4687253202621946,268.6299194335937,268.77027893066406,262.48792724609376,252.07207305908204,0.012080330874854382,263.5445250181987,0.6387939453125,0.8779296875,21.950057983398438,-0.14338322198584208,46740340.0,-0.004818849477972176,-0.0013698257358518706,0.00037045842471905566,-0.0048822471546564605,0.0023830279049470438,0.0032780507904162093,0.08895720222565084,1.0002555874915586,1.023660709655964,1.0659593290918836,64.66280950119011,0.021371265994227246
274.5028076171875,275.16101963639426,269.0675899882029,269.07757258136417,46208300,0.021601267048394046,5.804229736328125,6.093429648191375,5.425235035823334,269.72125244140625,269.41956481933596,263.8701622009277,252.98463836669922,0.012634975935416645,264.5881709800072,5.4566650390625,6.49285888671875,27.644699096679688,0.11850921273031823,46127040.0,0.004548510139593898,-0.004818849477972176,-0.0013698257358518706,0.003679621866796934,0.02028152117987725,0.024226186070609224,0.11198619021413703,1.0177277657303627,1.040294989503828,1.0850572168706065,83.98835143813622,-0.006487770006386278
272.7276611328125,274.9815360542478,270.9624767916609,274.2535066981436,48398000,-0.006466769865795197,-1.775146484375,4.019059262586893,-1.5258455653311103,270.4376220703125,269.82159118652345,265.08542861938474,253.68734497070312,0.012906267497769046,265.36336051836963,3.58184814453125,4.020263671875,24.305328369140625,0.047387590541093205,47070020.0,0.021601267048394046,0.004548510139593898,-0.004818849477972176,0.00037045842471905566,0.013308206822029156,0.014961492351394767,0.0978387413834596,1.0084679011927733,1.0288293194885512,1.075054260843434,77.47654438432724,-0.0019032864784390288
272.2090759277344,275.9488963676571,271.3513946141157,273.36590026791555,49602800,-0.0019014763772919885,-0.518585205078125,4.597501753541394,-1.1568243401811742,271.12401123046874,270.00238647460935,266.36891860961913,254.35357635498048,0.012681092988044028,266.0153334144996,3.43194580078125,1.807952880859375,25.6697998046875,0.02489359064424157,46749780.0,-0.006466769865795197,0.021601267048394046,0.004548510139593898,-0.0013698257358518706,0.012768741890949675,0.006686188505755419,0.10412052881941536,1.0040020973883543,1.0219250704947087,1.0701995223681637,72.55868060864304,-0.001980378999716703
271.6705322265625,275.21088338895913,268.8681625557137,270.31420819279356,47431300,-0.0019784193430598673,-0.538543701171875,6.342720833245437,1.3563240337689422,271.96173095703125,270.23194580078126,267.3843719482422,255.01082977294922,0.012291727454239692,266.5539237775532,4.1885986328125,2.29559326171875,20.309066772460938,-0.043777770609723654,46590560.0,-0.0019014763772919885,-0.006466769865795197,0.021601267048394046,-0.004818849477972176,0.01565937024806363,0.008521925872318592,0.08079626181272936,0.9989292657851382,1.016029958097738,1.0653293919652211,60.984057605070916,-0.018338227860662415
266.7339782714844,269.75575219797963,265.00869378967747,268.0903024129557,45018300,-0.018171105694162026,-4.936553955078125,4.747058408302166,-1.3563241414713048,271.5688110351563,270.099365234375,267.6573287963867,255.60541900634766,0.010094595320069837,266.5710718245943,-1.964599609375,-1.3258056640625,5.459136962890625,-0.05087357926095215,47331740.0,-0.0019784193430598673,-0.0019014763772919885,-0.006466769865795197,0.004548510139593898,-0.00731153705713361,-0.004945932749021664,0.020894231283611342,0.9821966567322563,0.9965502512893837,1.0435380412058493,47.135499093603435,-7.494269318828434e-05
266.7139892578125,269.97510130800674,264.59974924229334,269.25705465795,45677300,-7.493988505480331e-05,-0.019989013671875,5.3753520657134,-2.5430654001374933,270.01104736328125,269.86614990234375,267.9028839111328,256.26994842529297,0.01009522120775091,266.58468300871033,-7.788818359375,-2.3321533203125,4.911102294921875,0.01463849145791829,47225540.0,-0.018171105694162026,-0.0019784193430598673,-0.0019014763772919885,0.021601267048394046,-0.028374275756905987,-0.008668228051756155,0.01875877822393157,0.9877891733035916,0.9955622177859248,1.0407540599149265,45.38448928370552,0.004179277913276381
267.83099365234375,271.47107967039307,264.77930243197466,264.80921977983166,40424500,0.004188023274068087,1.11700439453125,6.69177723841841,3.0217738725120853,269.0317138671875,269.73466796875,268.41949157714845,257.10746185302736,0.009239503973327803,266.70337926048495,-4.89666748046875,-1.3148193359375,10.3321533203125,-0.11499804060222474,45630840.0,-7.493988505480331e-05,-0.018171105694162026,-0.0019784193430598673,-0.006466769865795197,-0.017954421858530023,-0.00488515619596408,0.04012504796910821,0.9955368822597752,0.9978075440000767,1.04170836475157,43.885868776099294,-0.008638680660609209
265.5272521972656,274.68232536305425,265.1981613886433,270.09480618650156,45823600,-0.008601474473370674,-2.303741455078125,9.484163974410933,-4.5675539892359325,267.6953491210937,269.40968017578126,268.7646224975586,257.834338684082,0.009516167256709023,266.59136715922597,-6.68182373046875,-3.2498779296875,6.902618408203125,0.13356009350764997,44875000.0,0.004188023274068087,-7.493988505480331e-05,-0.018171105694162026,-0.0019014763772919885,-0.024546660348101823,-0.012091348427421877,0.02668971747615112,0.9919008793729646,0.9879546263559208,1.0298366522956026,41.37115903961105,0.01948945166198309
270.75299072265625,272.5879921198442,264.9488130991126,265.2280517805383,59030800,0.01968061086817685,5.225738525390625,7.6391790207316035,5.524938942117956,267.5118408203125,269.7367858886719,269.20963592529296,258.5852276611328,0.010078487326013576,266.987712260505,-0.91754150390625,3.27105712890625,8.9002685546875,0.2882182979949197,47194900.0,-0.008601474473370674,0.004188023274068087,-7.493988505480331e-05,-0.0019784193430598673,-0.0033774053313263552,0.012229076876176359,0.03398959720945083,1.0121159119252625,1.0057329106815165,1.0470551360245097,55.13851413905098,0.016185865239936655
275.1710205078125,276.24807542504453,270.164627965921,270.164627965921,65585800,0.016317565960635383,4.41802978515625,6.0834474591235335,5.0063925418915005,269.1992492675781,270.3840301513672,269.5771545410156,259.3720712280273,0.009450563607031354,267.7670749507248,8.437042236328125,6.472442626953125,7.350372314453125,0.11104372632591808,51308400.0,0.01968061086817685,-0.008601474473370674,0.004188023274068087,-0.018171105694162026,0.03163092415523017,0.02408811642398412,0.027445129283483638,1.022183461716487,1.020750519369199,1.0609122994815257,60.33289743299319,0.003798227947915667
276.2181701660156,279.6189174225992,274.50283786370125,274.52277261748515,46914200,0.0038054503569113773,1.047149658203125,5.1160795588979795,1.6953975485304795,271.10008544921874,270.55556640625,269.987565612793,260.1509643554688,0.009464044523037417,268.5719411617049,9.504180908203125,1.715362548828125,8.208221435546875,-0.2846896736793635,51555780.0,0.016317565960635383,0.01968061086817685,-0.008601474473370674,-7.493988505480331e-05,0.03563435474326071,0.0062489799784499755,0.030626555000768496,1.0188789491095738,1.0230773759490774,1.0617610849544756,61.56171767192135,0.002091806338180893
276.79656982421875,278.7712060098946,275.8790842359358,276.2081750495132,33431400,0.002093995691360595,0.578399658203125,2.89212177395882,0.5883947747055345,272.89320068359376,270.96245727539065,270.392024230957,260.92468719482423,0.009461757202876491,269.35523912956336,8.965576171875,4.06890869140625,8.08917236328125,-0.2873927297065707,50157160.0,0.0038054503569113773,0.016317565960635383,0.01968061086817685,0.004188023274068087,0.03347475230410679,0.014919310621098969,0.03010401812423935,1.01430365113842,1.0236861483302897,1.060829363445949,63.02070481394605,0.004672931656329052
278.0930480957031,278.242634823177,275.2407959413455,276.50736791500816,20135600,0.00468386682792965,1.296478271484375,3.0018388818315316,1.5856801806949647,275.40635986328124,271.5508544921875,270.77662048339846,261.746457824707,0.009425588267762991,270.1874114120529,12.5657958984375,5.88397216796875,7.691925048828125,-0.3977039549644945,45019560.0,0.002093995691360595,0.0038054503569113773,0.016317565960635383,-0.008601474473370674,0.047323940553951616,0.021615635510738196,0.028446350230190154,1.0097553601658134,1.0270201600095428,1.062452001860302,67.22794166466,0.015126193488102735
282.3315124511719,282.65065109438723,275.3904143522869,277.2553332443013,46587700,0.01524117335723596,4.23846435546875,7.260236742100346,5.076179206870563,277.72206420898436,272.61695251464846,271.42444915771483,262.5011587524414,0.009821385055754417,271.34399246339757,11.578521728515625,10.660980224609375,12.956573486328125,1.3136981267009675,42530940.0,0.00468386682792965,0.002093995691360595,0.0038054503569113773,0.01968061086817685,0.04276415081366913,0.039242313611395074,0.04809865957136816,1.0165973425817507,1.0401845276919743,1.0755438710936587,70.15629653025313,0.01085570557581093
285.4131164550781,286.619823290159,281.86278279875575,282.231773534172,53669500,0.010914842545035386,3.08160400390625,4.757040491403245,3.181342920906104,279.7704833984375,274.4848663330078,272.29211578369143,263.10667083740236,0.009840337759482776,272.68390903403383,10.242095947265625,18.67913818359375,17.35333251953125,0.1520100799137969,40147680.0,0.01524117335723596,0.00468386682792965,0.002093995691360595,0.016317565960635383,0.037220837893337855,0.0700290915489663,0.0647367996226682,1.0201687933197894,1.0481872221442137,1.0847809960373864,67.54326821632391,-0.007153737889671984
283.3786315917969,287.8364984098337,282.5309329409685,285.4230848596457,43538700,-0.007128210814380975,-2.03448486328125,5.305565468865211,-2.044453267848837,281.20257568359375,276.1513305664063,273.008740234375,263.7043713378906,0.010105068718219217,273.7024540395351,7.16046142578125,16.664642333984375,14.332489013671875,-0.18876270507457682,39472580.0,0.010914842545035386,0.01524117335723596,0.00468386682792965,0.0038054503569113773,0.02592320925693481,0.062481320834940846,0.05327149044521251,1.0077383925197456,1.0379837339585518,1.0746072587044724,66.98461116199304,-0.012215707011320989
279.9380187988281,283.95707766942763,277.83373081751637,283.3287830094401,43989100,-0.012141398148625804,-3.44061279296875,6.123346851911265,-3.3907642106119624,281.83086547851565,277.3620330810547,273.54835052490233,264.27550354003904,0.010627214252130012,274.29631734994393,3.141448974609375,12.107025146484375,10.792205810546875,0.010344819666181948,41584120.0,-0.007128210814380975,0.010914842545035386,0.01524117335723596,0.002093995691360595,0.011349306014176275,0.045203973525931085,0.0400979888586146,0.9932837495407975,1.023358460256349,1.05926586100106,61.27430817089306,-0.006863567905265376
278.0232238769531,280.37683325787106,277.2951945750906,279.77845592816414,47265800,-0.006840067419534801,-1.914794921875,3.081638682780465,-1.75523205121101,281.8169006347656,278.61163024902345,274.01065521240236,264.7174755859375,0.01078825424487919,274.6512608287067,-0.06982421875,12.4959716796875,9.24609375,0.07448890747935288,47010160.0,-0.012141398148625804,-0.007128210814380975,0.010914842545035386,0.00468386682792965,-0.00025108221592784474,0.04706097613816307,0.03440059705092002,0.9865385051454771,1.014643841720098,1.0502639588170901,58.90904484288427,-0.0031974394096069315
277.13568115234375,278.91084811822003,275.4003836933047,277.37501993231956,38211800,-0.0031923330440991604,-0.887542724609375,3.5104644249153125,-0.2393387799758102,280.777734375,279.24989929199216,274.493342590332,265.1697927856445,0.010742180677936124,274.8878722881007,-5.195831298828125,6.3826904296875,9.65374755859375,-0.19155499325093406,45334980.0,-0.006840067419534801,-0.012141398148625804,-0.007128210814380975,0.01524117335723596,-0.01840329920566952,0.023573850145299335,0.03609121344716981,0.9870286964500111,1.0096262391542052,1.0451253826500972,66.45628963278328,-0.002558333613714422
276.4275817871094,279.2698514894354,276.16830825817004,277.40493251311347,32193300,-0.0025550638672366954,-0.708099365234375,3.101543231265339,-0.9773507260040901,278.9806274414062,279.37555541992185,274.87979278564455,265.62847229003904,0.010764940852345094,275.0345112880063,-8.98553466796875,1.256561279296875,7.72900390625,-0.15750370304460926,41039740.0,-0.0031923330440991604,-0.006840067419534801,-0.012141398148625804,0.010914842545035386,-0.031482556862038935,0.00456647388586906,0.028764588064463137,0.9908486633007051,1.005630784954323,1.0406549396002955,65.04017865158877,0.005755773023321266
278.0232238769531,278.9905919368044,275.68957968235776,276.9960211276047,33038300,0.005772369311079162,1.59564208984375,3.3010122544466185,1.0272027493484188,277.9095458984375,279.5560607910156,275.0558135986328,266.11507904052735,0.009740391796971878,275.3191505821917,-5.35540771484375,1.8050537109375,3.520416259765625,0.026247697502275402,38939660.0,-0.0025550638672366954,-0.0031923330440991604,-0.006840067419534801,-0.007128210814380975,-0.018898417586256655,0.006534884036964783,0.012824700374923337,1.0004090466851296,1.0107883932337107,1.0447481025102388,65.55078862355693,-0.0026938872868826056
277.2752685546875,278.8310314000742,273.0667227973629,278.34237127554803,33248000,-0.0026902620286017864,-0.747955322265625,5.76430860271131,-1.0671027208605324,277.3769958496094,279.6039306640625,275.28319396972654,266.5703875732422,0.009630491727931484,275.5054475319532,-2.662750244140625,0.47869873046875,4.547607421875,0.006347178880269366,36791440.0,0.005772369311079162,-0.0025550638672366954,-0.0031923330440991604,-0.012141398148625804,-0.009511927874484849,0.0017294243594592196,0.01667453679977271,0.9996332525896379,1.0072364555069062,1.0401578025184963,68.81790443005984,0.0008988056611785083
277.52459716796875,278.4620479370953,276.0685689150702,277.14562382282355,39532900,0.0008992097080309236,0.24932861328125,2.393479022025076,0.378973345145198,277.2772705078125,279.5470855712891,275.5489700317383,266.99720642089846,0.009608390369901373,275.69774749728805,-0.498626708984375,-0.568450927734375,5.315521240234375,0.18903091915303172,35244860.0,-0.0026902620286017864,0.005772369311079162,-0.0025550638672366954,-0.006840067419534801,-0.0017934714303041721,-0.0020441033374510864,0.019527347580598375,1.0008919831751926,1.0071697859585644,1.0394288423020979,62.90390864703542,-0.015098467426605677
273.3658752441406,279.3894873363706,272.0993337942639,279.3894873363706,50409100,-0.014985057058964357,-4.158721923828125,7.2901535421067365,-6.023612092229996,276.5233093261719,278.65052185058596,275.6337371826172,267.32311645507815,0.010240748616705597,275.4756644255597,-3.769805908203125,-8.96563720703125,1.695343017578125,0.2751176867874605,37684320.0,0.0008992097080309236,-0.0026902620286017864,0.005772369311079162,-0.0031923330440991604,-0.013602744664736321,-0.03175570849032239,0.006240437649543296,0.988581671144739,0.9917721902926054,1.0226046997700549,46.525797937010815,0.0018224768125210816
273.8645324707031,274.752131096348,271.0522107383373,272.07941349564567,37648600,0.0018241385327160131,0.4986572265625,3.699920358010729,1.7851189750574576,276.0106994628906,277.49566345214845,275.9902648925781,267.6855010986328,0.009265961089798845,275.322223287002,-2.56304931640625,-11.548583984375,7.13055419921875,-0.25313881818957296,38775380.0,-0.014985057058964357,0.0008992097080309236,-0.0026902620286017864,-0.0025550638672366954,-0.009272046225764052,-0.040462695365272916,0.02673283038564067,0.9922243340697884,0.9922977992622226,1.0230831753931773,45.37246374724594,-0.010138143375682697
271.1020812988281,275.41036187784255,270.9026424636208,274.2634896625032,50138700,-0.010086925630541477,-2.762451171875,4.507719414221754,-3.1614083636750934,274.6264709472656,276.26800842285155,276.2096694946289,267.9968212890625,0.009611605318100732,274.920305002414,-6.921142578125,-12.27655029296875,4.388092041015625,0.33175470004196694,42195460.0,0.0018241385327160131,-0.014985057058964357,0.0008992097080309236,0.005772369311079162,-0.024894116691446366,-0.04332207486502704,0.01645242551103676,0.9871666062041258,0.9815082933007163,1.0115869285121717,39.68944051330392,0.0012866188761625084
271.45111083984375,272.8872042261758,266.22534517191764,272.86723904028526,51630700,0.0012874469253185694,0.349029541015625,6.661859054258173,-1.4161282004415057,273.4616394042969,275.4193176269531,276.3906753540039,268.2836389160156,0.009580579631685885,274.5899055583597,-5.82415771484375,-8.486907958984375,3.6201171875,0.029757452825861064,45872000.0,-0.010086925630541477,0.0018241385327160131,-0.014985057058964357,-0.0026902620286017864,-0.02100496645518546,-0.0303170966037426,0.01351642368992989,0.9926478588776371,0.9821283243082151,1.0118064297048681,37.54670493467318,0.005422873807698464
272.9271545410156,273.854622814086,269.1673684747946,271.41126100078174,144632000,0.005437604202852997,1.476043701171875,4.687254339291371,1.5158935402338898,272.5421508789062,274.9097106933594,276.7606704711914,268.6800814819336,0.009374136576891299,274.43154831861267,-4.597442626953125,-5.0960693359375,7.39990234375,1.8012790839558637,66891820.0,0.0012874469253185694,-0.010086925630541477,0.0018241385327160131,0.0008992097080309236,-0.016565892442933938,-0.018329653418424185,0.0278687113375935,1.0014126389656346,0.98614862464508,1.015807174970533,30.329700070724783,-0.009915062523911944
270.23443603515625,273.13654030849926,269.7756932559407,272.1192896847017,36571800,-0.009866070345355471,-2.692718505859375,3.3608470525585403,-1.8848536495454482,271.9158630371094,274.21958618164064,276.73474273681643,269.19742401123045,0.008644161664503167,274.03182333923587,-3.131439208984375,-6.9012451171875,-0.5185546875,-0.7471389457381492,64124360.0,0.005437604202852997,0.0012874469253185694,-0.010086925630541477,-0.014985057058964357,-0.011455121112639688,-0.024902044689777192,-0.0019152316143062897,0.9938163703170063,0.9765106952695052,1.0038522360595936,17.727022029004317,0.00511662061139001
271.62066650390625,271.7603010837797,268.8282792538215,270.1048034873943,29642000,0.005129732868573544,1.38623046875,2.9320218299582166,1.5158630165119575,271.46708984375,273.7388946533203,276.5572250366211,269.6948669433594,0.007854434631449976,273.80218935491877,-2.243865966796875,-4.806915283203125,-3.55035400390625,-0.18948479429505793,62523040.0,-0.009866070345355471,0.005437604202852997,0.0012874469253185694,0.0018241385327160131,-0.00819334269594374,-0.017389419869487388,-0.012902354315342812,1.0005657284654454,0.982149956371376,1.007140660785922,24.291469880547098,0.005309645046856358
273.06671142578125,274.6823088952694,271.46109654935304,271.60070067851706,17910600,0.005323766193815027,1.446044921875,3.221212345916342,1.4660107472641926,271.8600158691406,273.2432434082031,276.3996520996094,270.21903900146486,0.007906621247042922,273.7321438378581,1.964630126953125,-4.956512451171875,-3.151458740234375,-0.3957695162269752,56077420.0,0.005129732868573544,-0.009866070345355471,0.005437604202852997,-0.010086925630541477,0.007246827901655095,-0.017827692169217868,-0.011409310033225761,1.0044386650710029,0.9879415887519749,1.010538385580969,33.540407178624946,-0.0014984650753561758
272.6578369140625,274.6224904749486,272.11929424741834,273.41578359787746,21521800,-0.0014973429371301084,-0.40887451171875,2.5031962275302817,-0.7579466838149642,272.1013610839844,272.7815002441406,276.1927154541016,270.70374908447263,0.007884309793882355,273.6298288927347,1.20672607421875,-4.617431640625,-4.13873291015625,0.20162361953256736,50055640.0,0.005323766193815027,0.005129732868573544,-0.009866070345355471,0.0012874469253185694,0.004445463753989687,-0.016652879518226138,-0.014952255054260899,1.0020451049118655,0.9872014056046801,1.00721854734631,36.148363847224125,0.001315946478043144
273.0168762207031,273.61522314661676,271.6107000753325,271.9497734782625,23715200,0.0013168127155420706,0.359039306640625,2.004523071284268,1.0671027424406248,272.1193054199219,272.3307281494141,275.93890686035155,271.2333010864258,0.007798250015338623,273.5714524477793,0.0897216796875,-4.507720947265625,-5.076171875,0.10191526731035516,25872280.0,-0.0014973429371301084,0.005323766193815027,0.005129732868573544,0.005437604202852997,0.00032873855970239063,-0.01624259973085329,-0.018253501515985704,1.003298445876143,0.9894105884780966,1.0065757970246765,39.068314026479364,-0.0024871571416660047
272.33868408203125,273.3359694836473,271.54086793463244,272.06942798009953,22139600,-0.0024840667289872664,-0.678192138671875,1.7951015490148734,0.2692561019317168,272.5401550292969,272.22800903320314,275.4392654418945,271.65284545898436,0.00681328148392944,273.4540459367557,2.104248046875,-1.027191162109375,-9.992828369140625,-0.06643840237484822,22985840.0,0.0013168127155420706,-0.0014973429371301084,0.005323766193815027,-0.009866070345355471,0.007786750192715131,-0.0037575690864559697,-0.03539395330823669,0.9992607660062276,0.9887431395996177,1.002524687793673,39.130434782608695,-0.004477515493673457
